system,seed,case,n,status,solved,first_ok,moves,sec
M4,0,hqIoM,1,solved,True,True,e5g4 h4h7,0.054740190505981445
M4,0,k6dpr,2,solved,True,True,d6a3 e3h6 h8g8 h6g7,0.06861400604248047
M4,0,TyQfi,1,solved,True,True,f7f6 e8d7,0.020829200744628906
M4,0,lh6m9,2,failed,False,False,f6g5 b6g6 g5g6 g3g4,0.046689748764038086
M4,0,afUS9,1,solved,True,True,e4d3 g4g7,0.01857614517211914
M4,0,2fYsq,1,failed,False,False,h6g5 d4f5,0.01799297332763672
M4,0,VmW3s,1,solved,True,True,d7e6 h6h7,0.01816391944885254
M4,0,A4SSD,1,solved,True,True,f7e7 h5h7,0.01837897300720215
M4,0,lbYsA,1,solved,True,True,h1a1 d2g5,0.01837015151977539
M4,0,eeAhw,1,solved,True,True,c4b4 d1d6,0.017053842544555664
M4,0,Bjwtw,3,solved,True,True,c8f5 e4a8 f5c8 a8c8 e7d8 c8d8,0.080718994140625
M4,0,ujt4M,2,solved,True,True,d4a1 e5g6 h7g6 e3h3,0.03876614570617676
M4,0,K6TqV,2,solved,True,True,f1h2 d3h7 g8f8 h7h8,0.038458824157714844
M4,0,XR5LT,1,solved,True,False,d7c5 b5d6,0.017564058303833008
M4,0,NKIvR,3,solved,True,True,h7h5 h3h5 g6h5 h1h5 f4h6 h5h6,0.05602288246154785
M4,0,qZiGr,1,failed,False,False,h2e2 g4g7,0.0186002254486084
M4,0,X6rPL,2,solved,True,True,a8g8 e6g8 h8g8 f1f8,0.036926984786987305
M4,0,DOKo1,1,failed,False,False,e8d8 e5e7,0.01865410804748535
M4,0,ggHID,2,failed,False,False,g8g7 d5f6 g7f8 f6h5,0.0893709659576416
M4,0,2TwW1,1,solved,True,True,d7e5 c2h7,0.018641948699951172
M4,0,dxy0q,1,solved,True,True,f6g8 h6f7,0.018693208694458008
M4,0,AYNH5,1,solved,True,True,g5f4 b7e7,0.019473791122436523
M4,0,r2KUG,1,failed,False,False,e7e6 d5d6,0.017843961715698242
M4,0,u6YDW,2,solved,True,True,g8g7 f7f8 g7g8 f8g8,0.0368800163269043
M4,0,aQXoi,2,failed,False,False,c7c6 a6a8 c8d7 b5c6,0.10210585594177246
M4,0,7Ucx1,2,solved,True,True,e7f5 e4f6 d8f6 h6h7,0.039045095443725586
M4,0,556fD,1,failed,False,False,g8g7 h3h8,0.017215251922607422
M4,0,D0VJR,1,solved,True,True,a8a7 d1d8,0.018488168716430664
M4,0,qkNI2,3,failed,False,True,b6d4 d3h7 g8h7 d1h5 h7g8 h5g6,0.0565800666809082
M4,0,8LWk6,1,failed,False,False,e6d5 a4b5,0.0174868106842041
M4,0,4fSbf,1,failed,False,False,e7e5 d1d8,0.01765131950378418
M4,0,whsmx,1,solved,True,True,e7c8 f6g7,0.017512083053588867
M4,0,fcsLs,2,solved,True,True,c1g1 d5e7 g8h8 f3h3,0.036112070083618164
M4,0,IVkAk,1,solved,True,True,f6g6 h5h8,0.018518924713134766
M4,0,sKHQB,2,failed,False,False,a8c8 d7d8 c8d8 e7d8,0.0896608829498291
M4,0,albPE,2,failed,False,False,e3d2 f7c7 d5c7 g3c7,0.09318399429321289
M4,0,vXiIM,2,solved,True,True,e4c3 d1d8 e6e8 d8e8,0.04102802276611328
M4,0,suxCB,2,failed,False,False,g7g6 e1e8 d8e8 f5g6,0.09031081199645996
M4,0,C151V,3,solved,True,True,d7e7 a1a8 b7b8 a8b8 e7e8 b8e8,0.057711124420166016
M4,0,SbU9r,2,solved,True,True,f2g3 d7f7 g8h8 f7g7,0.03654623031616211
M4,0,I26jB,2,solved,True,True,b1f1 e4f6 h7h8 f7e8,0.03671693801879883
M4,0,oppgy,1,solved,True,True,d6c5 b7b4,0.017735004425048828
M4,0,BB8jl,1,solved,True,True,e3b3 b4f8,0.017601966857910156
M4,0,W9VuK,2,failed,False,False,h4f5 d3f5 f4f5 g2g4,0.09121417999267578
M4,0,AobjA,2,solved,True,True,g2a2 f1h1 a2h2 h1h2,0.0392298698425293
M4,0,R9nbR,4,failed,False,False,g8h7 g6h6 d2h6 d8h4 h6h4 f1f7 h4h3 h1g1,0.21573209762573242
M4,0,0TyOf,1,failed,False,False,f5e4 f8f4,0.021277904510498047
M4,0,FUDbs,5,solved,True,True,g8h8 d1h5 h8g8 h5h7 g8f8 h7h8 f8e7 h8g7 e7e6 g7f7,0.11609292030334473
M4,0,891DR,1,solved,True,True,c8c2 a4e8,0.019955873489379883
M4,0,P3ioK,2,failed,False,False,d2b2 c3c2 b2c2 c5d4,0.09320425987243652
M4,0,SP9ub,2,solved,True,True,e7d7 g8h8 d7h7 h8h7,0.040617942810058594
M4,0,hhbSf,3,solved,True,True,c6b5 a5c7 b8a8 c7c8 h8c8 c5c8,0.055992841720581055
M4,0,o4YuC,2,solved,True,True,c2d4 h3h8 e3e8 h8e8,0.03581380844116211
M4,0,qaFdI,2,failed,False,False,f4g3 b4b7 c8b7 d1d7,0.08955812454223633
M4,0,uYu2z,1,failed,False,False,f7e6 h5h7,0.01950216293334961
M4,0,DiKTi,2,failed,False,True,a6c7 e2h5 h7g7 h5h6,0.03632211685180664
M4,0,K1xcc,2,failed,False,False,e5g4 f6f3 b8h2 g1f1,0.03862500190734863
M4,0,pjTL2,1,solved,True,True,c5d4 c6e7,0.017759323120117188
M4,0,ZGn4Y,1,solved,True,True,g6g5 f3f4,0.016967296600341797
M4,0,kEsGW,1,solved,True,True,h5d5 c6c7,0.018283843994140625
M4,0,FU3dp,3,solved,True,True,f7g6 d7e8 g6g5 e8h5 g5f4 h5f5,0.05599784851074219
M4,0,PgNHa,1,failed,False,False,c7c4 d4d8,0.01758098602294922
M4,0,mCD3O,2,failed,False,False,d2d1 e3e6 c4e6 c5e7,0.08949017524719238
M4,0,lR1Ch,1,solved,True,True,h7h5 g4g6,0.023000717163085938
M4,0,RkToJ,2,solved,True,True,f5h3 d6f8 f7f8 f1f8,0.041216135025024414
M4,0,5k7Fh,2,failed,False,True,d8f8 e4f6 g8h8 h6f8,0.03601503372192383
M4,0,ICNA0,2,solved,True,True,d2c4 d1d8 f6e8 d8e8,0.03724169731140137
M4,0,xXU0e,1,failed,False,False,b5b4 f2a7,0.018158912658691406
M4,0,37WT3,3,failed,False,False,e7d6 d5e7 d6e7 e4h7 g8h7 a1g7,0.16255807876586914
M4,0,HdZqe,1,solved,True,True,e7e6 g3g7,0.020501136779785156
M4,0,Q7rli,3,solved,True,True,c3e3 b7f7 g8h8 f7f8 c8f8 f1f8,0.055288076400756836
M4,0,9v2ib,2,solved,True,True,d8d2 b7f7 f8f7 e1e8,0.03674602508544922
M4,0,QTQbI,1,solved,True,True,c8f5 h4f6,0.01848316192626953
M4,0,lUAza,2,solved,True,True,a6b5 a5a7 b8c8 a7a8,0.03637099266052246
M4,0,9RL87,2,failed,False,False,d7d6 e3f4 h5h4 b4b5,0.08952188491821289
M4,0,N6oJK,2,failed,False,False,e2g2 h7h8 d7a4 b2b3,0.09208822250366211
M4,0,R0NAX,1,solved,True,True,a4c6 g3g7,0.01856207847595215
M4,0,WDvdd,2,solved,True,True,g3f2 d3d8 f8d8 d2d8,0.03591775894165039
M4,0,cljRD,2,solved,True,True,b4d4 c7f7 g8h8 f7f8,0.03689122200012207
M4,0,Prbnl,1,solved,True,True,f8e7 h8g7,0.017294883728027344
M4,0,AcIoO,2,solved,True,True,h4g3 d1h5 h6h5 a7h7,0.034750938415527344
M4,0,N7p9r,2,solved,True,True,c8c7 b7b8 c7c8 b8c8,0.03581428527832031
M4,0,LRl9k,1,failed,False,False,e5e3 h4g6,0.01802682876586914
M4,0,wdUVx,2,failed,False,False,e8e5 c4e6 d7e6 g2h3,0.0906221866607666
M4,0,D6Kkv,1,solved,True,True,d3b3 e5e8,0.01769089698791504
M4,0,aewA4,2,solved,True,True,f6e4 f3f7 f8f7 d1d8,0.03822517395019531
M4,0,ovBcf,2,solved,True,True,e4g3 e2e8 g8e8 e1e8,0.036238908767700195
M4,0,PjdmG,1,solved,True,True,g7h6 f4h6,0.01752018928527832
M4,0,rGV71,1,solved,True,True,a6c6 d7h7,0.017114877700805664
M4,0,ON3Kf,2,failed,False,False,d8c8 b5a7 c8b8 d4d8,0.09066486358642578
M4,0,6LtSH,2,failed,False,False,c6d4 c7f7 f6f7 d6e7,0.09546399116516113
M4,0,zYLh3,1,failed,False,False,f5f8 h7f6,0.018838167190551758
M4,0,M8GeZ,2,failed,False,False,b7b6 d8f8 d7f8 d3c4,0.08951306343078613
M4,0,CXelK,2,failed,False,False,f7f5 b1b8 e8b8 d4d5,0.0914008617401123
M4,0,9LZ3U,3,solved,True,True,h7g8 h3h8 g6h8 e4f6 g8f8 d2h6,0.06041908264160156
M4,0,OhIcy,1,failed,False,False,g8f7 g2g7,0.018259048461914062
M4,0,aqEaD,3,solved,True,True,h8h7 g3g6 h7h8 g6h5 f8h6 h5h6,0.052774906158447266
M4,0,Y7NgO,3,solved,True,True,e3e2 f1f8 b3g8 f8g8 h8g8 e5e8,0.05492091178894043
M4,0,5LaYP,2,failed,False,False,f3f1 e7a7 f1c1 c4d3,0.09239006042480469
M4,0,jks1R,2,solved,True,True,b5e2 f3f7 g8h8 f7g7,0.039177894592285156
M4,0,rfydj,2,solved,True,True,h8g8 h5h7 g8f8 h7h8,0.03532099723815918
M4,0,I240S,1,solved,True,True,e7f7 c8e6,0.018188953399658203
M4,0,YhMcy,2,solved,True,True,g4e3 e6f7 e8f8 d1d8,0.03678417205810547
M4,0,rW7nv,2,solved,True,True,c1f1 h1h8 g8f7 h8f8,0.03513288497924805
M4,0,AeUbM,2,failed,False,False,d2f2 h6h8 g8g7 h4f6,0.09018588066101074
M4,0,SQgg8,1,solved,True,True,a3b5 a7g7,0.018539905548095703
M4,0,mwg1y,4,solved,True,True,h6h5 a7h7 h5g4 h7h4 g4h4 f8h6 h4g4 h6g5,0.0734708309173584
M4,0,7OsyB,2,failed,False,False,e7d6 c6b7 c5b7 g2b7,0.09166193008422852
M4,0,5mlgE,2,solved,True,True,b2f2 h6g7 f8g7 g4g7,0.0355379581451416
M4,0,h3Lp3,2,solved,True,True,b6c6 g4f6 g7f6 c2h7,0.03714323043823242
M4,0,C0HGb,2,failed,False,True,b8c7 a6b7 c7d6 b7e7,0.035629987716674805
M4,0,RYVDe,2,solved,True,True,f4h6 e4f6 h7h8 f7e8,0.036131858825683594
M4,0,sCRZa,3,solved,True,True,d1d2 b7f7 g8h8 f7f8 d8f8 f4f8,0.054435014724731445
M4,0,mn0py,1,solved,True,True,e8e7 c7e7,0.018204927444458008
M4,0,jbgxG,3,failed,False,True,d5f4 e7f7 f8f7 g5e7 f7g8 e1e6,0.11005806922912598
M4,0,wY0ck,2,failed,False,False,a3d6 c7f7 f6f7 g4g5,0.09085893630981445
M4,0,ymsSe,3,failed,False,False,h5g6 e5g5 g6d3 f1g1 g7g6 c5c8,0.16689300537109375
M4,0,O2QMj,2,failed,False,True,e1c3 g5g6 f7e7 g6g7,0.03607606887817383
M4,0,XRKFi,3,solved,True,True,d3c3 e8f8 g8f8 e5d7 f8g8 e1e8,0.05570387840270996
M4,0,gMpO0,1,solved,True,True,c7d6 h4h7,0.017223119735717773
M4,0,Nt4a1,1,failed,False,False,a8e8 g7g8,0.018197059631347656
M4,0,6Fk2R,2,solved,True,True,d7b6 d6d8 e7e8 d8e8,0.03806591033935547
M4,0,cADfn,2,solved,True,True,f7f6 e1e8 g8f7 e8f8,0.03565812110900879
M4,0,AKlb4,2,solved,True,True,c8f8 e4h7 g8h8 f2f8,0.03588104248046875
M4,0,Vptjp,1,solved,True,True,e7g5 e4h7,0.017393827438354492
M4,0,UWrxT,1,solved,True,True,a8d8 e4h7,0.017890214920043945
M4,0,WMgW7,3,failed,False,True,d8g5 f3f7 g8h8 f7e8 a4e8 f1f8,0.11073613166809082
M4,0,54Pcp,2,failed,False,True,f8f7 h6h8 f6h8 h4h7,0.039153099060058594
M4,0,lDlWS,3,solved,True,True,f7f4 h4g6 h7g6 b3h3 f4h4 h3h4,0.05615711212158203
M4,0,24zdl,1,failed,False,False,g7h7 f6g7,0.018591880798339844
M4,0,y97oA,2,failed,False,True,f3b3 g2d5 g8h8 d5e5,0.036428213119506836
M4,0,1yfsa,2,solved,True,True,f8e8 h4h7 g8f8 h7f7,0.035289764404296875
M4,0,hqhZp,3,solved,True,True,c5g5 d7f7 f8f7 e1e8 f7f8 e8f8,0.05515313148498535
M4,0,8ixfI,2,failed,False,True,f7c7 e3e8 c8e8 g6e8,0.0350189208984375
M4,0,eABG8,1,solved,True,True,b2a1q g4f6,0.017667293548583984
M4,0,mwVmn,2,solved,True,True,h7h5 c1c8 g8h7 c8h8,0.034651756286621094
M4,0,jbF3R,4,solved,True,True,g6f5 h1h7 g7h7 e6f7 h7h6 d1h1 f6h4 h1h4,0.07331609725952148
M4,0,3himt,2,failed,False,False,e3e2 g5f6 e2e1q e4e8,0.0924527645111084
M4,0,aZW7R,3,solved,True,True,b3b6 e6e8 g6e8 e2e8 d7f8 e8f8,0.05647993087768555
M4,0,M9HjN,1,solved,True,True,a6d6 e4h4,0.01729893684387207
M4,0,DQjJH,1,solved,True,True,e5f4 g3g7,0.01795506477355957
M4,0,wy8aP,1,failed,False,False,h8g8 a8d8,0.018321990966796875
M4,0,8FXQx,2,failed,False,False,g8f8 a7d7 d8d7 e7g6,0.09071731567382812
M4,0,IS8Wv,3,solved,True,True,a5a6 f5g7 e8f8 g7e6 f7e6 d6d8,0.058679819107055664
M4,0,BTlQJ,2,solved,True,True,f8g8 g3h3 f6h5 h3h5,0.03603005409240723
M4,0,11Xl6,1,solved,True,True,d7e8 f7f8,0.017866849899291992
M4,0,tuqMX,3,failed,False,False,a8b8 d1d8 e8d8 e4d5 c4d5 e5e6,0.16682815551757812
M4,0,ZJb73,2,failed,False,True,f8f7 c6g6 h7h8 g6h6,0.03890705108642578
M4,0,uaGZk,1,solved,True,True,h3h7 b1b8,0.01665496826171875
M4,0,JcEph,3,solved,True,True,d2e2 f4f7 g8h8 f7f8 e8f8 f1f8,0.054235219955444336
M4,0,lxXLD,2,failed,False,False,b4d2 h4f6 g7f6 h7f6,0.09087586402893066
M4,0,IRN5e,1,solved,True,True,c4e6 g4g7,0.01972508430480957
M4,0,dOXsp,1,failed,False,False,a8d8 f1b5,0.017859697341918945
M4,0,ZUWtt,3,solved,True,True,b6c5 e3e8 d8e8 e1e8 g8h7 d4h4,0.05576300621032715
M4,0,4KjKs,1,solved,True,True,g8e7 c2c7,0.01714015007019043
M4,0,CfKgq,2,failed,False,False,f8h6 e1e8 g8e8 d6d7,0.08959102630615234
M4,0,KH78K,2,solved,True,True,g3f2 f3f7 g8h7 f7g7,0.03716707229614258
M4,0,qwodg,2,solved,True,True,d7d5 d2h6 h8g8 h6g7,0.036011695861816406
M4,0,YUH9Q,1,solved,True,True,f4h2 g2g4,0.017605066299438477
M4,0,a4zeM,4,failed,False,True,f8f7 d1d8 f7f8 h5e8 f8e8 d8d5 c6d5 g2g3,0.18364310264587402
M4,0,TCEyG,2,failed,False,False,b2a1 d1h5 c5b4 e1e2,0.09141230583190918
M4,0,f3jwf,2,failed,False,False,c6c3 b2b4 a5b4 g2g4,0.09143877029418945
M4,0,qNhbF,3,solved,True,True,f8e8 e2e8 d8e8 e1e8 g6e8 b7g7,0.05473804473876953
M4,0,x0jFP,2,solved,True,True,b2a2 h4h6 g7h6 g6h6,0.03650498390197754
M4,0,i4ENZ,3,solved,True,True,a8e8 h5f7 f8f7 e1e8 f7f8 e8f8,0.05455589294433594
M4,0,PtZsv,2,solved,True,True,f5c2 f3f7 e8d8 g5e6,0.035395145416259766
M4,0,HvMnE,2,solved,True,True,h6f8 f2f8 d6d8 f8d8,0.03505110740661621
M4,0,5HceD,2,solved,True,True,f7g7 e6e8 d8e8 e1e8,0.03546905517578125
M4,0,AeY7B,2,failed,False,False,g4h3 c4c8 b5g5 g1h1,0.09036397933959961
M4,0,mOM2L,1,solved,True,True,g6d3 g4g7,0.018100976943969727
M4,0,PKNgE,1,solved,True,True,f6d5 f5h7,0.017734766006469727
M4,0,DM5OK,2,solved,True,True,d4d3 g6h6 g7h6 b6h6,0.03614521026611328
M4,0,QaTBd,1,failed,False,False,b1b2 f7c7,0.0177152156829834
M4,0,iepMy,2,failed,False,False,c6e4 g6g7 f3g2,0.019510746002197266
M4,0,DUHs5,1,solved,True,True,a7g7 f6g7,0.018246173858642578
M4,0,rBDof,2,failed,False,False,b7f3 h4f6 d8f6 d3e4,0.09246492385864258
M4,0,l6Kvs,1,failed,False,False,e6e5 b3f7,0.01747727394104004
M4,0,dpWj7,1,solved,True,True,h4f5 f2f4,0.018984317779541016
M4,0,EDcEo,2,solved,True,True,e7e6 g5g8 f8g8 h6f7,0.037129878997802734
M4,0,duwNx,2,solved,True,True,b4a4 c7f7 g8h8 f7f8,0.036049842834472656
M4,0,oN5X9,2,failed,False,False,d8d2 b1b8 a8b8 g7b7,0.09223794937133789
M4,0,giysy,2,solved,True,True,f8g8 d1h5 g7h6 h5h6,0.036131858825683594
M4,0,4nUz6,2,solved,True,True,f7e6 d1g4 g8f7 g4g7,0.03673219680786133
M4,0,OqiEo,3,failed,False,False,e7e3 h6h7 c1e1,0.02007603645324707
M4,0,O3zKp,3,solved,True,True,b6d4 f3f7 g8h8 f7f8 d8f8 f1f8,0.05414104461669922
M4,0,oddiT,2,failed,False,True,f6e5 h4g6 h7g6 b4f8,0.037367820739746094
M4,0,K0nDx,2,solved,True,True,f4g3 e1e8 g7g8 d3h7,0.03554892539978027
M4,0,6OXTJ,1,solved,True,False,g8f7 g6g7,0.017688989639282227
M4,0,okIau,1,failed,False,False,c4a4 f6f7,0.01648116111755371
M4,0,aKdQx,2,solved,True,True,b2a3 g4g5 h6g5 h4g5,0.03576993942260742
M4,0,Ci1ei,4,solved,True,True,c4b3 e7f7 f8f7 d1d8 c6e8 d8e8 f7f8 f4f8,0.0716390609741211
M4,0,5h4cd,2,solved,True,True,c8g4 f3f7 g8h7 f7g7,0.035359859466552734
M4,0,Sx3Uj,2,failed,False,False,d2d4 e6g8 d4e4 g2g3,0.08879899978637695
M4,0,hQpfH,4,solved,True,True,g8h8 g5f7 h8g8 f7h6 g8h8 d5g8 f8g8 h6f7,0.0731050968170166
M4,0,zIj73,1,solved,True,True,a3g3 f4f5,0.018194913864135742
M4,0,ICWp6,2,solved,True,True,e8f8 d7d8 a8d8 d1d8,0.037370920181274414
M4,0,0DYF0,1,failed,False,False,c6d5 e5e7,0.016746044158935547
M4,0,om3XR,1,solved,True,True,g8g7 a8f8,0.01771402359008789
M4,0,9QAcc,3,solved,True,True,g8g7 h1h7 g7h7 d2h2 h7g7 h2h6,0.05542922019958496
M4,0,OWKQ3,3,failed,False,False,f7g8 d5e7 g8f8 e7g6 h7g6 d7d8,0.16279101371765137
M4,0,GoTJy,1,solved,True,True,g8h8 d2h6,0.019083023071289062
M4,0,7Iha7,2,solved,True,True,e2f2 b7b8 g8h7 d1h5,0.0399479866027832
M4,0,GrSXs,1,solved,True,True,f6g5 c2h7,0.01759791374206543
M4,0,b6uPl,1,failed,False,False,h5c5 h7h8,0.017912626266479492
M4,0,wDmxs,3,solved,True,True,e7e8 c4d6 e8f8 d7d8 f8e7 d8e8,0.05219292640686035
M4,0,iNuEI,2,failed,False,False,e6d5 b7f7 d5f7 f1f7,0.09043407440185547
M4,0,xLnum,2,solved,True,True,g7h8 d2h6 f6h7 h6g7,0.0383150577545166
M4,0,4k6AO,2,failed,False,False,g8h8 g5f6 b4b3 g6g7,0.08942604064941406
M4,0,3JoDy,1,solved,True,True,e8e7 d1d6,0.01982903480529785
M4,0,XVp5w,1,solved,True,True,g4d1 c4f7,0.017605066299438477
M4,0,KZjas,1,solved,True,True,e8d7 g6e6,0.01867389678955078
M4,0,9Jpq0,1,solved,True,True,f7e6 d3g6,0.01921701431274414
M4,0,2hIXp,2,failed,False,False,c6d4 f4f7 e8f7 f3g5,0.09267807006835938
M4,0,yThwa,2,failed,False,True,g7a1 f2f7 g8h8 f7f8,0.03814411163330078
M4,0,8vzsS,2,solved,True,True,a8a2 b6b8 e7e8 b8e8,0.035425662994384766
M4,0,V5TwO,2,solved,True,True,e8e6 f2f7 g8h8 f7g7,0.03660702705383301
M4,0,IaUQu,2,failed,False,False,d5e3 g3g7 h8g7 h4g6,0.08934593200683594
M4,0,9BDr3,3,solved,True,True,d6a6 d5e7 c8b8 d2d8 h8d8 d1d8,0.05542182922363281
M4,0,SQz5N,2,failed,False,False,d6c5 f1f7 g8f7 g3h4,0.08954715728759766
M4,0,yjspP,2,failed,False,False,e5f4 e7e5 f4e5 f2f3,0.09056210517883301
M4,0,W3TgF,1,failed,False,False,c6f3 h8h6,0.020728111267089844
M4,0,827li,2,failed,False,False,b8c6 e5g6 h7g6 f7f8,0.08947396278381348
M4,0,p7QbV,1,solved,True,True,e3e2 f4f8,0.018276214599609375
M4,0,ivwub,2,failed,False,False,b3d4 g6h6 h7h6 g1h2,0.09302091598510742
M4,0,xetqG,1,solved,True,True,d8c6 h3e6,0.019383907318115234
M4,0,Msiau,2,solved,True,True,b2c3 h6h7 g8h8 h4f6,0.03755784034729004
M4,0,JDC1l,2,solved,True,True,a5e1 d1d8 e7e8 d8e8,0.035369157791137695
M4,0,UTdcK,1,solved,True,True,e8e7 h5f7,0.01688694953918457
M4,0,huc0d,1,solved,True,True,d8d7 e4h7,0.018861055374145508
M4,0,lfySZ,2,failed,False,False,e5h5 a6e6 f7e6 h6g7,0.08952498435974121
M4,0,YaEzG,2,failed,False,False,f5d3 a6e6 e5e6 g4g5,0.09233784675598145
M4,0,nFwPL,1,solved,True,True,d8d7 e4e8,0.02028679847717285
M4,0,G2KkV,3,failed,False,False,g8f8 e5h8 f8e7 g3g8 b2c1 g1h2,0.1669156551361084
M4,0,SkqW5,1,solved,True,True,f1b5 b7f7,0.01881694793701172
M4,0,eovaS,3,solved,True,True,a8g8 h1h7 h8h7 f3h3 h7g6 h3h6,0.054357051849365234
M4,0,fUlaZ,2,failed,False,False,f6g7 h6g7 g8g7 f5g5,0.09198999404907227
M4,0,1fZTC,2,solved,True,True,b3a2 e6h6 g7h6 d2h6,0.036952972412109375
M4,0,EEXmu,3,solved,True,True,d2d1q b6b7 a8a7 b7b8q a7a6 b8b6,0.05418896675109863
M4,0,qWlsh,1,failed,False,False,f7g6 d5f6,0.01780104637145996
M4,0,q0paG,2,failed,False,False,e4f2 h4h8 g8h8 f3g5,0.0893411636352539
M4,0,TYdr2,1,failed,False,False,g6f6 g5e4,0.01855182647705078
M4,0,a5ozU,1,solved,True,True,g8b8 a6c7,0.018512248992919922
M4,0,QLBAg,2,solved,True,True,h3g2 h5g4 g8h8 g4g7,0.03764200210571289
M4,0,eei8y,2,failed,False,False,a8e8 e3g3 g6f7 b7b8,0.0918278694152832
M4,0,GhGXq,2,solved,True,True,f8b8 c4f7 h7h8 f7g7,0.039476871490478516
M4,0,tvUBH,2,failed,False,True,b2h2 e3e5 g8g7 e5f6,0.03739500045776367
M4,0,1jiv2,2,solved,True,True,g4d1 c4f7 e8e7 c3d5,0.03555607795715332
M4,0,AapBt,1,solved,True,True,f6e4 f3f7,0.01803874969482422
M4,0,MXYI8,2,failed,False,False,h5f5 b7b6 f5f2 g2h1,0.09002113342285156
M4,0,A2xeZ,1,solved,True,True,e5g3 f5h7,0.01851177215576172
M4,0,OiuCc,1,solved,True,True,f6h5 c4f7,0.018563032150268555
M4,0,GVepH,2,failed,False,False,d4d3 f6h8 c2c1 b1a2,0.08807611465454102
M4,0,T9Vbs,1,solved,True,True,c3a5 g2g7,0.01885700225830078
M4,0,mCTtL,2,solved,True,True,e6d5 e3e8 c8e8 e1e8,0.03810620307922363
M4,0,llvLC,2,failed,False,False,e7g5 f4f7 e8f7 c1g5,0.08893585205078125
M4,0,PyJyb,2,failed,False,False,a8d8 b7d7 d8d7 f7d7,0.0951228141784668
M4,0,6Mh5o,2,failed,False,True,d8e8 a7a8 c8d7 e1e8,0.037767887115478516
M4,0,2A2zz,2,solved,True,True,e8d7 g8f7 d7c6 f7c7,0.03484487533569336
M4,0,gDyew,2,failed,False,False,f6e8 b2f6 e7f6 g3g4,0.09069681167602539
M4,0,7ofzl,2,failed,False,True,f7g6 c2g6 g7f8 g6g8,0.03794503211975098
M4,0,tsL31,1,solved,True,True,f8f6 h4f6,0.01771998405456543
M4,0,6MkYR,3,solved,True,True,g8h7 c2h2 e6h3 h2h3 h7g8 h3h8,0.05561685562133789
M4,0,5xLiE,1,failed,False,False,b7b6 h5h6,0.016886234283447266
M4,0,jHUiB,1,failed,False,False,c8c7 a8a7,0.018285036087036133
M4,0,NrNIt,2,solved,True,True,a8e8 e1e8 d7f8 d5e7,0.035479068756103516
M4,0,QmnyR,3,failed,False,True,f8f4 h3h8 f4f8 h8f8 e6c8 f8d8,0.05465197563171387
M4,0,JReTK,4,failed,False,False,a8d8 c7f7 g7f7 h1h7 f7f6 h7f7 f6f7 f3f4,0.23560500144958496
M4,0,7Wa0y,2,solved,True,True,f4d3 d2h6 g7g8 h6h8,0.038446903228759766
M4,0,My1Ts,1,solved,True,True,c5d4 h5e8,0.017307043075561523
M4,0,WNVP9,3,failed,False,True,b4c3 e6e8 g8f7 e4g6 f7g6 e1e7,0.1107029914855957
M4,0,CYEq0,3,failed,False,False,g8g7 h5h7 g7h7 g5f7 f5f7 h4h5,0.16742515563964844
M4,0,D0YsM,2,failed,False,False,f5g4 f7f4 h2f4 g5e4,0.09235715866088867
M4,0,nfyqk,1,solved,True,True,f5g7 g8h8,0.01824474334716797
M4,0,7KZt5,2,solved,True,True,e5d4 e4e8 d7d8 e8d8,0.039903879165649414
M4,0,0RXFe,1,solved,True,True,c5d4 c2h7,0.01697683334350586
M4,0,Uv56L,2,solved,True,True,a3a2 b4b8 e6c8 b8c8,0.03663992881774902
M4,0,1DZCV,2,failed,False,False,a8d8 g1g6 d4g7 g6g7,0.08999300003051758
M4,0,YYMmo,2,solved,True,True,f8g8 h6h7 h8h7 d2h6,0.03914332389831543
M4,0,pWmaP,2,failed,False,False,f2h1 f3e5 d6e5 g5e7,0.08815789222717285
M4,0,8Eaxa,1,failed,False,False,d6c5 f4c1,0.018958091735839844
M4,0,cfo50,1,solved,True,True,f8f6 g6h7,0.017780065536499023
M4,0,6iVFf,2,failed,False,False,f2b2 g4c8 a8c8 d3b5,0.09232282638549805
M4,0,XRhTS,1,solved,True,True,g8g7 c3g7,0.01887679100036621
M4,0,aAsR7,1,solved,True,True,e8e6 f6g7,0.01795029640197754
M4,0,WAoam,1,solved,True,True,g4h3 g3g7,0.01828479766845703
M4,0,Hpdzj,1,solved,True,True,d6b6 e4h7,0.01837897300720215
M4,0,sbwKs,3,failed,False,True,e8e7 d3d8 e7e8 d8e8 f8e8 e3c5,0.10846996307373047
M4,0,jtJog,2,solved,True,True,e8d6 g6f8 h7g8 e4h7,0.03838920593261719
M4,0,XPedG,1,failed,False,False,d7c6 c1f4,0.017702817916870117
M4,0,8Kinj,2,solved,True,True,h6e6 e8f8 f7f8 f1f8,0.03551626205444336
M4,0,VHzhe,3,failed,False,True,f8g7 g3e5 e6e5 h4g6 e5e1 h1h2,0.11019492149353027
M4,0,TcPki,2,solved,True,True,b5c4 c6e7 g8h8 f1f8,0.040016889572143555
M4,0,ikOoD,2,solved,True,True,e7d5 e3e8 d8e8 e1e8,0.03437304496765137
M4,0,pHbUy,2,failed,False,True,c6d7 h3h7 h8h7 e3h3,0.03594088554382324
M4,0,pzcAJ,3,solved,True,True,e5c4 h5e8 a8e8 f2f8 e8f8 e7f8q,0.05598902702331543
M4,0,fEC86,1,failed,False,False,g8f7 a8e8,0.01679706573486328
M4,0,TX2F1,1,solved,True,True,e1e3 g4g7,0.01812005043029785
M4,0,4eBQg,1,solved,True,True,e8g8 g7f7,0.017453908920288086
M4,0,ygZv5,2,solved,True,True,f8d8 e7f7 g8h8 f7h7,0.03655719757080078
M4,0,u86DF,1,solved,True,True,e7c6 g4h6,0.01801896095275879
M4,0,log7U,3,solved,True,True,g6h7 g5g6 h7g8 a6a8 b3b8 a8b8,0.05408287048339844
M4,0,6YyWL,1,solved,True,True,g7f6 f7h7,0.017519235610961914
M4,0,JbfQP,1,solved,True,True,e5e4 c3g7,0.017802000045776367
M4,0,VdCgp,2,solved,True,True,a5a2 g4h6 g8f8 b2h8,0.03576087951660156
M4,0,zim1D,1,solved,True,True,e7e6 g5g7,0.018505096435546875
M4,0,E3FRr,2,solved,True,True,f8f2 e6h6 h8g8 h6g7,0.03573203086853027
M4,0,suM2l,2,solved,True,True,h7g8 d1d8 e6e8 d8e8,0.034841060638427734
M4,0,cqWYR,1,solved,True,True,c1d1 g3b8,0.017781972885131836
M4,0,yRAlo,1,failed,False,False,f2f5 g8c8,0.018387794494628906
M4,0,DmRGe,1,solved,True,True,f6h7 c2h7,0.018141984939575195
M4,0,gF1ex,1,solved,True,True,g5g4 a7a8,0.01758098602294922
M4,0,thCqS,2,failed,False,False,f7f6 d4d6 e5d6 f2f4,0.09077596664428711
M4,0,5k5WX,2,solved,True,True,b3c4 b2b8 c6c8 b8c8,0.037531137466430664
M4,0,o8EWD,1,solved,True,True,f2h1 f3b7,0.01745295524597168
M4,0,RmoeX,3,solved,True,True,f8c8 h2h7 g8f8 h7h8 g6h8 h1h8,0.053106069564819336
M4,0,hqi90,3,failed,False,True,f7g7 h5h6 g7h7 h6g7 h7g7 g2g7,0.1097879409790039
M4,0,vSbAY,3,solved,True,True,a6b5 f3f7 g8h8 f7f8 e8f8 f1f8,0.05639815330505371
M4,0,T7KKz,3,solved,True,True,c7e5 f3f7 g8h8 f7f8 c8f8 f1f8,0.05295681953430176
M4,0,mhb0X,1,solved,True,True,h2d2 c7a7,0.017559051513671875
M4,0,SpitR,2,solved,True,True,d1a1 e2e8 g8g7 h5h6,0.03767991065979004
M4,0,LGjMw,2,failed,False,False,b5a4 e7a7 b8a7 f2a2,0.08934617042541504
M4,0,KcZy8,2,failed,False,False,e5d4 a8d8 d4d8 c6e8,0.09131693840026855
M4,0,72vv6,1,solved,True,True,d8e7 h6g7,0.01938915252685547
M4,0,FhX06,1,solved,True,True,c4c2 g3g7,0.018988847732543945
M4,0,ZuDr7,2,solved,True,True,f3h3 d1d8 h8d8 e7d8,0.03662276268005371
M4,0,rb7IX,1,solved,True,True,c6e7 g3g7,0.018049001693725586
M4,0,cAfHf,1,failed,False,False,b6a5 f4c7,0.01767420768737793
M4,0,lBM25,2,failed,False,False,e4c3 f3f7 e8f7 d1d7,0.08966994285583496
M4,0,Qb4i9,2,solved,True,True,d5d4 d7d8 c8d8 g5d8,0.03862285614013672
M4,0,w4rqO,1,solved,True,True,f6e4 g3g7,0.017077922821044922
M4,0,cfXhk,2,solved,True,True,f4f5 h7h8 f5f8 h8f8,0.03715825080871582
M4,0,CpZxv,1,solved,True,True,f7h6 f6f7,0.017215967178344727
M4,0,IaNfl,2,solved,True,True,a8f8 f1f8 h8h7 a2g8,0.03490900993347168
M4,0,viv5R,2,failed,False,False,f7g6 h4h7 h8h7 f2f4,0.08864998817443848
M4,0,fZHhN,2,solved,True,True,f8c8 d3d8 c8d8 d2d8,0.03764200210571289
M4,0,y5Xa1,2,solved,True,True,f8f7 d1d8 e5e8 d8e8,0.036077260971069336
M4,0,uOBMr,2,failed,False,False,a2a1 f6g7 a1g7 g4g7,0.08980989456176758
M4,0,NFwzR,1,solved,True,True,g7h6 f7h7,0.02015089988708496
M4,0,EZ8tJ,2,failed,False,False,d4g4 h6g7 c3g7 f7f8,0.08974599838256836
M4,0,emjUY,2,solved,True,True,b3c3 e6e8 b8e8 d7e8q,0.03691291809082031
M4,0,HAodT,2,solved,True,True,f8b4 b5e8 b4f8 e8e6,0.03707528114318848
M4,0,6RM0c,2,solved,True,True,e6f5 e2a6 c8b8 a6b7,0.03583407402038574
M4,0,8MLCn,2,failed,False,True,b3b2 g6h6 g7h6 g1g8,0.03563880920410156
M4,0,4fS3J,1,failed,False,False,g7h6 e7h7,0.017336130142211914
M4,0,WqzRf,4,failed,False,True,f6g7 h1h7 g7h7 f4f7 h7h6 d1h1 h6g5 h1h5,0.07162332534790039
M4,0,y6AtZ,1,solved,True,True,g7f6 a7f7,0.017360925674438477
M4,0,8GKHU,2,solved,True,True,g8f8 h7h8 f8e7 h8g7,0.035633087158203125
M4,0,0NG5N,1,solved,True,True,f7f2 g5g7,0.017828941345214844
M4,0,I2QX5,2,failed,False,False,h6g5 d1h5 h8h5 d3g6,0.09062385559082031
M4,0,mfJPQ,1,solved,True,True,f6e8 e1e8,0.021414756774902344
M4,0,T7pUe,2,failed,False,False,b1c1 e6e8 d8e8 c7d8,0.09398031234741211
M4,0,X6EyY,2,solved,True,True,b4d3 g4c8 e1e8 c8e8,0.038537025451660156
M4,0,JNvJo,2,solved,True,True,g7f6 g5e6 g6g5 h4g5,0.03710484504699707
M4,0,muY2e,1,solved,True,True,d7f6 h7f7,0.01716899871826172
M4,0,nPnkc,1,failed,False,False,a8e8 h5h6,0.01810598373413086
M4,0,rnAbM,2,solved,True,True,a2c1 f5e7 g8h8 f2f8,0.036858320236206055
M4,0,XlU3b,2,solved,True,True,f8e8 e4e8 c8e8 e2e8,0.03610801696777344
M4,0,BKyD2,2,solved,True,True,g6g5 f7h7 e4h7 d7h7,0.03639817237854004
M4,0,sHel1,3,solved,True,True,d8d7 g5d8 d7d8 d1d8 c6e8 d8e8,0.05450701713562012
M4,0,BBrYh,2,solved,True,True,e8f8 d1d8 e7e8 d8e8,0.034651994705200195
M4,0,LMZyj,1,solved,True,True,d8d6 f4f7,0.01787114143371582
M4,0,NqWAR,2,failed,False,False,a4d4 f6g7 d4g7 g3g7,0.0919039249420166
M4,0,SRg1e,1,solved,True,True,a3a2 d6d8,0.01970386505126953
M4,0,fWkuU,1,solved,True,True,b8c6 h5f7,0.019093990325927734
M4,0,vCNA0,2,solved,True,True,c6e5 b1b8 d7c8 b8c8,0.03803586959838867
M4,0,7q8bV,1,solved,True,True,g4f5 e7g7,0.017309188842773438
M4,0,zQnK4,1,solved,True,True,c6e5 e4h7,0.017345666885375977
M4,0,d5nDU,2,solved,True,True,d7b5 h5h7 h8h7 f4h4,0.03684711456298828
M4,0,9Poz4,1,failed,False,False,f7f8 c4f7,0.01771712303161621
M4,0,g4MHS,2,solved,True,True,b8d8 d1d8 f7f8 d8f8,0.035721778869628906
M4,0,w9AgU,3,failed,False,False,d7c7 f5e5 h2h1q e1d2 g2f2 d2c3,0.07580018043518066
M4,0,lolvy,4,failed,False,True,e7g6 g4e6 g8f8 e6e7 g6e7 h2h8 e7g8 h8g8,0.18443083763122559
M4,0,bJbjR,4,failed,False,False,b6d4 f3g3 d4d1,0.02227020263671875
M4,0,4xWH0,2,solved,True,True,a8a2 b7b8 e6c8 b8c8,0.038422584533691406
M4,0,ZwTGZ,1,solved,True,True,g6g5 d6h6,0.017177104949951172
M4,0,WdEJ8,1,solved,True,True,f6h8 h1h8,0.017190933227539062
M4,0,P27V2,1,solved,True,True,f6e4 d1d8,0.01863694190979004
M4,0,4UcY2,1,solved,True,True,d6f8 h5f6,0.018519163131713867
M4,0,2TkUE,1,solved,True,True,f7f5 e4d6,0.017424821853637695
M4,0,i2NNB,1,failed,False,False,c5d4 e7e4,0.016704082489013672
M4,0,HT7S9,2,failed,False,False,g6g5 d8f6 d2f4 f6f5,0.09041786193847656
M4,0,gMr4N,3,solved,True,True,e2e1 d7a7 a8a7 d6b6 a7a8 b6a6,0.05511593818664551
M4,0,d9814,2,failed,False,True,e3g5 f7f3 g4h4 f3f4,0.03545188903808594
M4,0,dYLUy,2,failed,False,False,c5d6 d7d6 f4d6 g2g3,0.09160113334655762
M4,0,S3ygv,2,solved,True,True,d5e4 f3f7 g8h8 f7g7,0.039955854415893555
M4,0,8AS0L,1,failed,False,False,e7d6 e6f7,0.017372846603393555
M4,0,NgZsP,1,failed,False,False,f6d5 c1c7,0.018496990203857422
M4,0,FRmo7,1,solved,True,True,f6e4 g6g7,0.019479036331176758
M4,0,qZFcI,2,solved,True,True,c6d4 e4f6 g7f6 c2h7,0.03557586669921875
M4,0,T0UO8,1,failed,False,False,h6g5 g6h6,0.01787710189819336
M4,0,OTNyh,1,solved,True,True,f6f8 f5f8,0.017386913299560547
M4,0,RMNaD,2,solved,True,True,e5a1 h5e8 c5f8 e8f8,0.03523731231689453
M4,0,uYNZq,2,solved,True,True,c2e1 c5f8 g8f8 d1d8,0.035730838775634766
M4,0,2J0BX,2,failed,False,True,c4f4 g2g6 f6g6 e8g8,0.03584909439086914
M4,0,YuFPl,1,solved,True,True,d4c3 d3h7,0.017837047576904297
M4,0,4FwTX,1,solved,True,True,d7c5 d3h7,0.016966819763183594
M4,0,DN51o,1,failed,False,False,g6f6 g8d8,0.018151044845581055
M4,0,JOFyZ,2,solved,True,True,e7f8 e4f6 g8h8 h6h7,0.035780906677246094
M4,0,q3YGy,1,solved,True,True,e7f6 f5h7,0.01729893684387207
M4,0,1hxX8,1,solved,True,True,c4d3 a8f8,0.017493009567260742
M4,0,KXLGy,1,failed,False,False,f8e8 e7d7,0.01793527603149414
M4,0,DZy56,1,failed,False,False,e7e6 c6c7,0.018121004104614258
M4,0,3tUpl,1,solved,True,True,c5b3 e7g6,0.018134117126464844
M4,0,3jyK4,3,failed,False,True,f8d8 d2d8 f6d8 d1d8 h8h7 g4g6,0.05317187309265137
M4,0,HzgIr,1,solved,True,False,g8h7 g5h5,0.016778945922851562
M4,0,ccbod,1,solved,True,True,f5d5 e7e8q,0.01822495460510254
M4,0,0wLoE,2,solved,True,True,e8e4 b2b8 e4e8 b8e8,0.03694319725036621
M4,0,mfbdl,3,failed,False,True,b7c6 b5c6 d8d7 b3c4 d7c6 c4b5,0.10757994651794434
M4,0,KQy1o,3,solved,True,True,c7c4 f3f7 f8f7 e6e8 f7f8 e8f8,0.05850505828857422
M4,0,2sNJQ,1,failed,False,False,g8f8 g5h7,0.01883387565612793
M4,0,Lv6Df,1,failed,False,False,a8a5 b6d6,0.017982959747314453
M4,0,1c6Nr,3,solved,True,True,c5c4 d7f7 g8h8 f7f8 a8f8 f1f8,0.05538201332092285
M4,0,I9Wne,1,failed,False,False,d4d6 b7b8,0.01796102523803711
M4,0,rC8Qy,2,solved,True,True,h7h6 e4h7 g8f8 h7h8,0.034684181213378906
M4,0,GcxoY,1,failed,False,False,g5f4 h5e8,0.018166065216064453
M4,0,LSevr,2,solved,True,True,e8f8 d1d8 a4e8 d8e8,0.03692197799682617
M4,0,1bd0m,2,solved,True,True,e5c7 h5e8 g7f8 e8f8,0.035479068756103516
M4,0,HAmyW,1,failed,False,False,f7f6 g5g7,0.017219066619873047
M4,0,a6egW,2,solved,True,True,g8g7 d1d8 g6f8 d8f8,0.036557912826538086
M4,0,pBrfK,2,solved,True,True,d8f8 f6f8 a8f8 f1f8,0.03568410873413086
M4,0,QMZ1H,2,failed,False,False,e2g3 b7g7 g8g7 b2g7,0.08821892738342285
M4,0,qSSE2,1,solved,True,True,a2a1q b7g7,0.019776105880737305
M4,0,PhBmK,3,failed,False,False,e1e8 d5d8 e8d8 d1d8 f8d8 a4e8,0.16595911979675293
M4,0,q8ppP,1,solved,True,True,d7c6 h5f7,0.01777195930480957
M4,0,HVA4K,1,solved,True,True,c8a6 b5d6,0.017565250396728516
M4,0,b9Zm9,1,solved,True,True,d6d5 e4f6,0.0192258358001709
M4,0,vmhFW,1,solved,True,True,h8g8 g4h6,0.018494129180908203
M4,0,UJmc3,2,failed,False,True,c7f7 h3h7 g8f8 h7h8,0.03656196594238281
M4,0,Yq5qy,2,solved,True,True,e5c3 d1d8 e6e8 d8e8,0.03440999984741211
M4,0,SIfZD,1,failed,False,False,c8c7 a8a7,0.01805424690246582
M4,0,NJAzn,1,solved,True,True,c7f7 h5h8,0.018199920654296875
M4,0,dXGD1,3,solved,True,True,b4c3 b7f7 g8h8 f7f8 d8f8 f1f8,0.05485987663269043
M4,0,2GxzK,2,failed,False,False,g7g5 c1c5 d7c5 d3a6,0.08937311172485352
M4,0,pEX7G,2,solved,True,True,g8f8 f4h6 f8g8 e1e8,0.039705753326416016
M4,0,2wtKU,1,failed,False,False,g6f6 g1g6,0.017480850219726562
M4,0,TIiy5,3,failed,False,False,f8g8 g4g8 e8g8 g1g8 h7g8 d3c4,0.1654350757598877
M4,0,yhtQE,1,solved,True,True,c6b4 d5d7,0.0174410343170166
M4,0,9uFnv,2,solved,True,True,d2g5 f7g8 e8g8 h6f7,0.03780698776245117
M4,0,pEtON,2,failed,False,False,h3g3 d2h6 h7h6 h4f4,0.07313323020935059
M4,0,g7f71,1,failed,False,False,e7d6 f3g3,0.018059968948364258
M4,0,Jx9zz,3,solved,True,True,c7f7 g4c8 f7f8 h3e6 g8h8 c8f8,0.05749392509460449
M4,0,S3wxR,2,solved,True,True,g6c2 f3f7 f8f7 b7b8,0.03443288803100586
M4,0,CZexk,2,solved,True,True,h4h3 d5f7 f8f7 d6d8,0.03586602210998535
M4,0,nk9f8,1,solved,True,True,a7c8 a6b5,0.017457008361816406
M4,0,BpNIo,1,failed,False,False,g5h5 h7h8,0.018381118774414062
M4,0,5hW1E,2,failed,False,False,g6g5 c4g4 f5g4 f2f4,0.09371805191040039
M4,0,8oSPA,2,failed,False,False,a8c8 h7d7 d8d7 e3e6,0.09577107429504395
M4,0,pj035,1,failed,False,False,c6c5 d4d8,0.01908397674560547
M4,0,cNyG3,2,solved,True,True,g5h4 d1g4 g8h7 g4g7,0.03760695457458496
M4,0,MUEPn,2,failed,False,False,c7e5 g4d7 e7d7 f1f7,0.0886683464050293
M4,0,rfDaz,2,failed,False,False,b2c3 f5h6 g8h8 g6g7,0.0936281681060791
M4,0,AMvpD,3,solved,True,True,c7d7 h4g5 h6h5 g2g4 f6g4 h3g4,0.05612897872924805
M4,0,84Jz9,2,solved,True,True,d5g2 h5h6 h8g8 h6g7,0.03625988960266113
M4,0,gmFzR,2,solved,True,True,a5c3 d7d8 b8d8 d1d8,0.036582231521606445
M4,0,fiqAX,2,failed,False,False,d6e5 h7e7 d8e7 d5f6,0.0903627872467041
M4,0,cOlXB,2,failed,False,False,f7e8 f5c8 e7c8 c7c8,0.09087109565734863
M4,0,V6xxe,2,solved,True,True,f6d5 d1d5 g8f8 d5f7,0.039663076400756836
M4,0,BGnUV,2,solved,True,True,e8e7 h3h7 g8f8 h7h8,0.03499007225036621
M4,0,pFQfC,2,solved,True,True,a3c3 h4h7 h8h7 g5h5,0.036097049713134766
M4,0,BhONs,1,solved,True,True,a4b2 e1e8,0.017802953720092773
M4,0,d7fi5,1,solved,True,True,g7g6 d5f6,0.01778101921081543
M4,0,KQmRx,2,solved,True,True,c4c3 b3f7 g8h7 f7g7,0.03667497634887695
M4,0,2ENRv,1,solved,True,True,e5d3 g3g7,0.01721787452697754
M4,0,c2Fhq,1,failed,False,False,g5f4 f7d7,0.018129348754882812
M4,0,K1zvZ,2,failed,False,False,a2e2 c8f8 f7f8 f5d6,0.08949971199035645
M4,0,TbK53,2,solved,True,True,g7g8 c2g6 d7g7 e1e8,0.036656856536865234
M4,0,LHa1p,1,solved,True,True,d8f6 h6h7,0.017695903778076172
M4,0,w7ce2,3,solved,True,True,b7b6 d5d8 c7d8 d1d8 e7e8 d8e8,0.0560152530670166
M4,0,wVW1c,2,failed,False,True,f8e8 e3e8 g8f7 e1e7,0.03530693054199219
M4,0,d67uH,2,failed,False,False,d2c2 e7e8 c2b1 f7f1,0.08986186981201172
M4,0,9cAcu,2,failed,False,False,d7d6 e5d7 c8d7 e3e8,0.09229898452758789
M4,0,1bKQj,1,failed,False,False,g7g6 d2g5,0.019189834594726562
M4,0,QWxHM,1,solved,True,True,g6h7 g4g7,0.01844191551208496
M4,0,HSyMs,2,solved,True,True,g5f4 d1h5 e8e7 h5f7,0.03638911247253418
M4,0,xCXFq,2,solved,True,True,c8c2 b7b8 c2c8 b8c8,0.036891937255859375
M4,0,lEWlo,2,solved,True,True,b1b2 f8e7 d7c6 e7c7,0.035787105560302734
M4,0,Zc5Jx,1,solved,True,True,a7f2 e5h8,0.017325878143310547
M4,0,0hJ4j,1,solved,True,True,b6b4 f3f5,0.01749706268310547
M4,0,siJUX,2,solved,True,True,h6g5 h4g5 f6f7 g5g7,0.03609919548034668
M4,0,fNkNF,1,failed,False,False,f8e7 c3e5,0.018230915069580078
M4,0,tuRUi,2,solved,True,True,c4e6 e7d8 e6e8 d8e8,0.035913944244384766
M4,0,bdVoE,3,solved,True,True,c6e5 a4e8 d1d8 e8d8 f5c8 d8c8,0.055100202560424805
M4,0,3u6vR,2,solved,True,True,h8g8 e2e8 a8e8 e1e8,0.03650403022766113
M4,0,m25hU,1,solved,True,True,f7e6 h6g7,0.017528772354125977
M4,0,fu3FT,2,solved,True,True,g6b1 c6c8 g8h7 f3h5,0.03476715087890625
M4,0,9IFaH,2,failed,False,False,f6g5 c6g6 g5g6 f3f4,0.0898141860961914
M4,0,tC3v9,1,solved,True,True,e7g6 e5g7,0.01954483985900879
M4,0,tpneB,1,failed,False,False,b7b5 h1h5,0.017524003982543945
M4,0,98IkQ,2,solved,True,True,f8f7 d1d8 f7f8 d8f8,0.03531312942504883
M4,0,iyKOK,2,failed,False,False,h5f4 d4d8 f4e6 d8f8,0.10185980796813965
M4,0,sMZlk,2,failed,False,False,f5d6 d8h8 g7h8 d7f6,0.09114217758178711
M4,0,7qbwG,1,solved,True,True,h6f4 d4h8,0.02051520347595215
M4,0,brEWJ,1,solved,True,True,h5f7 c3g7,0.019969940185546875
M4,0,ebcvS,2,solved,True,True,g6f7 h3e6 f7f8 f4g6,0.03585219383239746
M4,0,DsxhC,1,failed,False,False,e7d6 e2e6,0.018364906311035156
M4,0,zxL1K,2,failed,False,False,d7e5 g4h6 g8f8 g6e8,0.08835887908935547
M4,0,WXxjR,2,failed,False,True,e8e7 b7b8 e7e8 b8c8,0.038703203201293945
M4,0,Z2GWw,2,solved,True,True,e7f8 d3h7 f6h7 h6h7,0.03664898872375488
M4,0,YkaBf,2,failed,False,False,d4c3 a4e8 d8e8 e5c4,0.08894205093383789
M4,0,SJ66l,1,failed,False,False,e7f5 h6f8,0.02125692367553711
M4,0,vbAzV,2,failed,False,False,g7f6 c2f5 e5f5 h5g4,0.09031796455383301
M4,0,zEtfQ,2,failed,False,False,f2b2 e5g5 e7c7 g5g6,0.0923922061920166
M4,0,Opm7m,1,solved,True,True,a7a6 d5b6,0.01954793930053711
M4,0,FQrO9,2,solved,True,True,g6g7 h5h6 g7g8 h6h8,0.038125038146972656
M4,0,qWF5J,1,failed,False,False,e3c2 c6e4,0.01680898666381836
M4,0,oMtRl,1,solved,True,True,a8f8 f1f8,0.01736760139465332
M4,0,CylTZ,2,solved,True,True,g8h8 g5h6 h8g8 h6g7,0.03665518760681152
M4,0,jNgeI,2,solved,True,True,g8f8 h7h8 g6h8 h1h8,0.036457061767578125
M4,0,18sGF,2,solved,True,True,d8b7 b3b6 a7a8 b6a6,0.036325931549072266
M4,0,adM06,1,solved,True,True,h8g8 h2h7,0.016924142837524414
M4,0,tYopO,5,failed,False,False,d2d1q g4g5 h6g6 b3c2 d1c2 e6f5 c2f5 g2g3 e2f2,0.1727278232574463
M4,0,4rFfB,3,solved,True,True,e8e5 f3f7 g8h8 f7f8 c8f8 f1f8,0.055410146713256836
M4,0,3kkne,1,solved,True,True,h7h6 g4h4,0.017702817916870117
M4,0,yfjHN,1,solved,True,True,e8f6 c4b6,0.01763772964477539
M4,0,5x2V7,2,solved,True,True,c7h2 b4f8 h8h7 f8g7,0.03590798377990723
M4,0,uzcbe,2,solved,True,True,e3d3 f6g7 h8g8 d7f6,0.03664898872375488
M4,0,Q9Jfa,2,failed,False,False,e6c8 a6b7 c8b7 e3e8,0.09043312072753906
M4,0,OytOw,2,solved,True,True,d8d4 g3b8 d4d8 b8d8,0.039200782775878906
M4,0,6DH9Z,2,failed,False,False,g8h8 e6e8 c8e8 h3h4,0.08941197395324707
M4,0,7BrGj,1,solved,True,True,b7b6 d4g7,0.020759105682373047
M4,0,NtOqK,1,solved,True,True,g4e2 e5f7,0.019726991653442383
M4,0,jGmSM,3,failed,False,False,a5c7 f3g5 h6g5 h2h3 c7b8 f2f3,0.17027711868286133
M4,0,dpXfT,2,solved,True,True,c1c2 d7d8 g8f7 d8f8,0.03760695457458496
M4,0,oR6nF,2,solved,True,True,f8h6 f1f7 g8h8 f7h7,0.03484225273132324
M4,0,vEWpq,2,solved,True,True,b8b7 d2d8 e7d8 e6e8,0.03638005256652832
M4,0,o5psP,1,failed,False,False,b3a3 f7f8,0.017267942428588867
M4,0,8N06a,2,failed,False,False,c6d4 c2h7 f6h7 d2g5,0.09055209159851074
M4,0,OgTJt,2,failed,False,False,c5d4 f4f7 b7f7 f2f7,0.09319782257080078
M4,0,3j4wa,2,failed,False,False,g7f6 b4e7 f6e7 g2h3,0.09283614158630371
M4,0,oyXcX,2,solved,True,True,f7f6 e2e8 f6f8 f1f8,0.03921794891357422
M4,0,ZYfgb,1,failed,False,False,b8h8 g4g5,0.01751399040222168
M4,0,2jn63,2,failed,False,False,f4g3 b7c8 h3c8 f1f8,0.08944320678710938
M4,0,iSVJg,1,solved,True,True,g8f7 b8f8,0.01857590675354004
M4,0,X33Gm,1,solved,True,True,e4f5 g2g7,0.017817974090576172
M4,0,cQ6VM,2,solved,True,True,b6b5 d7d8 c8d8 d1d8,0.03809785842895508
M4,0,WNPIq,2,solved,True,True,d2c3 h2h4 g5h6 g4g5,0.035176992416381836
M4,0,JRdGR,1,solved,True,False,d7e5 h5h7,0.018490076065063477
M4,0,PqH9y,2,solved,True,True,g7h7 f1f7 h7h8 g3g7,0.036486148834228516
M4,0,HtgzO,2,failed,False,False,g7f8 h4h8 f8e7 h8e8,0.09049105644226074
M4,0,cV4qK,1,solved,True,True,b7e4 d7e6,0.018450260162353516
M4,0,7NyCu,2,solved,True,True,h8g8 f7h6 g8f8 b3g8,0.03878474235534668
M4,0,VcBNU,2,solved,True,True,e7e5 a4e8 e5e8 e1e8,0.03642106056213379
M4,0,bPBjm,2,failed,False,True,h3g2 d5e6 e8d8 e6d6,0.03532099723815918
M4,0,3lGMT,2,solved,True,True,g8f6 c4f7 e8f7 g4e6,0.03533601760864258
M4,0,4AygM,3,solved,True,True,d8h4 f1f7 g8h8 f7e8 g7f8 e8f8,0.05400800704956055
M4,0,75Mc8,3,solved,True,True,e6e2 f4f7 g8h8 f7f8 e8f8 f1f8,0.05432915687561035
M4,0,9SiwC,2,solved,True,True,e2c2 d1d8 g8h7 d8h8,0.03567099571228027
M4,0,pYLKe,3,solved,True,True,d3e2 b3f7 g8h8 f7f8 d8f8 f1f8,0.05415987968444824
M4,0,CQKT6,1,failed,False,False,h7g8 h4h8,0.017934083938598633
M4,0,u5KZ4,1,failed,False,False,e7f8 e6e8,0.0175478458404541
M4,0,fGlfn,2,solved,True,True,e1e2 g4g5 h6h5 d7h7,0.036293983459472656
M4,0,9hMzF,2,solved,True,True,h6h5 e5e8 h8g7 e8g8,0.037194013595581055
M4,0,b5Pi9,1,solved,True,True,d7d6 f5h7,0.01747298240661621
M4,0,HrYaa,2,solved,True,True,h7g6 h6h7 g8g7 h3h6,0.03575301170349121
M4,0,oO0ie,1,solved,True,True,d7c6 b7c8,0.0172271728515625
M4,0,zAlr5,1,solved,True,True,c8d8 d1d8,0.017467021942138672
M4,0,XjFiT,2,solved,True,True,e8e7 b4b8 e7e8 b8e8,0.03745722770690918
M4,0,pWBif,2,solved,True,True,d8d7 c1c8 d7d8 c8d8,0.03620505332946777
M4,0,XdaI5,1,solved,True,True,e8c8 e4d6,0.018104076385498047
M4,0,jgJve,2,solved,True,True,f7e6 g4g6 g8f8 h1h8,0.03499913215637207
M4,0,INaqh,1,solved,True,True,a5a2 d3d8,0.017673969268798828
M4,0,nonsf,1,failed,False,False,g8g7 b8c8,0.01802682876586914
M4,0,IaoWt,2,solved,True,True,g6h7 e6h6 h7g8 h6h8,0.03688192367553711
M4,0,JsneM,2,failed,False,True,f2f1q h1h8 f1f8 h8g8,0.0354769229888916
M4,0,vOBQw,1,failed,False,False,e8e5 f7f8q,0.01755499839782715
M4,0,lrOlr,2,solved,True,True,e1e7 a6c8 e7e8 c8e8,0.03515315055847168
M4,0,mqF7Z,1,failed,False,False,a8c8 c6e6,0.017838001251220703
M4,0,GHceJ,2,solved,True,True,c4c2 e8f8 g8f8 b2h8,0.03598189353942871
M4,0,DD4x1,1,failed,False,False,c7c6 g5h5,0.01718282699584961
M4,0,bpnMU,3,solved,True,True,h5g5 b6b8 e7c8 b8c8 g8h7 f6f7,0.05434393882751465
M4,0,unnAU,2,solved,True,True,h5h4 g1h1 f4h2 h1h2,0.03670191764831543
M4,0,c63Ou,1,solved,True,True,f8f7 e1e8,0.017152070999145508
M4,0,vyIM8,1,solved,True,True,h8h7 f4h4,0.0177919864654541
M4,0,fqHBM,3,failed,False,True,a8e8 g4g5 h6h7 g5g6 d3g6 g1h2,0.10945510864257812
M4,0,lihGw,1,solved,True,True,e7e5 g6h6,0.019169092178344727
M4,0,80pGZ,1,failed,False,False,c7b8 a8b7,0.01732468605041504
M4,0,u6Vpo,1,solved,True,True,d7d6 a4c6,0.016901254653930664
M4,0,xE9Cz,2,solved,True,True,c6c4 f3a8 c4c8 a8c8,0.03726696968078613
M4,0,aeRuh,1,solved,True,True,a1h1 c5e7,0.017819881439208984
M4,0,gcIgU,1,failed,False,False,c3d4 d5c5,0.01765918731689453
M4,0,n3eMx,3,failed,False,True,f8f6 c4c8 e8e7 c8d8 e7e6 d1d6,0.05416989326477051
M4,0,cTjG0,2,failed,False,False,h5h4 d4b6 b5b6 b4b5,0.0897681713104248
M4,0,GOriB,3,failed,False,False,a5a6 e5c7 g2h2 h1h2 g5g2,0.0440218448638916
M4,0,xmFMJ,1,solved,True,True,h6g5 d3h7,0.016733169555664062
M4,0,yjFng,1,solved,True,True,f8e8 e5f7,0.01778697967529297
M4,0,khaFI,1,solved,True,True,f7g6 h5g6,0.017225027084350586
M4,0,N7rG6,3,solved,True,True,c5f8 f5f7 g8h8 f7f8 e8f8 f1f8,0.05425405502319336
M4,0,LqfWI,1,solved,True,True,f1g1 f3a8,0.018066883087158203
M4,0,xDrzD,3,solved,True,True,e6e5 h4h7 g8h7 f3h3 h7g8 h3h8,0.054284095764160156
M4,0,MoUz0,1,solved,True,True,b4b3 c6e8,0.017017841339111328
M4,0,1fU15,2,solved,True,True,d7e5 h5f6 g8h8 h3h7,0.03712940216064453
M4,0,U0mYq,2,failed,False,False,e7d8 c7c8 b7c8 d7c8q,0.09102416038513184
M4,0,GM8Ai,1,solved,True,True,a8a7 c7b7,0.017349958419799805
M4,0,01aBw,2,failed,False,False,a6b5 f4d6 f8g8 a7g7,0.09111499786376953
M4,0,RQzog,1,solved,True,True,d7f6 h5f7,0.02025294303894043
M4,0,N7eWC,2,failed,False,True,g8h8 h3h6 g7h6 e5f7,0.03707432746887207
M4,0,JYtiY,1,solved,True,True,f8f3 g2g8,0.017451047897338867
M4,0,6gnnQ,1,solved,True,True,c8e6 h1h7,0.017393827438354492
M4,0,IL9m1,2,solved,True,True,e8e1 h3c8 e1e8 c8e8,0.03566694259643555
M4,0,JVIRC,1,failed,False,False,c4c3 a2d5,0.016557931900024414
M4,0,CNZ8d,1,failed,False,False,b8d7 g7f8,0.017784833908081055
M4,0,hwYAn,2,failed,False,False,b7c6 g4c8 b8c8 d1d8,0.0896461009979248
M4,0,47pvu,2,failed,False,False,b3b2 e5g7 c4f1 g1h2,0.09256100654602051
M4,0,9d6BV,2,solved,True,True,g8e8 e7e8 f6e8 e1e8,0.04599809646606445
M4,0,asDEl,2,failed,False,True,c8c2 b6a6 a2b1 a6a8,0.03645896911621094
M4,0,UiCQ6,2,solved,True,True,f4f3 h5h7 h8h7 g5h5,0.03556489944458008
M4,0,Kgr7k,2,failed,False,False,e6e5 d1h5 c8h3 h5e8,0.0911707878112793
M4,0,RzFSX,1,failed,False,False,d5f3 h6h8,0.01841878890991211
M4,0,ksU7D,2,solved,True,True,e8e7 b7b8 e7e8 b8e8,0.037492990493774414
M4,0,Pzocm,2,solved,True,True,c2a4 d7f7 f8f7 e1e8,0.03669929504394531
M4,0,Ytw4u,2,failed,False,True,e4f3 e1e8 f6e8 f4g5,0.034958839416503906
M4,0,ZMNm9,1,solved,True,True,d5c3 e4h7,0.01663517951965332
M4,0,kd3Nc,2,solved,True,True,g7h6 h4h6 f7h7 h6h7,0.03691291809082031
M4,0,lLwtd,2,solved,True,True,d2d1q g4g5 h6h5 b7h7,0.035928964614868164
M4,0,QtKhC,3,failed,False,True,a6f6 c8h8 h7h8 c3f6 g7f6 e7g6,0.10581111907958984
M4,0,UrL77,1,solved,True,True,f5d4 e1e8,0.02029275894165039
M4,0,tL0m9,4,failed,False,False,d4c5 e6d6 c5d6 b2b4 g6g5 b4b5 a6b5 c3c4,0.23866701126098633
M4,0,u680L,2,solved,True,True,g8f8 f3f8 g6f8 f1f8,0.03839421272277832
M4,0,Cb4j3,1,solved,True,True,d7e5 d1d8,0.018004894256591797
M4,0,Iq7BK,1,solved,True,True,h7g6 e1h4,0.018414735794067383
M4,0,xPYWC,2,solved,True,True,e7d5 e4g4 g8h8 g4g7,0.0355992317199707
M4,0,0uPqG,1,failed,False,False,f7h7 h6h7,0.017032861709594727
M4,0,gtKWK,1,failed,False,False,d8e7 f7c4,0.017982959747314453
M4,0,hElpR,1,solved,True,True,g4d1 b3f7,0.016929149627685547
M4,0,zJpGU,1,solved,True,True,f6h8 h1h8,0.018004894256591797
M4,0,x4Pao,2,failed,False,False,c7c6 d5f6 g7f6 d3h7,0.09087610244750977
M4,0,3FmCV,2,solved,True,True,g7f6 e1e8 g8g7 f4h5,0.0396420955657959
M4,0,RgFev,3,solved,True,True,e8e2 d5d8 f6d8 d1d8 e2e8 d8e8,0.054353952407836914
M4,0,gb4j4,3,failed,False,False,h8f8 f6f8 a8f8 f1f7 f8f7 g5f6,0.16292309761047363
M4,0,rDudu,3,failed,False,False,h3c3 d5f7 g6f7 e5e8 d8e8 e1e8,0.0679931640625
M4,0,w0LcZ,2,solved,True,True,f2d3 b4f8 f6f8 f1f8,0.036216020584106445
M4,0,97ycS,2,failed,False,False,a2a1 e4e8 a8e8 g5h7,0.0891880989074707
M4,0,S1f8B,3,failed,False,True,h6g7 d8g8 g7f6 g8d8 f6g7 d8h8,0.1097099781036377
M4,0,ZM7hc,1,solved,True,True,g2f3 d7d8q,0.017515897750854492
M4,0,0ta1H,2,failed,False,True,f7f5 d3a6 c8b8 e4b7,0.03666830062866211
M4,0,1gHZ8,1,solved,True,True,f7g6 d5f5,0.016626834869384766
M4,0,hmC8y,1,solved,True,True,e8f8 f1f8,0.017800092697143555
M4,0,zasCs,1,solved,True,True,d8b8 e5g7,0.018568992614746094
M4,0,PaCkV,1,solved,True,True,g7g8 h4h7,0.0181272029876709
M4,0,VXVy7,3,solved,True,True,f8g8 c3g7 g8g7 e1e8 c5f8 e8f8,0.05369400978088379
M4,0,mCcVd,1,solved,True,True,a6b5 d2d8,0.01667189598083496
M4,0,K81Zg,1,failed,False,False,d5e3 d1d8,0.017357826232910156
M4,0,yPUY1,1,failed,False,False,e4d3 e5h5,0.01831793785095215
M4,0,CsAKg,1,solved,True,True,b8c8 d7c8q,0.01788616180419922
M4,0,bvnXU,3,solved,True,True,g7g8 a7a8 f6e8 a8e8 c5f8 e8f8,0.05336904525756836
M4,0,xRsBS,1,failed,False,False,f6d5 e6c8,0.017174720764160156
M4,0,R8Ms9,3,solved,True,True,d8d7 f4f7 f8f7 e7e8 f7f8 e8f8,0.05232524871826172
M4,0,0Maij,1,solved,True,True,d8e8 c3g7,0.017873764038085938
M4,0,5sf9n,3,failed,False,True,b8c8 c1c8 d7f8 c8f8 h8h7 f8g8,0.05402112007141113
M4,0,Xt5ry,1,solved,True,True,g4f3 b3e6,0.01702880859375
M4,0,zv96X,3,solved,True,True,b7f3 e5f6 f8f6 d1d8 f6f8 d8f8,0.05338001251220703
M4,0,V442v,1,solved,True,True,f8g8 h6f7,0.01801776885986328
M4,0,QDYdm,1,solved,True,True,e7d7 b4f8,0.018376827239990234
M4,0,pL4u3,1,solved,True,True,b1h1 g7c7,0.01707315444946289
M4,0,oiOv0,3,solved,True,True,d1e1 h1h7 g7f8 h7h8 f8e7 h8e8,0.05434918403625488
M4,0,ZJ9Fh,1,solved,True,True,c7c6 d5f7,0.017155170440673828
M4,0,R1yG4,1,failed,False,False,h5g7 g6g7,0.01772594451904297
M4,0,UmggE,1,solved,True,True,a6d6 f8g8,0.01823115348815918
M4,0,BI5ga,1,solved,True,True,h8g8 d4h4,0.018014907836914062
M4,0,cqVwG,1,solved,True,True,h7f6 g4g7,0.017596006393432617
M4,0,J9qad,1,solved,True,True,b2d2 g6f7,0.017423152923583984
M4,0,sVEoy,1,solved,True,True,d7d3 e4b7,0.01731109619140625
M4,0,ye7Xd,1,solved,True,True,h7h8 h4g6,0.016875028610229492
M4,0,gm9lv,1,solved,True,True,h2h1q e7e8q,0.01801586151123047
M4,0,Zq9Kl,1,failed,False,False,h5h6 g8h8,0.016995668411254883
M4,0,l0Hh6,4,failed,False,True,f6f3 c7c8 g8h7 a3f8 f3g2,0.038368940353393555
M4,0,5x1mm,1,failed,False,False,b3a4 c3c8,0.017254114151000977
M4,0,nl3Ay,3,solved,True,True,a2e2 d7f7 g8h8 f7f8 e8f8 f1f8,0.05413699150085449
M4,0,DwTQY,1,solved,True,True,b8c6 c4f7,0.017405033111572266
M4,0,36iXM,1,failed,False,False,c4a4 f2f7,0.017748117446899414
M4,0,QLiGo,1,solved,True,True,a2a1q f8e6,0.018112897872924805
M4,0,xRb4y,1,solved,True,True,g8f8 f7h7,0.018314838409423828
M4,0,wJKzP,1,failed,False,False,f7h5 h6g6,0.017086029052734375
M4,0,oPpl1,1,failed,False,False,g6g5 d7h7,0.01731395721435547
M4,0,FX6FI,3,failed,False,False,h4h3 b7a7 e3a7 a6b7 b8b7 c6b7,0.16515398025512695
M4,0,MZxtE,1,solved,True,True,f8g8 h5h6,0.01948714256286621
M4,0,LPkIe,3,failed,False,False,g8f8 h5h8 f8e7 h4g6 e7d6 h8f8,0.1635589599609375
M4,0,RWOSs,1,solved,True,True,d5e3 d3h7,0.01830005645751953
M4,0,tubIf,3,solved,True,True,c8c7 f3f7 f8f7 e7e8 f7f8 e8f8,0.05481863021850586
M4,0,XlHEZ,1,solved,True,True,e4e3 g8h8,0.017138004302978516
M4,0,YToma,4,failed,False,True,c2e1 d5e6 c8d8 b1b7 f2g2,0.03617382049560547
M4,0,0t9e4,1,solved,True,True,a8e8 e4h7,0.01833820343017578
M4,0,StvCF,1,failed,False,False,e7f8 h6h8,0.017508983612060547
M4,0,uRlBj,1,solved,True,True,d8f6 e4h7,0.01861286163330078
M4,0,mb3nO,1,solved,True,True,g8f8 e6e8,0.0181581974029541
M4,0,AsDHq,1,solved,True,True,c8e6 h3h6,0.016566038131713867
M4,0,TZU3m,1,failed,False,False,g6f5 e6f7,0.018320083618164062
M4,0,dw70h,1,failed,False,False,f7f6 g5g7,0.017585277557373047
M4,0,iTzTt,4,failed,False,True,e5e4 h3h8 g8h8 e2h5 h8g8 h5h7 g8f8 h7h8,0.12520384788513184
M4,0,z0JEX,3,failed,False,False,d8d7 c6e6 f7e6 e2b5 g7g5 b5c4,0.16242527961730957
M4,0,EugGr,1,solved,True,True,d6g3 e4h7,0.01999211311340332
M4,0,Z44TU,1,solved,True,True,g6h4 h5h7,0.019804000854492188
M4,0,yvwfq,1,failed,False,False,d3c5 e4b7,0.019562959671020508
M4,0,lfbkp,1,failed,False,False,f8f6 h3h6,0.017191171646118164
M4,0,am3XH,1,solved,True,False,a8a6 f7e8,0.017858028411865234
M4,0,sBSQY,3,failed,False,False,e7d5 b5a6 c8b8 a6b7 b8b7 a5a6,0.16520023345947266
M4,0,56uJi,3,solved,True,True,d1d5 c4c8 d5d8 c8d8 f6e8 d8e8,0.05440688133239746
M4,0,iEto3,1,solved,True,True,d5f3 f4f7,0.01708221435546875
M4,0,i3brm,3,solved,True,True,f8c8 c6c8 b8c8 d3d8 c8d8 d2d8,0.05545806884765625
M4,0,Kfcvd,3,solved,True,True,d8d2 c7f7 g8h8 f7f8 e8f8 f1f8,0.053431034088134766
M4,0,3sb56,1,solved,True,True,g7h6 g6h6,0.017188072204589844
M4,0,402ut,1,solved,True,False,d5d4 b3f7,0.017696857452392578
M4,0,YnIrF,1,solved,True,True,d8e8 e1e8,0.01788187026977539
M4,0,YfV9C,3,solved,True,True,a8a4 c7f7 f8f7 e1e8 f7f8 f4f8,0.05463695526123047
M4,0,boBB1,3,solved,True,True,e4f4 g3g6 h7g6 g1g6 g8h8 a7g7,0.052161216735839844
M4,0,P0wm9,1,solved,True,True,h5f3 d5f7,0.016814708709716797
M4,0,68HOL,1,solved,True,True,g8h8 g4g7,0.017922163009643555
M4,0,IPgOY,1,solved,True,True,e6e8 e2e8,0.01824808120727539
M4,0,3vecy,1,solved,True,True,c7e5 c2h7,0.018098831176757812
M4,0,CdXNO,3,failed,False,False,d8g8 g7g8 c4g8 g3g7 g8g7 e3d4,0.1623392105102539
M4,0,JHAIs,3,failed,False,True,d8e8 h5h7 h8h7 f5h5 h7g7 h5h6,0.06050896644592285
M4,0,EWI0q,3,solved,True,True,h7g8 f7f8 a8f8 e4g6 g8h8 f1f8,0.05362105369567871
M4,0,Z6fPx,3,failed,False,False,g7g5 b2g7 h7g7 e4e5 c6g2,0.09081006050109863
M4,0,QPXd5,3,failed,False,False,c4a6 a7b8 d7b8 c1c8 d8c8 f1c1,0.1681380271911621
M4,0,r1KhN,4,failed,False,False,h4h3 e6e7 d8d7 e7e8q d7e8 d5f6 e8f8 c5d6,0.24007678031921387
M4,0,G1aDi,3,failed,False,False,f5e4 c7f7 g8f7 d1d8 e4e1,0.09093403816223145
M4,0,U67JB,3,failed,False,False,h8g8 g7g8 d5g8 e1e8 d8e8 b1a1,0.16522216796875
M4,0,FcRoy,3,solved,True,True,e5f6 f5h7 h8h7 e3h3 f6h4 h3h4,0.05605578422546387
M4,0,XUX5u,3,solved,True,True,e7e6 h1h8 g8h8 d1h5 h8g8 h5h7,0.053954124450683594
M4,0,ZZSps,3,failed,False,False,c8c2 d7d8 g7f8 d8f8 g8f8 f1g1,0.13275599479675293
M4,0,Ro4Vv,3,failed,False,True,e6d7 a1a6 b7a6 e1a1 d7c7 a1a6,0.10887622833251953
M4,0,pDqdx,4,failed,False,False,c7d7 g4g6 f7g6 f1f7 e7f7 g3g6 h7g6 h3h4,0.24259400367736816
M4,0,KlxPI,3,solved,True,True,g7g6 b7b8 d4d8 b8d8 g8g7 h5h6,0.05586695671081543
M4,0,po6BO,3,failed,False,False,h7h6 g5f6 b3f3 f6g6 h8g8 c7c8,0.15987110137939453
M4,0,atTVW,3,failed,False,True,f8e8 e4h7 g8f8 h7h8 f8e7 h8e8,0.1095280647277832
M4,0,68s2M,3,solved,True,True,b8d8 e4e8 d8e8 a8e8 d6f8 e8f8,0.05447196960449219
M4,0,1R86j,4,failed,False,True,b6c5 g7h7 g8h7 e4g4 c5g5 e7e8 a8e8 g4f4,0.17789888381958008
M4,0,UdV0q,3,solved,True,True,d5f5 e1e8 f7f8 e8f8 g8h7 f8h8,0.056945085525512695
M4,0,XABtp,3,solved,True,True,c5d4 h5h7 g8f8 h7h8 g6h8 h1h8,0.05427098274230957
M4,0,v7ZTF,5,solved,True,True,a8f8 g1g7 g8g7 f1g1 g7h7 e6g6 h7h8 g6h6 f7h7 h6f8,0.09108614921569824
M4,0,EPBo8,3,failed,False,True,g8h8 f4g6 h7g6 e3d4 d7e5 d4e5,0.10774469375610352
M4,0,FlW2B,3,solved,True,True,b2c2 c7c8 c2c8 c1c8 e2e8 c8e8,0.0549468994140625
M4,0,yLSzD,3,solved,True,True,h5g3 d3h7 g8h8 h7g8 g3h1 c2h7,0.05588507652282715
M4,0,ZBNw3,3,failed,False,False,d3e5 g5f6 f7f6 h6h7 g8g7 h7h8q,0.16473984718322754
M4,0,kPXcy,3,failed,False,False,c8f5 h6g7 f5g5 g1h1 g5h4 b2b3,0.17209219932556152
M4,0,thruK,3,failed,False,True,f3h3 d4d8 c8d8 d1d8 e8d8 b2f6,0.11690711975097656
M4,0,KxkOf,5,failed,False,True,c8b8 a4a7 b8c8 a7a8 c8c7 a8b7 c7b7 c4e6 h3e6 b4b5,0.20836901664733887
M4,0,crSvA,4,failed,False,False,b7a8 b6b7 a8b7 d6d7 e3g3 d7e7 e4e3 e7d7,0.23951482772827148
M4,0,2vRoq,3,failed,False,False,d6d5 f7g5 d5c4 g3g4 h5g5 e1e6,0.17197608947753906
M4,0,KHiD0,3,solved,True,True,d8d4 c4c8 d4d8 c8d8 e5e8 d8e8,0.05919313430786133
M4,0,gu9V9,3,solved,True,True,h4e7 h1h7 h8h7 d1h1 e7h4 h1h4,0.05584597587585449
M4,0,y26Rh,3,solved,True,True,g8h8 h1h7 h8h7 d1h1 e7h4 h1h4,0.05506610870361328
M4,0,f17tO,3,failed,False,False,h8g7 h5h6 g8h6 f8f6 g7f6 g2g3,0.16103506088256836
M4,0,ibEyB,3,failed,False,False,f8f7 h1h8 g8h8 f3g5 d7f8 g6h5,0.16380739212036133
M4,0,XRWAO,3,failed,False,True,e7h4 d7g7 g8h8 g7g8 h8g8 e1g1,0.10961079597473145
M4,0,EbUQ9,3,solved,True,True,c5b3 f7f8 g8h7 f1f7 h7h6 f8h8,0.05688214302062988
M4,0,dTJ0B,4,failed,False,False,f7e6 h5f7 f8f7 f2f7 b3e3 g1h1 a3a2 f7f8,0.23134803771972656
M4,0,b15gx,4,failed,False,False,e3e2 d1d4 e2e1q d4c4 e1e6 g6h5 h8g7 c4c8,0.23479986190795898
M4,0,rORau,3,failed,False,False,d6f7 e5g7 f8e8 h4f6 e7c6 f6e7,0.16407513618469238
M4,0,DoDFj,3,solved,True,True,b8b2 e2e8 d6f8 e8f7 g8h8 f7f8,0.05745410919189453
M4,0,JiUAY,5,failed,False,True,a7d7 h7h6 h5g4 h2h3 g4f4 h6h5 e4e3 f2g2 d7d6 h5h6,0.20404577255249023
M4,0,hy4Bi,3,solved,True,True,f8f7 e1e8 d7f8 e8f8 f7f8 f1f8,0.05678296089172363
M4,0,XxF57,3,solved,True,True,c5b3 f3f7 f8f7 e7e8 f7f8 e8f8,0.053492069244384766
M4,0,P1798,3,failed,False,True,c2e4 f3f7 g8h8 f7f8 d6f8 g3g4,0.08876299858093262
M4,0,o5u2i,3,failed,False,False,d4f4 e7e8 f4f3 h3h4 g7f6,0.04122591018676758
M4,0,ta5gD,3,solved,True,True,c6c5 d4b5 c7b8 d1d8 e6c8 d8c8,0.05580615997314453
M4,0,OBQsv,4,failed,False,False,h8e8 d5e6 e8e6 a1a8 e3e1,0.0907280445098877
M4,0,UF41E,4,solved,True,True,d4c2 e7e8 g7f8 e8f8 g8f8 c1h6 f8g8 e1e8,0.07562088966369629
M4,0,iS3zS,3,failed,False,True,b7a8 a5a8 c8b7 a8a7 b7b6 a1a4,0.10864877700805664
M4,0,oGUiF,3,failed,False,True,e5g3 h5f7 g8h8 f7f8 e8f8 f1f8,0.10877227783203125
M4,0,b4l4V,3,failed,False,True,d8g5 b8f8 g8f8 a6d6 c7d6 e5d6,0.10922980308532715
M4,0,pgqty,3,solved,True,True,c7b6 d4f6 f8f6 e1e8 f6f8 e8f8,0.05596494674682617
M4,0,OmBUM,4,solved,True,True,d4e3 c4f7 f8f7 c1c8 g5d8 c8d8 f7f8 f4f8,0.07388615608215332
M4,0,IJWL5,3,failed,False,False,e4c2 d5e7 g8f8 b2a3 e8a8 a3c1,0.1599900722503662
M4,0,VPoqh,3,solved,True,True,e3d3 f4f7 g8h8 f7f8 d8f8 f1f8,0.05584573745727539
M4,0,F1Yvp,3,solved,True,True,a8a2 c5f8 g8f8 d4c5 b5c5 d1d8,0.05634808540344238
M4,0,zwRur,3,failed,False,False,g6h5 e5c6 a4a2 g4f6 h5h4 g2g3,0.16071295738220215
M4,0,JG4pb,4,failed,False,False,g7g6 a8h8 h7h8 d3f3 g5d2 f3h3 h8g8 h3c8,0.23337006568908691
M4,0,hKyz8,3,failed,False,False,d8d6 a6b7 e7b7 c6b7 b8b7 g2g8,0.1649320125579834
M4,0,Z33tV,3,failed,False,True,a7a6 a5a6 b7a6 e7a7 a8a7 a1a5,0.10961103439331055
M4,0,6xRDT,3,failed,False,False,d7d6 a8f8 g8f8 c6e7 f8e7 f1b1,0.16297602653503418
M4,0,2kIXc,3,solved,True,True,e5d4 h5f7 g8h8 f7f8 a8f8 f1f8,0.05654287338256836
M4,0,WaSz7,3,solved,True,True,h8g8 h5h7 g8h7 g3h3 h7g8 h3h8,0.05547904968261719
M4,0,xtvxQ,3,failed,False,False,e4g3 h5h7 g8h7 h4g6 h7g6 h1h6,0.1606898307800293
M4,0,Xwnwn,3,failed,False,False,e7f8 e1e8 f8e8 c2g6 d6g6 c5b7,0.16244935989379883
M4,0,o9oO0,3,solved,True,True,b2c2 h4h6 g7h6 h3h6 h8g7 h6h7,0.05684781074523926
M4,0,Sy7OK,4,solved,True,True,e3d2 c6e7 g8h8 e5f7 f8f7 c1c8 f7f8 c8f8,0.07187819480895996
M4,0,aiNe0,3,solved,True,True,a8a7 e2e6 g8h8 e6f6 e7f6 e1e8,0.05468297004699707
M4,0,tHZ7Z,3,failed,False,False,e8e7 f4f7 f8f7 d6f5 f7f5 f1e1,0.16130399703979492
M4,0,s0JkS,3,solved,True,True,c5d6 g7g8 d6f8 g8f8 e3e8 f8e8,0.05689716339111328
M4,0,VRXRC,3,failed,False,False,h8g8 e2e5 g8g2 g1h1 f6e5 f5e7,0.16021084785461426
M4,0,pls52,4,failed,False,False,g5f3 c4e6 f7e6 e1e6 h3h2,0.04098677635192871
M4,0,M2JSe,3,solved,True,True,f6e4 b3f7 g8h8 f7f8 c8f8 f2f8,0.055474042892456055
M4,0,qhh0Y,3,failed,False,False,d4d3 c7c8 h8g7 c8g8 g7g8 e5f6,0.16273093223571777
M4,0,y7IOM,4,failed,False,False,d2f2 f7g6 h7g6 f1c4 f2f3 h1g1 e5e4 c4d3,0.23337507247924805
M4,0,42o6C,3,failed,False,False,a5c4 d3g6 f7g6 g3g6 g7h8 g6g8,0.1619091033935547
M4,0,E6bgX,3,solved,True,True,d7d3 a4a8 c8d7 a8b7 d7e6 b7e7,0.05716705322265625
M4,0,KRm9H,3,solved,True,True,f6e5 d7f7 g8h8 f7f8 b8f8 f1f8,0.05614185333251953
M4,0,8w6Pt,4,failed,False,False,b4c3 d7d8 c8d8 d1d8 f8e7 e3c5 e7d8 c5d6,0.23145508766174316
M4,0,YTlwl,3,failed,False,True,a8f8 g4g5 h6h5 f5h7 g7h7 d3h7,0.10998415946960449
M4,0,XoVvb,4,solved,True,True,d2e2 c1c8 b6d8 c8d8 b4f8 d8f8 f6f8 f1f8,0.07433795928955078
M4,0,qQ4CH,3,failed,False,False,h5g4 d2h6 h7h6 c3h8 c8c2 b2b3,0.11149096488952637
M4,0,TX64q,3,failed,False,True,c5f8 g3g6 f7g6 h6g6 h7g6 f1f8,0.10960006713867188
M4,0,biz3x,3,failed,False,False,e3f2 d7b7 b8b7 c1c7 b7b8 c7a7,0.16107702255249023
M4,0,1LTmC,5,solved,True,True,d5d6 g2g6 h7g6 h6h7 g8h7 f2h4 h7g8 h4h8 g8f7 h8g7,0.09336996078491211
M4,0,m996n,3,solved,True,True,c7b6 c4c8 b6d8 c8d8 f7f8 d8f8,0.05573415756225586
M4,0,1OcBI,3,failed,False,True,h8g7 h5h6 g7h7 g6e7 g8g6 f5e5,0.10689473152160645
M4,0,zDiH9,3,failed,False,True,g7h6 e6h6 h7g8 h6h8 g8g7 h4h7,0.05494999885559082
M4,0,hp85I,3,solved,True,True,g5e5 f7d7 c8b8 d7d8 e8d8 d1d8,0.0558469295501709
M4,0,hzX00,3,solved,True,True,a5a2 d6f7 f8f7 d1d8 f7f8 d8f8,0.0534367561340332
M4,0,aPA2a,3,failed,False,False,c7c8 a5a6 c8b8 d1d8 h8d8 a6c8,0.16212916374206543
M4,0,TCjp9,4,failed,False,False,a8e8 d5d8 a2a1 c1d2 e8d8 d2e1 a1a5 e1f1,0.23437714576721191
M4,0,5ZD7L,3,failed,False,False,c7b7 c6c8 b7c8 a5a6 h1e4 a4a5,0.16080284118652344
M4,0,SPRzX,3,failed,False,False,c2c1q c7c8 g8c8 e7e8 c8e8 f6g7,0.11057901382446289
M4,0,YsOKM,3,failed,False,False,f1c4 e5b8 c4c3 b2a2 c3c2 a2a1,0.07394218444824219
M4,0,Wxr6O,3,solved,True,True,f5f2 e1e8 f7f8 e8f8 f2f8 f1f8,0.05708789825439453
M4,0,3BgKn,3,failed,False,False,b7c6 c1c5 d3d1 b1c2 f3d3,0.05996298789978027
M4,0,Bospg,3,failed,False,False,e8f8 d1d6 a2b2 c1d1 f7b3 h7c2,0.10182785987854004
M4,0,ogAf9,3,failed,False,True,f6e4 a4a7 b8a7 d4b4 e6c6 b4a4,0.10852289199829102
M4,0,RLzKR,3,failed,False,False,c3e5 h5h6 e5f4 h6h7 d7f5 g5f7,0.1638169288635254
M4,0,vfVM7,3,failed,False,False,b2g2 f7f8 d8f8 h6f8 a3c1,0.04364895820617676
M4,0,445iM,3,failed,False,True,h6h5 g2g4 h5h4 f4h6 h4g4 h6g5,0.05553483963012695
M4,0,LOxcT,3,failed,False,True,c3e4 d8h8 h7g6 c8g8 a7f2,0.037480831146240234
M4,0,Vj5H2,3,solved,True,True,d3d4 e1e8 g8h7 f4f5 g7g6 f5f7,0.053443193435668945
M4,0,sltiX,3,solved,True,True,h8g8 h5h7 g8f8 h7h8 e6g8 h8g8,0.05501508712768555
M4,0,AOJIr,3,solved,True,True,h8g8 h3h7 g8f8 h7h8 f8e7 h8g7,0.05341005325317383
M4,0,zl5Hb,3,solved,True,True,a8a7 e4a8 a7a8 a1a8 e6c8 a8c8,0.054839134216308594
M4,0,cFBRU,3,failed,False,False,h7g8 e6e8 d8f6 g6f7 f6f7 e8f8,0.1611778736114502
M4,0,Dy2ug,3,solved,True,True,c4c3 g4g5 f6g5 h4g5 h6h5 b7h7,0.055496931076049805
M4,0,YW03L,3,solved,True,True,g8h8 h6g7 h8g7 d2h6 g7h8 h6f6,0.05846714973449707
M4,0,NQqJh,4,solved,True,True,h5g4 h4h7 g8f7 d3g6 f7e7 h7g7 f8f7 g7f7,0.08404302597045898
M4,0,e8Osn,3,solved,True,True,f2f8 e2c4 h3e6 c4e6 g8h8 d8f8,0.06356501579284668
M4,0,p6non,3,solved,True,True,c8d8 b7f7 g8h8 f7f8 d8f8 f1f8,0.06226515769958496
M4,0,DOHY1,4,failed,False,False,g7h7 e5h8 h7h8 h1h6 h8g7 h6h7 g7h7 f3f4,0.2428421974182129
M4,0,x278u,3,failed,False,False,h4g3 a2a6 g3h2 g1h1 g7g2,0.04528307914733887
M4,0,RIUDK,3,failed,False,False,h8f8 g7e5 d6e5 e6e8 f8e8 d2f4,0.16743803024291992
M4,0,b1h3k,3,failed,False,False,b3c3 e6e8 a4e8 e2e4 f7f6 f2g2,0.16659998893737793
M4,0,KCIG0,3,failed,False,False,h6h7 g2h2 g7h6 h2h6 h7h6 f7g6,0.16865205764770508
M4,0,yiInj,3,solved,True,True,h8g8 f7h6 g8h8 e6g8 f8g8 h6f7,0.056999921798706055
M4,0,LC9gO,3,solved,True,True,e5e4 f3f7 g8h8 f7f8 d8f8 f1f8,0.05806303024291992
M4,0,z99EA,3,solved,True,True,g8h8 d5h5 h8g8 h5h7 g8f8 h7h8,0.05549120903015137
M4,0,5eUmk,3,failed,False,False,f6e4 e5f7 d8e8 c3c8 a8c8 c1c8,0.1617598533630371
M4,0,jjfzi,3,solved,True,True,a5a4 b1b8 f7f8 h3e6 g8h8 b8f8,0.05879092216491699
M4,0,0XJ31,4,failed,False,False,a8d8 f4g4 b5f1 h1h2 d8d3 g4g7 f1g1,0.16469287872314453
M4,0,N7uPV,3,solved,True,True,b2g2 f5g6 g2e2 b7b8 e2e8 b8e8,0.05903005599975586
M4,0,0ZH1W,3,solved,True,True,g8h8 c8f8 h8h7 d1h1 h7g6 f8f5,0.055642127990722656
M4,0,jFQlY,3,failed,False,False,f4c1 a3f8 g7f8 g4h6 c1g1,0.09170889854431152
M4,0,PWvJK,3,solved,True,True,e8e4 g4c8 c7d8 c8d8 e4e8 d8e8,0.05770111083984375
M4,0,jgLWF,3,solved,True,True,b5c4 f4f8 d8f8 f1f8 h8g7 f8g8,0.054653167724609375
M4,0,BCSq5,3,failed,False,True,h7h6 f2f8 e7f8 f1f8 g8f8 g5e6,0.10746979713439941
M4,0,2mKxM,4,failed,False,True,h8e8 a2a6 b7a6 a1a6 a8b7 a6a7 b7c6 a7c7,0.14002084732055664
M4,0,4oRYZ,3,failed,False,False,f5g5 h3h4 g5g4 g7f6 f1h3 h2g1,0.14717984199523926
M4,0,Wp1Cn,4,failed,False,False,d2d7 c6c8 g6f5 g5g6 h7g6 c8g8 g7g8 f3g4,0.24378275871276855
M4,0,khDGK,3,solved,True,True,d8f8 c4f7 f8f7 e1e8 f7f8 e8f8,0.06313490867614746
M4,0,Op14G,4,failed,False,True,h7h8 f6g6 a2a1q a7a8 a1a8 g6f5 a8d5 f5f6,0.19027495384216309
M4,0,Md5iC,4,failed,False,False,a8g8 g3g8 h8g8 f4e5 f7h5 h2g3 c2c1q e5d6,0.20625877380371094
M4,0,WMdbZ,3,solved,True,True,b4b2 h1h8 g8h8 e2h5 h8g8 h5h7,0.059098243713378906
M4,0,ywseW,3,solved,True,True,e8e2 g4c8 f6d8 c8d8 e2e8 d8e8,0.05765080451965332
M4,0,GazQ0,3,failed,False,False,d8f8 g5g7 f8g7 g1g7 h7g7 c1b1,0.1673908233642578
M4,0,I2eYQ,4,solved,True,True,c4a2 b7f7 f8f7 b1b8 d2d8 b8d8 f7f8 f4f8,0.08307671546936035
M4,0,eewkv,3,solved,True,True,c2e2 d1d8 b4f8 c8e7 g8h8 d8f8,0.06021928787231445
M4,0,4S0iK,3,solved,True,True,f8g8 h1h7 h8h7 a1h1 d6h2 h1h2,0.057882070541381836
M4,0,Efg2U,3,solved,True,True,a3b2 h3h7 g8h7 c3h3 h7g8 h3h8,0.05770993232727051
M4,0,e7i5w,3,failed,False,True,f6b2 h2h6 g7h6 d5f5 h7g7 f5f7,0.11195731163024902
M4,0,71YRV,3,solved,True,True,f8f7 e2e8 g7f8 e8f7 g8h8 f7f8,0.0597231388092041
M4,0,eGeTh,4,solved,True,True,b6d8 b2f6 f8f6 e7e8 d7e8 e1e8 f6f8 e8f8,0.07811903953552246
M4,0,dl9KE,3,solved,True,True,e7e4 d2d8 c6d8 d1d8 e4e8 d8e8,0.05976676940917969
M4,0,88UOJ,3,solved,True,True,c3g3 f7f8 d8f8 f6f8 b8f8 f1f8,0.05856204032897949
M4,0,bbFP7,3,solved,True,True,d8c7 f3f7 e8d8 c1g5 c5e7 f7e7,0.05897212028503418
M4,0,AFUIy,3,failed,False,False,a6a7 d3a3 e5d4 a3e3 d4e3 g1g2,0.16713500022888184
M4,0,FqZrx,4,failed,False,False,a2b3 d3g6 h7g6 f3g3 b3g3,0.09437298774719238
M4,0,kbBNS,4,solved,True,True,e6g4 f3f7 g8h8 f7f8 d8f8 f2f8 b8f8 f1f8,0.0820770263671875
M4,0,WB6zM,3,solved,True,True,c8c2 f5f7 f8f7 d7d8 f7f8 f1f8,0.05653882026672363
M4,0,vZ7zY,3,solved,True,True,h8g8 f7h6 g8h8 e6g8 f8g8 h6f7,0.05620622634887695
M4,0,di0sR,4,solved,True,True,b8a6 f3f7 g8h8 e7e8 a8e8 f7e8 g7f8 e8f8,0.0741269588470459
M4,0,1E9Li,3,failed,False,False,d7d8 e4e8 d8e8 g4e6 e8e6 d4d5,0.1508800983428955
M4,0,lXsPl,3,failed,False,False,f7g6 d5f5 g6f5 c8h8 e3d2 g2h1,0.11832213401794434
M4,0,1lhnQ,4,solved,True,True,c7c6 d5e7 g8h8 h1h7 h8h7 d1h1 e6h3 h1h3,0.08069992065429688
M4,0,1uiG1,3,solved,True,True,g8h8 f6g7 h8g7 c1g5 g7h8 g5f6,0.06319212913513184
M4,0,9SkdY,4,failed,False,False,c3d2 b7e7 e8e7 e1e5 e7f8 e5e7 f8e7 c4c5,0.24008584022521973
M4,0,lvtpI,3,solved,True,True,f7e6 f3f7 g8h8 f7f8 a8f8 f2f8,0.06310606002807617
M4,0,T1REZ,3,failed,False,False,a8a7 f4f8 e8f8 e7f8q g8f8 e5e8,0.16773319244384766
M4,0,lBr5N,3,failed,False,True,g8f7 b8f8 f7g6 f8e8 g6g5 e8h5,0.06261825561523438
M4,0,HeY76,3,solved,True,True,f8e6 h4h6 g7h6 h3h6 f7h7 h6h7,0.06287312507629395
M4,0,OCiiE,3,solved,True,True,a7b8 a4a8 b8a8 e2a6 a8b8 a6b7,0.059927940368652344
M4,0,V2rei,3,failed,False,False,c4f4 g5h6 f4h6 e1e8 a8e8 b2f6,0.1661691665649414
M4,0,851vO,3,failed,False,True,f5d7 a1a6 b7a6 c7a7 d7a7 c1a1,0.11096811294555664
M4,0,lq5fn,3,solved,True,True,b7b2 f2f7 g8h8 f7e8 a3f8 e8f8,0.0632619857788086
M4,0,EhtCA,3,failed,False,False,g8h8 g5f7 f8f7 f4e5 f7g7 e5g7,0.16884994506835938
M4,0,49Yi9,4,failed,False,True,f6a1 f4d6 f8e8 c4f7 e8d7 f7e6 d7e6 f3f5,0.1906442642211914
M4,0,Cfyfv,3,solved,True,True,b4c3 d3a6 c8b8 d2d8 h8d8 d1d8,0.060674190521240234
M4,0,4djFS,3,failed,False,False,f8e7 g4g6 c2c1,0.020470857620239258
M4,0,lIPeH,4,solved,True,True,e7h7 h6g7 h7g7 h5f6 e6h3 h1h3 g7h7 h3h7,0.07729101181030273
M4,0,G7973,3,solved,True,True,d3f1 h5h6 g7h6 h4h6 h8g8 h6h7,0.057270050048828125
M4,0,XjrZa,3,failed,False,True,e3e2 a7a8 f2f8 a8f8 g8f8 h6h7,0.10766792297363281
M4,0,ArNru,3,failed,False,False,e4a4 e6h6 h8g7 h6g6 g7f7 g6g7,0.16585803031921387
M4,0,DAu6a,3,solved,True,True,e7e4 f3f7 g8h8 f7f8 e8f8 f1f8,0.057064056396484375
M4,0,7O5Kk,3,solved,True,True,c2e1 c1c8 d3d8 c8d8 e6e8 d8e8,0.055545806884765625
M4,0,HsnnQ,4,failed,False,False,b5b4 d6c5 b4c5 g2g3 a1b1 f1g2 b1h1,0.16911888122558594
M4,0,rPdDn,4,solved,True,True,d8g8 h6g5 h7g7 h5h6 g7f7 h6f6 f7e8 f6e7,0.07457613945007324
M4,0,dlrqn,3,solved,True,True,g8h8 d2d8 g7f8 d8f8 h8g7 f8g8,0.055673837661743164
M4,0,iRWAn,3,failed,False,False,g8g7 g5h6 g7f6 d8h8 f3e2 f1g1,0.163161039352417
M4,0,nuOSN,3,solved,True,True,g8g7 c4f7 g7h6 f7h7 h6g5 h7h4,0.0603487491607666
M4,0,epdXk,3,failed,False,False,g7f6 g3g4 h6g4 h2h4 f6g5 h4h5,0.16579079627990723
M4,0,9TYlG,3,solved,True,True,f6e4 c6c7 d8e8 c7c8 b8c8 c1c8,0.05750775337219238
M4,0,m5JSI,3,failed,False,False,f8f2 g4g7 c3g7 h5h6 d6h6 h1h6,0.1658790111541748
M4,0,XkVDL,3,failed,False,True,f7e6 h1h6 e6d5 h6g6 c6g6 h7h5,0.11456608772277832
M4,0,9890X,3,solved,True,True,d8d3 c2c7 b8a8 c7c8 h3c8 c1c8,0.061213016510009766
M4,0,v0SEZ,3,solved,True,True,d8c7 a7b8 c7b8 c1c8 b8c8 b7c8q,0.05781292915344238
M4,0,AUcHC,3,failed,False,False,d5c3 b1a1 c3a2 d6d7 c7d7 d2c3,0.1628737449645996
M4,0,JUKuo,3,failed,False,False,h4d4 d7b7 b8b7 c5a5 d4d1 g1h2,0.16812801361083984
M4,0,9ilXD,3,solved,True,True,d8d6 c3c8 d6d8 c8d8 g6e8 d8e8,0.06333804130554199
M4,0,vxoFy,3,solved,True,True,b2c3 d5f7 f8f7 e1e8 f7f8 e8f8,0.0566401481628418
M4,0,zs203,3,failed,False,True,d4c3 d2g5 g8f8 g5g7 f8e8 g7f7,0.05669093132019043
M4,0,5nDBk,3,solved,True,True,h6g5 h3h4 g5g4 f8f3 g4h4 f3f4,0.057006120681762695
M4,0,HGVWh,3,failed,False,False,c6c5 e7b7 b6b7 d1d7 f5d7 e3c5,0.16459989547729492
M4,0,0XsiV,3,solved,True,True,e7e5 c4f7 g8h8 f7f8 e8f8 f1f8,0.06313514709472656
M4,0,YkbDu,3,failed,False,False,e2b2 d7d8 f8g7 d5f6 b2b3 d3e4,0.16757583618164062
M4,0,DtBy8,3,solved,True,True,g3e5 a4d7 c8b8 d7d8 h8d8 d1d8,0.060375213623046875
M4,0,bBI7e,3,failed,False,False,d7e8 f7g5 f6g5 g2g3 e8h5 f5f6,0.16607379913330078
M4,0,WNv6u,3,solved,True,True,g6c2 g4f6 g8h8 g1h1 c2h2 h1h2,0.061187028884887695
M4,0,Y2TPL,3,failed,False,False,h7h8 a7a8 h8h7 g5g6 h7g6 a8g8,0.1659708023071289
M4,0,iMl7b,4,solved,True,True,d4a1 f6g6 g8h7 g6g7 h7h8 g7h7 h8h7 g5g7,0.08461689949035645
M4,0,FA5iT,3,failed,False,True,g7g6 a6a8 e6d8 a8b8 c4d4 d6e5,0.11403703689575195
M4,0,perlM,3,failed,False,False,a5b5 b7d5 g8d5 c3c4 d5c4 a3a4,0.1654191017150879
M4,0,Ly9lb,3,solved,True,True,d8d4 f4b8 d4d8 b8d8 c6e8 d8e8,0.05960488319396973
M4,0,blky2,3,failed,False,False,g3f1 h7g8 e8g8 g1h1 f1g3 h1g1,0.1636037826538086
M4,0,gE7tP,3,solved,True,True,g8h8 d2h2 h8g8 h2h7 g8f8 h7h8,0.05743002891540527
M4,0,a0HWe,3,failed,False,False,g4h3 e5f5 c3b2 e6e2 b2b1r e2e1,0.1401228904724121
M4,0,ZYFzB,3,solved,True,True,d8d2 c1c8 d2d8 c8d8 f6e8 d8e8,0.056500911712646484
M4,0,PdX5i,3,solved,True,True,g8f8 e3e7 f8g8 e7e8 a8e8 e1e8,0.0580143928527832
M4,0,NkXRL,3,solved,True,True,g4f4 e5g6 h7g6 d1h1 f4h4 h1h4,0.054997920989990234
M4,0,sF4TW,3,failed,False,False,e5f3 d4g7 g8g7 g5g6 h7g6 d2h6,0.16275405883789062
M4,0,WD61j,3,failed,False,False,d8b6 c6b5 a6b5 a2a4 b4a3 c2c4,0.16445302963256836
M4,0,d1X3R,4,failed,False,True,d6d5 f1f7 f8f7 g5g6 g7f8 g6g8 f8g8 d3h7,0.19113922119140625
M4,0,xjO0H,3,solved,True,True,d8c7 h5h8 g8h8 f4h6 h8g8 h6g7,0.06592893600463867
M4,0,tXNQL,3,failed,False,True,f5e4 f7g6 e4f3 g6g3 f3e2 g3g6,0.11408400535583496
M4,0,1bQOi,3,solved,True,True,e8e7 h3h6 g7h6 g6h6 e7h7 h6f8,0.06402277946472168
M4,0,eqVBc,3,failed,False,True,d8d2 f3f7 g8h7 f7e6 b5e2,0.04281210899353027
M4,0,dph7Q,3,solved,True,True,d4a1 d3g6 e8e7 c1a3 c6b4 a3b4,0.0621340274810791
M4,0,gr7Qu,3,failed,False,False,f8e7 d8h8 h7h8 a5g5 e7g5 e4e5,0.11733627319335938
M4,0,oZodX,3,solved,True,True,e8e7 d1d8 f6e8 d8e8 e7e8 b7f7,0.06505894660949707
M4,0,W95CJ,3,failed,False,False,e8f8 d1d6 h7h6 g3g4 g6g5 d6d4,0.16765499114990234
M4,0,CNET2,3,solved,True,True,e1g3 d7d8 a8d8 e7d8 f1f8 d8f8,0.06117987632751465
M4,0,tCmtg,3,solved,True,True,e8e3 c4f7 g8h8 f7f8 d8f8 f2f8,0.061460018157958984
M4,0,EULJ2,4,failed,False,False,b5g5 e4h7 h8h7 f1h1 g5e3,0.0925910472869873
M4,0,ur9D8,3,solved,True,True,f6f5 h1h8 g8h8 e4h4 h8g8 h4h7,0.06214094161987305
M4,0,2NEIo,3,failed,False,True,h7f5 h4h6 g7h6 h3h6 h8g7 h6h7,0.10973525047302246
M4,0,3jfue,3,failed,False,False,g5g3 d5b6 a7b6 d1d8 g3e1,0.09201407432556152
M4,0,aCh5e,3,solved,True,True,e2d2 d6d8 g8h7 f3f5 g7g6 f5f7,0.06214594841003418
M4,0,4rACN,3,solved,True,True,e5h5 g7c7 b8a8 c7c8 h8c8 c1c8,0.0544431209564209
M4,0,OFTRr,3,solved,True,True,c6d4 f5h6 g8h8 f1f8 g7f8 g5g8,0.05677175521850586
M4,0,JdM2P,3,solved,True,True,d5e3 f7c7 b8a8 c7c8 e8c8 c1c8,0.0544130802154541
M4,0,nh7lN,3,failed,False,True,g8h8 h1h7 h8h7 g4h4 e1h4 g2g4,0.10900092124938965
M4,0,urOFL,4,solved,True,True,a8d8 d1d8 g8h7 d8h8 h7h8 b4f8 h8h7 f8g7,0.07867908477783203
M4,0,lw3id,3,failed,False,False,h5h4 g7f6 a7b7 f6f5 b7h1,0.0924379825592041
M4,0,z7AUg,3,solved,True,True,g3e5 c4f7 g8h8 f7f8 d8f8 f1f8,0.06285285949707031
M4,0,eWALg,3,solved,True,True,b3a4 a7f7 g8h8 f7f8 c8f8 f1f8,0.05719399452209473
M4,0,o3xG2,3,solved,True,True,d4e5 d1d8 f6e8 d8e8 e7e8 g5f7,0.05806398391723633
M4,0,1rkWO,3,solved,True,True,d8e8 h3h6 h7h6 g3h3 f6h4 h3h4,0.057482242584228516
M4,0,Mfozz,3,failed,False,False,c8b8 c3c8 b8c8 e3e8 f7e8 e1e8,0.16307497024536133
M4,0,KVs8l,4,solved,True,True,d7h3 a7a8 c8d7 c4b5 c7c6 b5c6 b7c6 a8c6,0.07952880859375
M4,0,16P7O,4,failed,False,False,c6b5 a2a4 b5a4 e6a6 b7a6 e7a7 g5e3 g1h1,0.23838090896606445
M4,0,gFMAe,3,solved,True,True,f8g8 h1h7 h8h7 a1h1 e6h6 h1h6,0.06566309928894043
M4,0,qT9kN,3,solved,True,True,e4d3 c4f7 g8h8 f7f8 d8f8 f1f8,0.06273007392883301
M4,0,UMfMx,3,solved,True,True,b8g3 f5f7 g8h8 f7f8 d8f8 f1f8,0.06237483024597168
M4,0,plPCF,3,failed,False,False,f7f5 h3h7 d8b6 h7h8 g8f7 h2h7,0.16864609718322754
M4,0,NyUgM,3,solved,True,True,f5e6 d2d8 h8d8 d1d8 c8d8 b4f8,0.06450128555297852
M4,0,LfsmX,4,failed,False,False,h4h3 d7f7 g7h6 f7f8 h6h5 f8h8 h5g5 f2f4,0.23956012725830078
M4,0,xGAyN,3,failed,False,False,b5b1 d6d8 e1e8 d8e8 g6e8 f3d5,0.16658973693847656
M4,0,5onQQ,3,failed,False,True,c3d3 h1h7 h8h7 d5f7 h7h6 f7g6,0.11429286003112793
M4,0,cmlYW,4,failed,False,True,b3d1 e4g5 h7g8 e5b8 g8g7 b8c8 d1e1 h4h3,0.1840658187866211
M4,0,1RQuj,4,failed,False,False,f7g6 d7e7 a8e8 e7g7 g6g7 e1e7 e8e7 c2c4,0.23459291458129883
M4,0,oGtUi,5,failed,False,False,f8g8 f5h7 f6h7 d1g1 d6e5 h1h7 g7h7 g1h1 h7g7 h1h7,0.31534576416015625
M4,0,TaluB,5,failed,False,True,g8h7 g3g7 f7g7 g1g7 c7g7 d2g5 g7g5 h5f4 g5f4 c1d1,0.25793910026550293
M4,0,HGFAs,4,failed,False,False,f8g8 e1e8 f6e8 c8e7 g6e7 d6b8 f5f2,0.17020320892333984
M4,0,l8p4e,4,solved,True,True,d4d3 e2e8 g7f8 e8f8 g8f8 c1h6 f8g8 e1e8,0.08129310607910156
M4,0,Kw0kB,4,failed,False,True,e4c4 f5e7 g8h8 h3h7 h8h7 f2h2 c4h4 h2h3,0.0772697925567627
M4,0,JLhoK,4,failed,False,True,f7g6 h6g6 g8h8 g6h5 e7h7 h5h6 h7h6 h3f5,0.18736934661865234
M4,0,tOWFG,4,failed,False,True,e7d6 d7h7 h8h7 b5b7 e8e7 b7e7 d6e7 h2h3,0.18432831764221191
M4,0,Wm2iA,4,failed,False,False,h6h5 c7f7 g3e5 f1g1 e5e4 f7f8 e8f8 g1h1,0.24053192138671875
M4,0,4Rs7I,4,failed,False,True,f7d6 g3g8 f8e7 d4f5 d6f5 g1g7 f5g7 c4e6,0.18556904792785645
M4,0,x2kIh,5,failed,False,False,b6c7 h5f7 f2f7 e1e8 f7e8 b2f6 d6d5 f6e5 e8e5 g2g3,0.28280115127563477
M4,0,eooND,5,failed,False,False,e2f3 g5h6 g7h6 a8f8 h6h5 g2g4 h5g4 h2h4 b2a1,0.14001703262329102
M4,0,S0BrG,4,solved,True,True,f6d5 f3f7 f8f7 a7a8 e5e8 a8e8 f7f8 f1f8,0.08051800727844238
M4,0,N5eYD,4,failed,False,False,e7f6 c6e7 a2g2 g4h4 g7g5 h4h3 e6f4,0.11927914619445801
M4,0,cVScr,4,solved,True,True,c7e5 f3f7 f8f7 d1d8 e5e8 d8e8 f7f8 e8f8,0.07574772834777832
M4,0,3b0ab,4,solved,True,True,d2a2 b7f7 f8f7 c1c8 e5e8 c8e8 f7f8 e8f8,0.07481908798217773
M4,0,rcVmU,4,failed,False,True,c3c2 f4d6 f8g8 d6e7 h7h5 d1d8 g8h7 e7f7,0.181535005569458
M4,0,8H6xD,5,failed,False,True,g8h8 h4g6 h8h7 g4h4 c6e7 f1f4 e7f5 h4h5 f5g7 h5h6,0.2619619369506836
M4,0,X6RsA,4,failed,False,True,d5g5 e1e8 f6e8 f1f8 h7f8 g6e8 g5c1,0.11986613273620605
M4,0,K01az,4,failed,False,True,g6h8 d5g5 h8g6 g5h6 e8e1,0.04516410827636719
M4,0,TTyCt,4,failed,False,False,d7e7 d1d7 e7d7 f3e4 g4f6 g2g4 h5b5 e4d3,0.238173246383667
M4,0,H5LFr,4,solved,True,True,e6h6 d3h7 g8h8 g5f7 f8f7 e1e8 f7f8 e8f8,0.08258509635925293
M4,0,EJJsF,4,solved,True,True,b3c3 f4f7 f8f7 b1b8 d5d8 b8d8 f7f8 f1f8,0.07537221908569336
M4,0,r7fZD,4,failed,False,False,c8c1 h5h7 g8h7 g5h5 h7g8 h5h8 g8h8 f3f6,0.23651409149169922
M4,0,jRh9f,4,failed,False,False,d6d7 c4e6 e8e6 f4e5 g2f1 c1d2 f1f2 d2d1,0.23861026763916016
M4,0,Zj61b,4,failed,False,False,c7b6 g7b7 b6b7 b2b4 h4g4 b4b5 g4g1 h1g1,0.15528202056884766
M4,0,wzIj9,5,failed,False,False,h1f1 f5e7 f8e7 a4b6 c8c7 d1d7 c7c6 c4c5 f1e1 e3d3,0.3130960464477539
M4,0,EVuUv,4,failed,False,False,c7b6 e5d6 h7h2 g1f1 h2g2 f1e1 h8h1,0.08163285255432129
M4,0,KDBuW,4,failed,False,False,g6h5 g3g4 d1g4 f4g4 h5g4 f2f3 g4f4 g2h3,0.2379598617553711
M4,0,sP0g9,5,solved,True,True,h6g5 b4e7 g5h6 g4g5 h6h5 e7h7 h5g5 h7h4 g5f5 h4f4,0.10193610191345215
M4,0,BhJTW,4,failed,False,True,d3d2 f6e6 e8d8 e6d6 d8c8 d6d7 b5d7 e5c6,0.13798809051513672
M4,0,cTtGs,4,failed,False,False,e7e5 d3g6 f7g6 f3h5 g6h5 g1g2 e5d4 f2f4,0.236860990524292
M4,0,H6u5Q,4,failed,False,False,f5e4 f1f7 d5f7 b2b3 e4d4 c2c4 d4d3 c4c5,0.23809599876403809
M4,0,NgmMM,4,failed,False,False,a2c4 d1d8 c8d8 g3g4 c4e6 f1a6 b7a6 g4g5,0.23714780807495117
M4,0,DldpV,4,solved,True,True,d5c4 h1h8 g8h8 d1h1 e7h4 h1h4 h8g8 h4h7,0.08097314834594727
M4,0,VSu8T,4,failed,False,False,e8c8 a5c7 c8c7 d7d8 f8d8 c3c5 g4g1,0.16661310195922852
M4,0,NqvFO,4,failed,False,False,c8b8 e5c6 b8a8 d7c7 e8c7 b4b5 h2d2 c6b8,0.19155192375183105
M4,0,a3Ccn,5,failed,False,True,d8d7 e2e6 g8h8 e7e8 g7f8 e8f8 a8f8 e6e5 d7g7 e5f6,0.2040250301361084
M4,0,wnkCb,5,solved,True,True,c8c3 b3f7 f8f7 d7d8 f6d8 d1d8 f7f8 f3d5 g8h8 d8f8,0.09858512878417969
M4,0,YEHBD,4,failed,False,False,f7f8 a1f1 b7f3 g6g7 f8g7 h7g6 g7g6 g2g3,0.23503589630126953
M4,0,eQyPB,4,failed,False,False,a8f8 e7f7 f8f7 c7c8 f7f8 c8f8 g8f8 e1e8,0.23718810081481934
M4,0,LZKsm,4,failed,False,True,f1e1 d5d8 c6d8 h4d8 e6e8 d8e8 e1e8 b3c3,0.13648176193237305
M4,0,A4UDP,5,solved,True,True,g7f6 f7e8 d4d8 e2g4 f6f5 g4f5 e7e6 f5e6 c8b8 e8d8,0.1210029125213623
M4,0,CjnZA,4,failed,False,True,e8f8 f1f8 h8h7 d5e4 e5e4 f8f5 e4f5 h2h4,0.1860642433166504
M4,0,3NzHL,4,failed,False,False,h3h5 f7g7 h5h6 f6f7 h2f2 f7e7 h6h7 g7h7,0.23874592781066895
M4,0,HYNLQ,4,solved,True,True,c4a4 f4f7 f8f7 c2c8 a4e8 c8e8 f7f8 e8f8,0.07745218276977539
M4,0,DAh4p,4,failed,False,False,g6f7 c3g7 f7g7 e8f8 f2f8 e1e8 g7b2 e8f8,0.2400209903717041
M4,0,r0or7,4,failed,False,False,f5e3 b4f8 g8f8 e4f6 d7c6 f3g3 g7f6 g3g8,0.2371997833251953
M4,0,G7tBT,4,failed,False,False,a5b5 d5e7 g8h8 f3f8 e6g8 f8g8 a8g8 f1f8,0.23789691925048828
M4,0,haIz7,4,solved,True,True,g4h3 f4f7 f8f7 d1d8 e2e8 d8e8 f7f8 f1f8,0.08042693138122559
M4,0,d3NsE,4,failed,False,False,d4f4 a4d7 c8d7 e6e7 d7e7 g5e6 e7e6 e2d3,0.2384800910949707
M4,0,n0oV8,4,failed,False,False,c7d6 h4h5 g2g1 c1d2 g1f2 c4e2 f2f4 d2c3,0.24308109283447266
M4,0,CvUW8,4,solved,True,True,c8c1 d7f7 f8f7 b7b8 c1c8 b8c8 f7f8 f1f8,0.08861374855041504
M4,0,H5Y2Z,4,failed,False,True,d8b8 c7b7 b8b7 f7f8 b6c8 f8c8 b7b8 c8b8,0.08501505851745605
M4,0,4n06s,4,solved,True,True,h7g6 h5g6 h8g8 h1h8 g8h8 e2h2 h8g8 h2h7,0.08360695838928223
M4,0,faRdB,4,failed,False,True,c8c1 f7g7 g8g7 g5f6 e1f1,0.042082786560058594
M4,0,3bBWE,5,failed,False,True,e5g4 f6g6 f7g6 h6g6 h7g6 b3d1 e7f7 b2h8 f7f1,0.18817901611328125
M4,0,SyMTK,4,failed,False,False,c6c5 b2b4 c5b6 d7c7 b6c7 b4b5 a6b5 a2a4,0.24074006080627441
M4,0,10bVz,5,failed,False,False,a8a3 h2h6 a3e3 g3g2 f8f4 h6h7 g7f6 h1h6 f4g3 g2h1,0.2668750286102295
M4,0,wVzSB,4,failed,False,True,f8f1 h5e8 c6d8 e8d8 e7d8 e4f5 f1d1 f5e6,0.18503808975219727
M4,0,Rea07,4,failed,False,False,g6e5 e6e8 d8e8 d6f7 e5f7 d1d8 e8d8 f2f4,0.23670601844787598
M4,0,epkt9,5,failed,False,True,g8f7 e5e6 f7f8 e6e7 f5e7 e3e6 a2b1 e6e1 b1e1 g1h2,0.2607550621032715
M4,0,RkedQ,5,failed,False,False,f2d1 a4c6 b7c6 e5c6 e7e4 b1a1 e4c2 c6a7 c8b7 a6c5,0.31654977798461914
M4,0,20bky,4,solved,True,True,f6g7 h5h7 g7g8 h7h8 g8f7 h4h7 f7e6 h8e8,0.07759594917297363
M4,0,kMpLK,4,solved,True,True,e8g7 h1h8 g8h8 d2h6 h8g8 h6h7 g8f8 h7h8,0.07413411140441895
M4,0,9gpYC,4,solved,True,True,c3c7 g5g6 f7g6 h5g6 h7h8 b6b8 c7c8 b8c8,0.0729680061340332
M4,0,YRMlO,4,failed,False,False,e7g8 f6g6 d2h6 g6f7 h6g7 f7e8 c8d7,0.08984804153442383
M4,0,0rD7x,4,failed,False,False,c2d2 f6f7 f8f7 f3h3 d5g2,0.0921788215637207
M4,0,7fdKB,4,failed,False,False,d5d4 g4h5 d4e4 e8g8 f6f2 g1h1 f2f1,0.11865687370300293
M4,0,3ADlb,4,solved,True,True,e2b2 b7f7 g7h8 f7f8 h8h7 f1f7 d4g7 f8g7,0.07843518257141113
M4,0,o3wmJ,4,failed,False,True,g2h2 f5g6 b2b1r b7b8 b1b8 g6f6 b8f8 f6e6,0.18121910095214844
M4,0,JctYE,4,failed,False,False,g6h5 h3h5 d7d4 g1h1 d4d1 c3d1 d8d1,0.11897921562194824
M4,0,xYz0q,4,solved,True,True,c2c1q f7g8 h8g8 c7c8 c6d8 c8d8 g8f7 d8f8,0.07488274574279785
M4,0,IKL47,4,solved,True,True,h5h4 g5g6 h4h3 g6g7 h3h2 g7g8q h2h1q g8g7,0.07288479804992676
M4,0,0306X,4,failed,False,False,c2e4 g7f8 b4f8 d1d8 c8d8 g2g4 c3c1,0.11762714385986328
M4,0,X9Ftx,4,solved,True,True,g5f5 h1h8 g8h8 d5h1 f5h5 h1h5 h8g8 h5h7,0.07529282569885254
M4,0,lUzRZ,4,solved,True,True,d7f6 e5f7 f8f7 d5d8 f6e8 d8e8 f7f8 e8f8,0.07440686225891113
M4,0,ctUGE,4,solved,True,True,a8f8 e4h7 g8h8 h7g6 g7h6 h5h6 h8g8 h6h7,0.07284808158874512
M4,0,mq3ia,4,solved,True,True,c3b2 h1h8 g8h8 f1h1 f4h5 h1h5 h8g8 h5h7,0.07153201103210449
M4,0,AAo8r,4,solved,True,True,a8a6 f2f7 f8f7 b7b8 e5e8 b8e8 f7f8 f1f8,0.07279610633850098
M4,0,xO0AU,4,failed,False,False,f8f4 g4e6 e2e6 g2d5 f2e3 d5e6 e3e6 g1g7,0.23807811737060547
M4,0,QglcD,4,failed,False,True,h6h5 g2g4 h5h6 h2h4 g7g6 g4g5 h6g7 e4f6,0.18305373191833496
M4,0,JqYEl,4,failed,False,False,e8e4 c7e6 c8c2 b1b4 e4e1,0.09433317184448242
M4,0,vb3lj,4,failed,False,False,d1c1 b3f7 g8f7 g5f6 e1f2 e5e6 f7f6 e6e7,0.18997883796691895
M4,0,R8N0W,4,failed,False,True,c2b2 f3g5 h6g5 c1c7 a2a1 c7c1 a1c1 e3e1,0.10838603973388672
M4,0,rCfW6,4,failed,False,False,c2d2 e7e8 f7e8 d7e6 e8f7 e6e8 f8e8 e1e8,0.23566603660583496
M4,0,i7vfL,4,failed,False,False,f3g4 d2g5 f6g5 e2e7 g7h6 e1e6 g4g2,0.16759085655212402
M4,0,YB4GB,4,solved,True,True,f7g6 c2g6 e8f8 f3g5 d8e8 g5e6 f8g8 g6g7,0.0794670581817627
M4,0,sXcAN,4,solved,True,True,c7c6 d5e7 g8h8 e5f7 f8f7 d1d8 f7f8 d8f8,0.07780075073242188
M4,0,6KiPI,4,solved,True,True,g8h8 e1h1 g4h2 h1h2 f5h3 h2h3 h8g7 h3h7,0.07216835021972656
M4,0,SIfeb,4,failed,False,False,b8b7 b1b7 a6b7 d1d7 e8d7 g2h3 e3e1 h1g2,0.18663311004638672
M4,0,Tg5lg,4,failed,False,False,h6g5 h3h4 g5g4 f8f6 a1b2 g2h1 b2c1 f6f5,0.23856711387634277
M4,0,UBqMu,4,failed,False,False,c8f5 d2d8 c6d8 d1d8 a8d8 e1e8 d8e8 b2b4,0.23654770851135254
M4,0,RAgub,5,failed,False,False,e4b1 a4e8 h8e8 f7f8 e8f8 d4c6 b1d1,0.16809582710266113
M4,0,9JyNV,4,failed,False,False,f8d6 e5e6 c8e6 g5g6 d6h2 g1h1 h5g3,0.1659243106842041
M4,0,BO9nf,4,failed,False,False,f8g8 g1g8 a8g8 d2c3 g8g7 c3e5 c6e5 a2a4,0.2387378215789795
M4,0,MBXkW,4,solved,True,True,c5d4 d3h7 g8h8 e5f7 f8f7 e1e8 f7f8 e8f8,0.08202600479125977
M4,0,XF4dJ,4,failed,False,False,f8g8 g3g8 c8g8 g1g8 h8g8 e3g3 e5g3 f2g3,0.23707914352416992
M4,0,bPaZR,5,failed,False,False,g8f7 h8h7 h6h7 g2g6 h3h2,0.09472894668579102
M4,0,ChUtd,4,solved,True,True,g4e5 c6e7 g8h8 h1h7 h8h7 c1h1 c8h3 h1h3,0.07893705368041992
M4,0,ZRij9,4,failed,False,False,c2a4 f6h5 g7h6 d8f8 a4b5,0.09227180480957031
M4,0,QTPqa,5,failed,False,False,e4e5 a6a7 e5e1,0.0222470760345459
M4,0,IrFba,4,solved,True,True,f8a3 c2c8 b7c8 c1c8 f6d8 c8d8 a3f8 d8f8,0.07536196708679199
M4,0,03CZE,4,failed,False,True,e5f4 h1h7 h8h7 f3h3 c8h3 e4e5 d6e5 c1d2,0.18337512016296387
M4,0,YvUnq,4,failed,False,False,e7a3 h5h8 g8h8 g6h6 g7h6 d1g1 d5d4 g1g8,0.2360677719116211
M4,0,rxcNQ,4,failed,False,True,a7a6 h1h7 h8h7 d1h1 h7g7 h1h6 c3a1,0.11275815963745117
M4,0,wyffn,4,failed,False,False,a7b6 c1c7 d5b5 c7a7 b5c6 a7a8 c6a8 f2f4,0.23742198944091797
M4,0,RRjnl,4,failed,False,False,g7g6 g4g6 h7g6 d7g7 g8g7 e1e7 c6e7 h3h4,0.19399595260620117
M4,0,3aNqS,4,solved,True,True,c6c2 f7g7 g8g7 d7d8 a8d8 d6d8 g7g8 b2f6,0.07710433006286621
M4,0,wg4LL,4,failed,False,False,g6h5 g2g4 f6g4 e5g4 h8f8 g4f6 f8f6 f2g1,0.23604083061218262
M4,0,pSHsU,4,failed,False,True,d5e6 f5h6 g8g7 f2f7 e6f7 f1f7 g7h8 f7h7,0.18471884727478027
M4,0,EmJVq,4,failed,False,True,g7f8 d6d7 c7c8 d1d6 f8d6 g3g4 a1c1 g1g2,0.18456292152404785
M4,0,L43X4,5,solved,True,True,d8f8 b7f7 f8f7 a7a8 f6e8 a8e8 f7f8 f1c4 g8h8 e8f8,0.09739112854003906
M4,0,TVwpx,5,failed,False,False,f7f5 h2h7 g8f8 h7h8 e6g8 h8g8 f8g8 g5g6 a6a2 b1c1,0.26503682136535645
M4,0,qUHE0,5,failed,False,True,c8c6 b4f8 h8h7 g4f5 c6b6 f2e2 b6b2 e2e3 b2d4 e3e2,0.25505685806274414
M4,0,lDQlx,4,solved,True,True,g8f8 d2b4 c6c5 b4c5 d7d6 c5d6 f8g8 e1e8,0.07974004745483398
M4,0,navmb,4,failed,False,False,e6g6 f7f8 g6g4 f1f6 d8e7 f8g8 a8g8 f6h6,0.23375892639160156
M4,0,WlWa2,4,solved,True,True,b3b6 f4f7 f8f7 c7c8 b6d8 c8d8 f7f8 d8f8,0.08173608779907227
M4,0,EhhrH,4,failed,False,False,c8c7 b7a8 c7c8 a8c8 d8c8 e2e7 f5f2 g1h1,0.202254056930542
M4,0,9HdRF,4,solved,True,True,a8a3 b3f7 f8f7 c1c8 b5e8 c8e8 f7f8 e8f8,0.0785360336303711
M4,0,rmy5O,4,solved,True,True,b8b3 h1h8 g8h8 e5h5 h8g8 h5h7 g8f8 h7h8,0.07576394081115723
M4,0,DxtiN,4,failed,False,False,d3e4 g7f7 e7d6 f7f6 d6c5 h5e8 e4f4 h4h5,0.18854808807373047
M4,0,AyPHY,4,failed,False,True,g7h8 b4f8 d8f8 g4g7 c7d7 g7g8 f8g8 d1a1,0.13471102714538574
M4,0,TDhM5,4,failed,False,False,g8g7 f3g5 c3a1 c1d2 a1d1 d2c3 d1g1 h3h7,0.23976492881774902
M4,0,iwPGB,4,solved,True,True,e7g5 c7f7 f8f7 b1b8 g5d8 b8d8 f7f8 f1f8,0.0764918327331543
M4,0,frvMh,4,failed,False,False,a8b8 h6h7 h8h7 g1h1 g8h8 h3h4 b6b5 h4h5,0.23726105690002441
M4,0,UCem1,4,failed,False,False,e4f3 e2e6 h8e8 h5g6 h7h8 h1h6 g7h6 e6e8,0.23840785026550293
M4,0,dqX1c,4,failed,False,True,b3e6 c8h8 h7g6 h8h6 g6g5 h3h4 g5f4 h6f6,0.13019323348999023
M4,0,Q2O0t,4,failed,False,False,g8h7 g5h5 g4h6 h5h6 h7h6 a5f5 g1a1 a3b4,0.23852920532226562
M4,0,nbKQm,4,failed,False,False,d7e6 f3f5 e6e7 f5f6 h4f6 f1f6 e7f6 b2b4,0.24125885963439941
M4,0,Bpycp,4,solved,True,True,h2h5 f8h8 h7g6 f7e5 g6f6 h8f8 e7f7 f8f7,0.07556319236755371
M4,0,6mQX4,4,solved,True,True,d8g5 f3f7 f8f7 a1a8 g5d8 a8d8 f7f8 d8f8,0.07414913177490234
M4,0,fFEqQ,5,solved,True,True,c7d7 g2g7 g8g7 f2g2 g7h7 e6g6 h7h8 g6h6 f7h7 h6f8,0.08878803253173828
M4,0,hGgEA,4,solved,True,True,f5c2 g3g6 c2g6 h5g6 h7h8 c6c8 e7e8 c8e8,0.07472014427185059
M4,0,bCKKu,4,solved,True,True,c8g8 h6g7 g8g7 a6a8 c7c8 a8c8 g7g8 c8g8,0.07236218452453613
M4,0,bPqPV,4,failed,False,False,f8c8 e1e8 c8e8 c4c6 f6c6 b1a1 g6g5 a1a2,0.236403226852417
M4,0,zHWds,4,failed,False,True,c8c1 a6e6 g8f8 e6d6 e4d6 b1b8 f8f7 b8e8,0.18394684791564941
M4,0,9gfca,4,failed,False,True,e7c5 g4e6 f8f7 e6f7 g8h8 e5g6 e4g6 f7f8,0.13168716430664062
M4,0,GSGmi,4,solved,True,True,g6e5 h5h7 h8h7 f3h3 e8h5 h3h5 h7g8 d5f6,0.07368874549865723
M4,0,LffW0,4,solved,True,True,c7a5 d5e7 g8h8 h4h7 h8h7 d1h1 g4h5 h1h5,0.0734860897064209
M4,0,y59Dl,4,solved,True,True,h8g8 f5h7 g8h8 h7g6 h8g8 h6h7 g8f8 h7f7,0.07395195960998535
M4,0,R9rJu,4,failed,False,True,d4d3 g5g6 h7g6 h5g6 f7f8 e6e7 d3d2 e7e8,0.12734198570251465
M4,0,XTzgz,4,solved,True,True,e3b6 f5e7 g8h8 f1h1 f6h7 h1h7 h8h7 d1h1,0.07241225242614746
M4,0,qJcSs,4,solved,True,True,h6h5 h2h5 g6h5 h1h5 g7h6 h5h6 h8g7 h6h7,0.07296013832092285
M4,0,lNje2,4,failed,False,False,d5c4 d3d8 c6d8 d2d7 c8b8 d7d8 h8d8 d1d8,0.23848319053649902
M4,0,S2Wzk,4,solved,True,True,d1d7 e2e6 g8h8 e7e8 f6e8 e6e8 g7f8 e8f8,0.07413721084594727
M4,0,Lj2rB,4,solved,True,True,d7e6 h1h8 g8h8 f1h1 f4h2 h1h2 h8g8 h2h7,0.0720057487487793
M4,0,Zav7V,4,failed,False,True,a4a2 e4e8 g8e8 e1e8 b8a7 d5b5 a2g2,0.05633187294006348
M4,0,VkYtg,4,failed,False,False,d5d1 h5h6 d1c2 b4a5 f8f3 a3b4 c2c4,0.11367392539978027
M4,0,lRpfQ,4,failed,False,False,g7h6 e7f8 e8f8 d5f7 f8f7 e3e6 f5e6 e1e3,0.23469114303588867
M4,0,SWmZR,4,solved,True,True,g4e3 b7f7 f8f7 b3b8 c2c8 b8c8 f7f8 c8f8,0.07538485527038574
M4,0,3GqYo,5,failed,False,False,b2a2 f5g5 h6g5 h2h4 g5g6 f1f2 a2f2 c7g7 g6g7 h4h5,0.2981271743774414
M4,0,SFdWT,4,failed,False,True,f8e8 h5h8 g8f7 g6e5 f7f6 h8f8 e8f8 a1f1,0.12620806694030762
M4,0,ckmOr,4,failed,False,False,e4d4 c6c7 h3c3 e1e2 c3c7 a2a4 c7g7 c2c3,0.23619675636291504
M4,0,13GNC,5,failed,False,True,f5e3 g4g7 g8g7 h5g6 g7g6 a1g1 g6f5 g1g2 b5f1 g2g1,0.23641610145568848
M4,0,eks8o,4,failed,False,False,e8e1 h2h6 g7a7,0.01998734474182129
M4,0,SGKIc,4,failed,False,True,f8f7 e7g6 h7g6 e1e8 f7f8 e8f8 h8h7 f8h8,0.0753936767578125
M4,0,ofvgi,4,failed,False,True,f7f6 h6f5 g7g6 h3h6 g6f7 h6g7 f7e6 g7f6,0.18050527572631836
M4,0,FjFUR,4,solved,True,True,c8c2 e1e8 g8h7 e8h8 h7h8 f4h6 h8g8 h6g7,0.07377099990844727
M4,0,v7okF,4,solved,True,True,d8d4 c7b8 f5c8 b8c8 f6d8 c8d8 d4d8 d1d8,0.07091784477233887
M4,0,nwYuU,4,solved,True,True,g8g2 f3f7 e8d8 f7f8 d8d7 f1f7 d7c6 f8c5,0.07369017601013184
M4,0,ehs1l,4,solved,True,True,e4e5 b3f7 f8f7 d4d8 e5e8 d8e8 f7f8 f1f8,0.07350993156433105
M4,0,te6WQ,4,failed,False,False,c4a4 e7f7 d4f2 h4h5 f2g3 f7f6 h6h5 f6g6,0.23467206954956055
M4,0,ydK9T,5,failed,False,False,h8c8 e7d6 c7d6 f7f8 c8f8 g5f4 d6f4 a2a4 c4a2 a4a5,0.3141520023345947
M4,0,d5mtE,4,solved,True,True,b8b4 h1h8 g8h8 e1h1 f6h4 h1h4 h8g8 h4h7,0.0765681266784668
M4,0,BSKIV,4,failed,False,False,d7c8 d5e7 g8h8 f1f7 b8b7 f7g7 h8g7 e7g6,0.2382340431213379
M4,0,KzaW7,4,solved,True,True,b2b1q g7g8 f8f7 g1g7 f7e6 g8e8 c6e8 g7e7,0.08064413070678711
M4,0,6molv,4,failed,False,True,f6f5 b7g7 g6f6 a7a8 f6g7 a8g8 g7g8 e3d4,0.1836872100830078
M4,0,mRvyG,4,failed,False,False,a4a3 d8g8 f7g8 b8g8 h7g8 h3h2 a3a2 h2h3,0.24711203575134277
M4,0,aX79S,4,failed,False,True,h6h5 h1h5 h7g8 d5f6 g8g7 d2h6 g7f6 h6h7,0.1832718849182129
M4,0,1lxvG,4,failed,False,False,f4g3 e8e5 f6e5 f1f2 e2e1 f2f1 a2g2 g1h1,0.14195704460144043
M4,0,rKZet,4,solved,True,True,a8a7 f3f7 f8f7 b7b8 a5d8 b8d8 f7f8 d8f8,0.07417678833007812
M4,0,KGC5O,4,failed,False,False,c8f8 d7f7 f8f7 f4g4 g8f8 g4g5 f7f2 g2h3,0.24067020416259766
M4,0,r7D8Q,4,failed,False,False,b2b1 c4d5 h1h7 e7e6 h7g6 e6d7 f1f7 d7e8,0.23587703704833984
M4,0,thO1D,4,failed,False,False,c3e1 h6h7 g8h7 g5h6 h7h6 f6g7 f7g7 h3h4,0.23790884017944336
M4,0,vQeWI,4,failed,False,True,e4f5 c5f8 g8f8 e3e7 f8e7 c1a3 e7d7 a3b4,0.1829988956451416
M4,0,tEa4B,4,failed,False,False,g7h6 b7h7 h6h7 f1h1 h7g7 h1h7 g7h7 g2h3,0.18000268936157227
M4,0,Z83eu,4,solved,True,True,c4d4 g5h5 g6h5 g1g7 g8g7 d2h6 h7g8 h6g7,0.07413816452026367
M4,0,JUMSE,4,failed,False,True,h6g5 h5h8 g8h8 g3h3 e6h3 b2c1 f6f2 c2d1,0.18246197700500488
M4,0,NVUXz,4,failed,False,True,h6h5 g6f4 h5h6 e1h1 g4h2 h1h2 f6h5 g3f3,0.0719449520111084
M4,0,CZppM,4,solved,True,True,e7f8 h6h7 g8h7 f3h3 f8h6 h3h6 h7g8 h6h8,0.0733041763305664
M4,0,R5Pr1,4,solved,True,True,f8f7 a7a8 e5b8 a8b8 f7f8 f3d5 g8h8 b8f8,0.07147407531738281
M4,0,R23XZ,4,failed,False,True,f7e6 g4e6 e8f7 e6e8 a8e8 f1f7 g8f7 g2g3,0.18230605125427246
M4,0,2jYX5,4,failed,False,True,e3c3 e1e8 g8f7 f3g5 f7e8 f1f8 e8f8 g5h7,0.18489885330200195
M4,0,qCO74,4,failed,False,True,g5g4 f8f3 g4h4 f3f4 h4h5 f4h4 h5h4 g2g3,0.13593387603759766
M4,0,GwQJZ,5,failed,False,True,b3c3 f7f8 d7f8 f1f8 d8e7 g3d6 c4d6 f8c8 c3e1,0.13108015060424805
M4,0,RJsfa,4,failed,False,False,a2b1 e2c4 g8h8 c4d5 b8c6 d5f5 f6f5 f2f3,0.2395329475402832
M4,0,t2fbr,4,solved,True,True,b4d2 d5f7 f8f7 c1c8 d2d8 c8d8 f7f8 d8f8,0.07523703575134277
M4,0,XFPHh,4,failed,False,True,e5b2 e2a6 b7c7 a3b3 a8c6 a6a3 f6d4 g1h1,0.18528366088867188
M4,0,Nyf8z,4,failed,False,False,g5f6 f5e7 g8h8 e7g6 f7g6 b2f6 a5a2 b1c1,0.22127890586853027
M4,0,OSZvG,4,failed,False,False,d7e8 g3g7 f6g7 c7g7 g8h8 g7h7 h8h7 f2f4,0.23850607872009277
M4,0,SlAsE,5,failed,False,True,e6f6 d1d7 e8f8 c3b4 c7c5 d7f7 f6f7 e5d7 f7d7 b4c5,0.20740103721618652
M4,0,1755Q,4,failed,False,False,c8c7 e1e8 d7e8 a3a8 c7e7 a8b8 e7e1,0.16435813903808594
M4,0,SLAwI,4,failed,False,True,c4b3 d7d8 g7f8 d8f8 h8g7 g5f6 g7f8 f6e5,0.18483901023864746
M4,0,NTcZB,5,solved,True,True,g8h8 d1h5 h8g8 g5g6 d7f6 e5f6 f8f6 h5h7 g8f8 h7h8,0.0966639518737793
M4,0,QIrX9,4,failed,False,True,d6e5 b3f7 g6h6 g5e4 e5f4 f7h5 h6h5 g2g4,0.18126273155212402
M4,0,sNkQ4,4,solved,True,True,e8e4 b3f7 g8h8 f7f8 d8f8 f5f8 a8f8 f1f8,0.07451319694519043
M4,0,iWwLs,4,failed,False,True,d4a4 f7e6 e3e6 d1d8 c6d8 f1f8 h3c3 a1b1,0.1312551498413086
M4,0,ripDa,4,solved,True,True,a6c5 f7g6 f4g6 h5g6 h7g8 d6d8 e4e8 d8e8,0.07257604598999023
M4,0,U39nw,4,solved,True,True,c7c6 d5e7 g8h8 h1h7 h8h7 d1h1 c8h3 h1h3,0.07416009902954102
M4,0,vTDeI,4,failed,False,False,e2f2 h8h7 h6h7 g2e4 f2h2 f1f2 a7f2,0.11475992202758789
M4,0,pLClq,4,failed,False,True,d7e6 a7e7 e6f5 e7e4 c6e4 g3e5 d8d2 g2g4,0.15693902969360352
M4,0,k0a0N,4,failed,False,False,e1f2 c6a8 g8h7 g5g6 f7g6 f5g6 h7g6 a8g8,0.23898887634277344
M4,0,5VpR0,4,solved,True,True,c8e6 d5e7 g8h8 h4h7 h8h7 f1h1 e6h3 h1h3,0.07544112205505371
M4,0,rXzve,4,solved,True,True,g7g6 g2g6 f7g6 h6g6 g8h8 g6h5 f8h6 h5h6,0.0716550350189209
M4,0,qkdj5,4,failed,False,False,d7f5 f4d6 f5f2 g1h1 e7d6 e1e8 f8e8 g2c6,0.23992085456848145
M4,0,aehlj,4,failed,False,False,e8f7 g6f6 b7c6 g1g8 c8b7 f6d8 c6b5 b1a1,0.15601491928100586
M4,0,cLJ2Y,4,failed,False,False,c3d2 b3f7 g8f7 g2g6 d2e1q f1g2 e8e2 g2f3,0.2077319622039795
M4,0,iIrNE,5,failed,False,True,h8g7 d2g5 f8g6 g5f6 g7f6 e8e5 h1d1,0.11466813087463379
M4,0,EZ52V,4,solved,True,True,h8g8 g6h7 g8f7 d3g6 f7e7 h7g7 f8f7 g7f7,0.08237791061401367
M4,0,aNtI8,4,solved,True,True,g8h8 d1h1 h8g8 h1h8 g8h8 c1h1 h8g8 h1h7,0.07261013984680176
M4,0,TIbIM,5,solved,True,True,f6b6 c4f7 f8f7 a7a8 f7f8 f3d5 b6e6 d5e6 g8h8 a8f8,0.08925890922546387
M4,0,Hwy5O,4,failed,False,False,b8b7 b3c4 b7a8 e7g6 h7g6 c4a6 a3a6 b1a1,0.23674488067626953
M4,0,YABfN,4,solved,True,True,e3c2 h3h6 g7h6 f3h3 h6g7 h3h7 g7g8 e4f6,0.07801508903503418
M4,0,ZTlcV,4,solved,True,True,e3e2 f5f7 g8h8 f7f8 e8f8 f4f8 a8f8 f1f8,0.0758819580078125
M4,0,bF5s4,4,failed,False,False,f8f7 b1b3 f7f1,0.018583059310913086
M4,0,ygKA1,4,failed,False,False,g8h7 b3f7 e5e1,0.021446943283081055
M4,0,9tZwZ,4,solved,True,True,a8a2 g4h6 g8h8 h6f7 f8f7 g5d8 f7f8 d8f8,0.07279610633850098
M4,0,Uc1Ym,4,solved,True,True,e7e4 c4f7 g8h8 f7f8 e8f8 f4f8 d6f8 f1f8,0.07392191886901855
M4,0,BOqve,5,solved,True,True,e2f2 d5e7 g8h8 h1h7 h8h7 a1h1 f2h2 h1h2 g4h5 h2h5,0.09269189834594727
M4,0,4gC8A,4,failed,False,False,a2e2 h5g5 e4g5 f4g5 f2h2,0.040177106857299805
M4,0,FLsj1,4,failed,False,False,b6b5 d7d8 a8d8 d1d8 f6d8 a2f7 g8f7 f2f3,0.23902487754821777
M4,0,kYosg,4,failed,False,False,h6g5 e5e8 d8e8 c6g6 f7g6 h5g6 d2d6 g6h5,0.19017410278320312
M4,0,w17mH,4,failed,False,True,b3b2 g6f8 f7f8 g2g6 d4g1 h1g1 b2b1q g1g2,0.18498897552490234
M4,0,Z7xEU,4,failed,False,False,f3e2 g1g7 e5g7 f5e7 g8h8 h1h7 h8h7 e7f5,0.23946499824523926
M4,0,abnJL,4,failed,False,True,c6b4 g4g7 f6g7 g3g7 g8h8 g7h7 h8h7 e5f7,0.13401126861572266
M4,0,BkHlF,5,solved,True,True,f4f2 d5e7 g8h8 h1h7 h8h7 a1h1 g4h3 h1h3 f2h4 h3h4,0.10846686363220215
M4,0,UZ1XA,4,solved,True,True,d7b5 h4h7 g8h7 f2h2 f8h6 h2h6 h7g8 h6h8,0.07566690444946289
M4,0,0KzLJ,4,failed,False,False,a3a2 f7g7 b2g7 f1f7 g7f7 d3e4 a2a1q d5d6,0.2467031478881836
M4,0,lNXwT,4,failed,False,False,g6h7 e7f7 f8f7 g2h2 f7f6 h2h6 h7h6 g1h1,0.24568605422973633
M4,0,xHggV,4,solved,True,True,f2d1 c4f7 f8f7 c7c8 f7f8 a6c4 g8h8 c8f8,0.08352017402648926
M4,0,VW5A4,4,failed,False,True,e1e2 f7g7 g8g7 h5h6 g7g8 h6g6 e4g6 f6f8,0.18573403358459473
M4,0,pkJ54,5,failed,False,True,b1d1 a4a7 b8c8 a7a8 c8d7 a8b7 f6d5 c4b5 d7e6 b7c6,0.20531105995178223
M4,0,b0xJg,4,failed,False,True,e3d2 h1h7 h8h7 a1h1 d2h6 h1h5 g6h5 f3g5,0.13504290580749512
M4,0,ZMk9g,4,failed,False,False,g7h6 e5h8 d8h8 f2f4 d6d2 c4c6 b7c6 h3h4,0.20902109146118164
M4,0,JguGt,4,solved,True,True,e7f7 h5f7 f8f7 c1c8 b6d8 c8d8 f7f8 f3f8,0.08546710014343262
M4,0,vAmBy,5,failed,False,True,g5f4 g7h7 h8h7 c4f7 f8f7 h2h4 f7c7 h4h5 c7c1,0.1728348731994629
M4,0,mzeG1,4,solved,True,True,e6e5 h4h5 h7g8 h5h8 g8h8 g5h6 h8g8 h6g7,0.08518624305725098
M4,0,Klpjh,4,solved,True,True,e7a3 c7f7 g8h8 f7f8 a3f8 f2f8 a8f8 f1f8,0.08486795425415039
M4,0,7v2pJ,4,solved,True,True,d4d2 f2f7 f8f7 a1a8 b2b8 a8b8 f7f8 f1f8,0.08167076110839844
M4,0,Ia0fu,4,solved,True,True,g8h8 d6f7 h8g8 f7h6 g8h8 d5g8 a8g8 h6f7,0.08565211296081543
M4,0,Pt23e,4,failed,False,False,f8f7 g4g6 f7g6 d8d6 e7d6 e5e6 c5f2 e6e7,0.19288301467895508
M4,0,gN73A,5,failed,False,False,e5e7 c7d8 e7e8 d8f6 h2h7 g1g8 f8g8 f6f7 h7f7 f1f7,0.31490612030029297
M4,0,yTG39,4,solved,True,True,h7g6 g2g6 e5g6 g1g6 g8h8 c1h6 f6h7 h6g7,0.0858011245727539
M4,0,uNnW4,4,solved,True,True,e5e2 c7f7 f8f7 d1d8 e2e8 d8e8 f7f8 f1f8,0.08195781707763672
M4,0,3P4aK,4,failed,False,True,b7c6 b3b8 c8c7 b1b7 c7d6 g5f6 c3e2 g1h1,0.18823623657226562
M4,0,hB8FR,4,failed,False,False,e5g6 g3h3 d6e5 g1h1 d5d2 c1b1 a3a2 b1a2,0.21391582489013672
M4,0,zIyZL,4,failed,False,True,d4d3 b1b8 c8b8 c2b3 d3b3 a2b3 d8d1,0.10493326187133789
M4,0,BNRnZ,4,failed,False,False,b6a5 a3a4 f2h4,0.02283191680908203
M4,0,dvDnD,4,solved,True,True,d8d2 b7f7 f8f7 c1c8 d2d8 c8d8 f7f8 f4f8,0.08646821975708008
M4,0,ZibI6,4,solved,True,True,g8h8 e2h5 h8g8 h5h7 g8f8 h7h8 e6g8 h8g8,0.08740377426147461
M4,0,NRfub,4,solved,True,True,c5e5 b3f7 f8f7 d1d8 e5e8 d8e8 f7f8 f1f8,0.0806572437286377
M4,0,lfZrQ,4,solved,True,True,b4c3 h6h8 g7h8 h1h8 g8h8 d2h6 h8g8 h6g7,0.07493877410888672
M4,0,1swa6,5,failed,False,True,h7g7 h1h7 g7h7 g3h3 h7g7 h3h6 e7g5 d3d2 g7h6 d2g5,0.20183587074279785
M4,0,XvM9l,4,solved,True,True,e6b3 h1h8 g8h8 d2h2 g7h5 h2h5 h8g7 h5h7,0.08034992218017578
M4,0,r1iUw,4,failed,False,False,e7c5 h6g7 g8g7 g4h4 c5d4 g1h1 c7c1 h1h2,0.18660402297973633
M4,0,M8rDN,4,failed,False,False,g6h5 g5g6 h7h6 a6a8 a1f1 f7g8 f1f3 a8a5,0.23734617233276367
M4,0,8QI1N,4,failed,False,True,h7g7 h6h7 g7h7 g4h4 g2h4 b3f7 f5f2 e2e1,0.1855611801147461
M4,0,BADLU,4,failed,False,True,b2d4 g4f5 g7g6 f5f7 h7h6 c8h8 h6g5 f7f4,0.08895015716552734
M4,0,xLhHl,4,failed,False,True,h1g1 d6d8 g8g7 e3d4 f7f6 d4f6 g7h6 d8h8,0.09361982345581055
M4,0,htgKx,4,solved,True,True,d6d5 h7h8 g8h8 g3h4 f4h5 h4h5 h8g8 h5h7,0.0774540901184082
M4,0,LMUVM,4,failed,False,True,d2d1 f3f7 g7h6 f7g6 h6g6 c7g7 g6g7 h1g1,0.13360810279846191
M4,0,NBJY1,4,failed,False,False,e6f6 h1h6 g7h6 h7h6 g6h6 d8f6 f4f6 f2f4,0.2352907657623291
M4,0,ra10c,4,solved,True,True,g8h8 h1h7 h8h7 f1h1 e5h2 h1h2 d7h3 h2h3,0.08076810836791992
M4,0,dKdbs,4,failed,False,True,b4d3 g1g7 g8h8 g7g8 c8g8 f4f6 d7f6 e5f6,0.1847071647644043
M4,0,p3RTh,4,solved,True,True,b1b2 c3c8 a8c8 c1c8 g8h7 f4f5 g7g6 f5f7,0.07866525650024414
M4,0,HiRHN,4,solved,True,True,c8b8 c3c8 b8c8 c1c8 e6c8 e7d8 a4e8 d8e8,0.07594704627990723
M4,0,7vJFd,4,failed,False,False,f6g6 b7e7 g3e1 f1g2 d3f4 g2f3 d8d3 f3g4,0.1886141300201416
M4,0,Ud3yF,4,solved,True,True,b5c6 g3b8 b6b8 b1b8 f6d8 b8d8 c6e8 d8e8,0.07787179946899414
M4,0,CfwMA,5,failed,False,False,h7g6 h4h5 g6h5 f1f5 c6g2,0.09299397468566895
M4,0,qSxmF,4,failed,False,False,g8h7 b8h8 h7h8 e1h4 h8g8 h4h8 g8h8 g2g3,0.0891408920288086
M4,0,rEUbZ,4,failed,False,True,e6c4 g3g7 g8g7 g2g7 h7h8 a7a8 f6e8 a8b8,0.07719707489013672
M4,0,dLjWe,4,failed,False,False,b8a8 d6f8 h8f8 e8g7 d1a4 a2b1 f8f1 b2c1,0.22145700454711914
M4,0,A3ucE,4,failed,False,True,h7g6 g4h4 h8g8 h4h8 g8h8 d2h6 g7h6 f5g6,0.18498897552490234
M4,0,kQd6f,4,failed,False,False,e2e3 g6f7 g8h8 f5h7 h8h7 d6f5 e3f3 d1d4,0.23925113677978516
M4,0,c6hA0,4,solved,True,True,f8f6 h1h8 g8h8 d1h5 h8g8 h5h7 g8f8 h7h8,0.07663512229919434
M4,0,C09Al,4,solved,True,True,b8a8 e6c7 a8b8 c7a6 b8a8 f4b8 d8b8 a6c7,0.07467794418334961
M4,0,mMxoZ,4,solved,True,True,a8c8 h6h7 g8h7 a1h1 g3h4 h1h4 h7g8 h4h8,0.07172012329101562
M4,0,zhiqo,4,solved,True,True,f6e4 h3h7 g8h7 d3h3 e7h4 h3h4 h7g8 h4h8,0.0746159553527832
M4,0,hmNOF,4,failed,False,False,h7g6 f3f5 g6f5 f8f7 b1b3 g3g2 d6d2 g2f1,0.16173315048217773
M4,0,F9AtD,5,failed,False,False,f6g5 f4f6 g5f6 f7f8 b5h5,0.09949374198913574
M4,0,jZSNF,5,failed,False,True,b7a7 a1a6 a7a6 h1a1 a6b6 a1a5 b4a5 d5c6 b6c6 b3b4,0.2599520683288574
M4,0,aqt4y,5,solved,True,True,e8e3 d1h5 h8g8 h5h7 g8f8 h7h8 f8e7 h8g7 e7e6 g7f7,0.10118484497070312
M4,0,hGPl0,5,failed,False,False,h7h6 d7f7 a2f7 c7c8 f7f1,0.09330916404724121
M4,0,nZ1wl,5,failed,False,True,a3g3 g2a8 f8e7 a8a7 e7d8 a7d7 d8d7 g6f5 d7c7 f5e6,0.1592237949371338
M4,0,x2cO6,5,failed,False,True,g8f7 g4h5 g7g6 h5g6 f7g6 f6e4 c1e3 f2g2 e3e4 g2h2,0.18358922004699707
M4,0,13qoZ,5,failed,False,False,c3d4 h5h7 d4e5 f3f4 c4f4 h7h8 g8h8 d3h3 c8h3 g1h1,0.3110027313232422
M4,0,bejqV,5,failed,False,False,a4f4 c3c8 f4f2 g1h1 f2f3 h1h2 g4g3 h2g1 f3f2 g1h1,0.22695088386535645
M4,0,gysZN,5,failed,False,True,a8d8 d1d6 f6g5 e1e5 d7e5 f3e4 d8d6 f2f3 d6d4 e4e3,0.2602832317352295
M4,0,KcLdf,5,failed,False,True,e5g4 f7h6 e3h6 g2d5 h6h2,0.0415189266204834
M4,0,Sj5PL,5,solved,True,True,d2c3 f2f7 f8f7 a7a8 d3d8 a8d8 e5e8 d8e8 f7f8 e8f8,0.09441781044006348
M4,0,9d05D,5,failed,False,True,f6g5 f2f3 e4d4 g3g4 d4c3 e3f5 c3c2 b4b5 a6b5 e2e1,0.2557411193847656
M4,0,tm4c9,5,failed,False,False,a8d8 c3f6 e8e1,0.020853757858276367
M4,0,INUWE,5,failed,False,False,f5g4 c4f7 f8f7 e2e7 g4f3,0.03997993469238281
M4,0,lbYYf,5,solved,True,True,d7d6 f5f7 g8h8 e7e8 d8e8 e1e8 a8e8 f7e8 d6f8 e8f8,0.09352302551269531
M4,0,t1dL2,5,failed,False,True,g6e6 a4a8 c8d7 a8a7 d7e8 c1c7 d6c7 a7b8 d8b8 d1a4,0.2484149932861328
M4,0,LkIYK,5,failed,False,False,h6h4 h1g1 h4f2 c6e8 h2g1q e8g6 e7g6 b2b3 h8h1 b3b4,0.29984617233276367
M4,0,Y4Y6t,5,failed,False,True,f8e7 f1f7 e7f7 h4h5 d2d1r,0.038924217224121094
M4,0,91KQs,5,failed,False,True,b5c6 h4f5 h6h5 g2g4 h5g5 f2f4 f1f4 h2g1 c3c1,0.1298389434814453
M4,0,0CYaa,5,failed,False,True,a5c7 h1h7 h8h7 e6h6 g7h6 g5g6 h7g6 g2h3 f8f2 h3g4,0.2522590160369873
M4,0,wZWPs,5,solved,True,True,b5d3 f5h6 g8h8 h6f7 f8f7 g4c8 e5e8 c8e8 f7f8 e8f8,0.09578299522399902
M4,0,uSzIy,5,failed,False,False,d7f6 h5g6 g7h6 h3h6 h8g7 h6h7 f6h7 e6e5 c7e5 c1b2,0.30428385734558105
M4,0,mLGJu,5,failed,False,False,h7g6 f5h4 g6h6 f1f5 d2d1 f5f1 h6g5 h4f5 d1f1 g1f1,0.31064820289611816
M4,0,Z4xKn,5,failed,False,False,c8b7 f8a8 b7a8 c3c6 d7c6 a1b1 g3g1 b1a2 c6c4 b2b3,0.2368011474609375
M4,0,M8AGJ,5,failed,False,True,c6d4 h6g7 g8g7 h4h7 g7h7 g5f7 e5f7 f1f3 d4f3 g1h1,0.2601499557495117
M4,0,H99Xx,5,failed,False,True,c7f4 e6e7 e8f8 e7f7 f8g8 e2e8 f6e8 f7g7 e8g7 g5e6,0.20247983932495117
M4,0,tSJ5x,5,solved,True,True,a5a4 e6e8 a8e8 e1e8 g8h7 f3f5 g7g6 f5f7 d4g7 f7g8,0.09597110748291016
M4,0,5QhCb,5,failed,False,False,c6d5 c1c8 f5c8 e7e8 c8e8 e3g5 f6g5 f3f4 e5f4 g3g4,0.31075477600097656
M4,0,BEbnT,5,failed,False,False,g8h8 h4h7 h8h7 f1f4 e4e3 h2h3 f8e8 f4h4 h7g8 h4h8,0.31014013290405273
M4,0,8w26u,5,failed,False,False,g6h5 g2g4 g7g4 g1f1 c4c1 f1e2 b4e1 e2f3 e1e4,0.21023082733154297
M4,0,fjcH6,5,failed,False,False,c5d4 f4e5 e8e5 d1h1 d4d3 h1h5 e5b5,0.1147000789642334
M4,0,bN81B,5,solved,True,True,d7d3 h2h8 g7h8 h1h8 g8h8 c3e5 f7f6 e5f6 h8g8 f6g7,0.09220194816589355
M4,0,8eA8t,5,solved,True,True,c6b8 a8b8 c8b8 a1a8 b8a8 f5a5 a8b8 a5a7 b8c8 a7a8,0.09336614608764648
M4,0,Xgfa1,5,failed,False,False,h8e8 g1g8 h2d6 c4d5 e8g8 e3b6 a7b6 d2c3 d6d5 e1c1,0.309283971786499
M4,0,9jjpc,5,failed,False,False,f5g4 a7a8 g4f3 g2f1 g5c1,0.09433865547180176
M4,0,PpHU1,5,failed,False,True,a3c1 g4g6 f7g6 d3e4 e1e4 b3b5 c1f4 h2h1 e4e1,0.14696478843688965
M4,0,f6JCI,5,failed,False,False,d6d2 g5g6 h7g6 e7e8 e2f4 f2g3 d2g2 g3f4 g6g5 f4e5,0.2197108268737793
M4,0,NyVHG,5,solved,True,True,c5c1 f3f7 f8f7 d7d8 f7f8 b7d5 e1e6 d5e6 g8h8 d8f8,0.09350180625915527
M4,0,laSoq,5,failed,False,True,f6f5 d6e5 h8g8 h5f6 g8f7 e5d6 f7f6 d6f4 c8c2 f4e5,0.25416994094848633
M4,0,57meS,5,failed,False,True,h6h5 g4h5 g5g4 h5h6 g4g3 h6h7 g3g2 h7h8q g2g1q h8a8,0.09691071510314941
M4,0,3iqEX,5,failed,False,True,a6c4 e7e8 g8g7 a3f8 g7f6 e8e7 c4f1 h1h2 f1f4 h2h1,0.1699981689453125
M4,0,S2vng,5,solved,True,True,c3a1 g4c8 c6e8 c8e8 f7f8 c2b3 c5c4 b3c4 g8h8 e8f8,0.09296894073486328
M4,0,LIhXS,5,failed,False,False,e4d3 f5h6 g7h6 e2g4 f7f5 g5e6 f5g4 g1g2 d5d4 g2h2,0.30464982986450195
M4,0,LWIrl,5,failed,False,True,d5f4 h7h8 f8e7 c1c7 d8d7 c7d7 e7d7 d3g6 g4d1,0.07700729370117188
M4,0,UocrA,5,solved,True,True,e8g8 d5e7 g8h8 h1h7 h8h7 a1h1 f3h4 h1h4 g4h5 h4h5,0.09228110313415527
M4,0,aFgpt,5,solved,True,True,g6d3 c6d5 g8h8 d6f7 f8f7 d5a8 b6d8 a8d8 f7f8 d8f8,0.09101104736328125
M4,0,iiQLi,5,failed,False,True,c7e5 h6h8 g8h8 g4h4 h8g8 h4h7 c4e2 h7h8 g8h8 g5f7,0.1981348991394043
M4,0,qefz1,5,failed,False,True,f8g7 g1g7 g8f8 g7g8 f8g8 e2g4 g8f8 g4g5 c6c1 b1a2,0.1591811180114746
M4,0,klux9,5,failed,False,False,a1c1 g5g6 h7g6 h6h7 g8f7 f4g5 c1g1 h7h8q f8h8 g5f6,0.19069910049438477
M4,0,in0DY,5,solved,True,True,f8f7 h1h8 g8h8 d5h1 g4h5 h1h5 h8g8 h5h7 g8f8 h7h8,0.10015296936035156
M4,0,1dLBs,5,failed,False,False,f5f4 g2g3 f4g4 f2f4 d7d6 h2h3 g4g3 e5e4 d2f4 a1e1,0.32077884674072266
M4,0,DEa6t,5,failed,False,True,f8e8 e4f6 g8f8 h3h7 e8e1,0.04294109344482422
M4,0,XWp70,5,solved,True,True,d8h4 c7f7 f8f7 a6a8 g4c8 a8c8 h4d8 c8d8 f7f8 f1f8,0.10284900665283203
M4,0,Ff9ij,5,failed,False,True,d1h1 e5g7 h8g8 e3e8 g8f7 b2f6 f7e8 f6e7 e8e7 g7f6,0.20867300033569336
M4,0,e2I1J,5,solved,True,True,h6f5 d6e6 g8h8 e5f7 f8f7 e6c8 b5e8 c8e8 f7f8 e8f8,0.10744905471801758
M4,0,OxaTE,5,solved,True,True,f6h5 c3c8 b5e8 c8e8 g8h7 f3f5 g7g6 f5f7 h5g7 f7g8,0.09524202346801758
M4,0,61Tza,5,solved,True,True,d7c6 f3f7 f8f7 c7c8 c6e8 c8e8 f7f8 h3e6 g8h8 e8f8,0.09207296371459961
M4,0,7Tvo2,5,failed,False,True,a8f8 d3h7 g8h8 f1f8 d7f8 h7g8 e3e1,0.11272978782653809
M4,0,t0k2I,5,solved,True,True,e7e5 f4f7 g8h8 f7f8 e8f8 f3f8 h8h7 f1f7 h7h6 f8h8,0.10628509521484375
M4,0,33yNm,5,failed,False,True,f7f2 a6a7 b8b7 h4f4 f2h2 h3g4 b7a7 f4f8 c7d6 e1e7,0.25833725929260254
M4,0,RmXqC,5,failed,False,True,f7g8 h5e8 e7f8 e8f7 g8f7 c1h1 c3d1 b2b1 d4b2,0.17517590522766113
M4,0,1JlV1,5,failed,False,True,h3g5 g6g7 h8g8 b1a2 a4b3 a2b3 g5f7 d6d5 b2b1q d5e6,0.1466679573059082
M4,0,G5CVQ,5,failed,False,False,g8g7 h6g7 h8g8 f4g4 d4c2 h5f7 e8f7 g4g6 f7g6 f6f7,0.3075218200683594
M4,0,gX5lj,5,solved,True,True,a8e8 h2h6 h8g8 h6h8 g8h8 e7h4 g7h6 h4h6 h8g8 h6h7,0.10198283195495605
M4,0,wMLax,5,failed,False,False,g8f8 e4g4 g3f2 g1h1 f2e1 h1h2 d4e5 g2g3 d8d2 g4e2,0.24715280532836914
M4,0,yKDWu,5,failed,False,True,b8d7 g5f6 h5g6 g2g5 d7f6 d1g1 c5e3 c1b1 g8h8 g1h1,0.25823116302490234
M4,0,a04VG,5,failed,False,False,a2a1 f6f7 f8f7 f3f7 a1h1 f2h2 b7g2,0.1123650074005127
M4,0,mN4Bf,5,failed,False,False,g4h2 a2a3 b4b3 a3a4 e5e4 c8a8 e4e3 d2e2 g5g2 e2d1,0.30678725242614746
M4,0,lWqQA,5,failed,False,False,g3g2 a6a8 g2f2 a4f4 f2f4 f5f6 g7f6 h5h6 f4h4,0.23754096031188965
M4,0,Mx4wp,5,solved,True,True,h7h6 e7f7 f8f7 e1e8 f7f8 f3d5 h3e6 d5e6 g8h8 e8f8,0.09217405319213867
M4,0,eBBm6,5,failed,False,False,b4c6 e2g4 f7f1 h1h2 c6e5 g4f5 f1f5 h5f6 f5f6 h2g3,0.30579614639282227
M4,0,hPYO8,5,failed,False,True,g8f8 g4g8 f8g8 e4g4 g8f8 g4c8 b7c8 f6h8 c8c1,0.08774781227111816
M4,0,55XNq,5,solved,True,True,b1h1 c3f6 c2g6 f6f8 h6h5 g2g4 h5h4 f8h6 g6h5 h6h5,0.09027099609375
M4,0,C6cQC,5,failed,False,True,b7a6 b6b7 a8a7 b7b8q e8b8 f4c7 a7a8 c7b7 b8b7 c5a4,0.11593222618103027
M4,0,TcdQg,5,failed,False,False,f2f3 e6e8 g8g7 e8f8 g7f8 e1e8 f8e8 h4h5 f3h1,0.22015690803527832
M4,0,Z3UHV,5,solved,True,True,g7g6 h1h6 g6g7 h6h7 g7h7 f3f7 h7h8 d1h1 e5h2 h1h2,0.09307384490966797
M4,0,xw7Dv,5,failed,False,True,g7g6 h1h6 g6h6 b2f6 h6h7 f6f7 f8f7 g1h1 h7g8 h1h8,0.20041704177856445
M4,0,U67bD,5,solved,True,True,g2b7 g1g7 g8h8 g7g8 h8g8 d1g1 b7g2 g1g2 e6g4 g2g4,0.09830498695373535
M4,0,8lKFD,5,solved,True,True,e8f8 c6e7 g8h8 d6f7 f8f7 c7c8 f6e8 c8e8 f7f8 e8f8,0.10593104362487793
M4,0,mVE37,5,failed,False,True,f5g4 f2f3 g4h5 g3g4 h5h4 g4g5 a8e8 g5g6 h4h5 g6g7,0.26050901412963867
M4,0,T8KSQ,5,failed,False,False,f4g5 h3h4 g5h4 f3f4 g6g5 a2b2 b6b2 g7g6 g5f4 g2g3,0.31047821044921875
M4,0,y4QNr,5,solved,True,True,b5a4 f4f7 f8f7 b7b8 a4e8 b8e8 f7f8 e4d5 g8h8 e8f8,0.09605574607849121
M4,0,XPX1f,5,failed,False,False,c6c2 h3g3 e2h2,0.019945144653320312
M4,0,BvypN,5,failed,False,False,g6f5 h5f6 h8f6 f3g3 g8h8 h6f8 h7f8 g3g8 h8g8 d1d3,0.3112940788269043
M4,0,MtQzL,5,solved,True,True,c4c3 d1d8 b4f8 d8f8 g8f8 e3e7 f8g8 e7d8 c6e8 d8e8,0.09206581115722656
M4,0,DRRge,5,failed,False,False,b3b2 e5c6 b2b1q g1f2 b6b2 f2f3 b1e4 f3g4 e4e2 g4h4,0.2261953353881836
M4,0,0TDcA,5,failed,False,False,e4f3 f5h6 g8h7 h3f5 e5f5 e3e4 b7e4 h6f7 f3f2 g1g2,0.21828913688659668
M4,0,i9oTw,5,solved,True,True,e8f7 f1f7 f8f7 c7c8 b5e8 c8e8 f7f8 g4e6 g8h8 e8f8,0.09355711936950684
M4,0,NxTqy,5,failed,False,True,d8c8 b7b8 c8c7 b1b7 c7c6 b7c7 c6c7 b8c8 c7c8 f4f5,0.25459980964660645
M4,0,K7qyp,5,failed,False,True,b5b4 f6f8 b8b7 e4c5 b7b6 c5b7 g2d2 e3f3 d2c3 f3g4,0.20373177528381348
M4,0,H6vzK,5,failed,False,True,g4f6 c5e6 g7h8 d7d8 f6g8 d8f8 a1h1 h3g4 h1h5,0.07863497734069824
M4,0,SZ2q3,5,failed,False,False,h7g6 d8d6 c6d6 h8h6 g6h6 g3g4 c2c1q g2f1 e4g4 g1h1,0.2534060478210449
M4,0,0CbHm,5,failed,False,False,d4e3 f4g6 f7g6 e5g6 h8h7 g6f8 h7g8 b1h7 g8f8 h7h8,0.3087470531463623
M4,0,MrbfS,5,solved,True,True,b3b2 e2e7 f7g8 e7e8 g8g7 e1e7 g7h6 e7h7 h8h7 e8g6,0.09491896629333496
M4,0,2qNag,5,solved,True,True,d3f4 f5e7 g8h8 d6f7 f8f7 b7b8 c2c8 b8c8 f7f8 c8f8,0.09450697898864746
M4,0,Yxy1D,5,failed,False,True,d4c4 f7h6 g8g7 f5f7 f8f7 e1e5 c4f1,0.11108589172363281
M4,0,9NxUO,5,solved,True,True,b2e5 d6f7 f8f7 d5d8 c6d8 d1d8 e5e8 d8e8 f7f8 e8f8,0.09316468238830566
M4,0,YcqHj,5,failed,False,False,c5d4 c7c4 a4c4 b1b3 b6d5 b3b5 d4e4 b5b4 c4b4 g2g3,0.3053610324859619
M4,0,fI74U,5,failed,False,True,b7e4 f7f6 e4g6 g2g4 d3d1 g1h2 d1d7 f6h8 d7d6 h2g2,0.25391292572021484
M4,0,5XaER,5,failed,False,False,d4b6 a5c5 b6c5 c1c5 h6d2 e2b5 d2e1 g1h2 d8d1 c5c6,0.30788397789001465
M4,0,euP7A,5,solved,True,True,g6f4 d3h7 g8h8 g5f7 f8f7 e3e8 f7f8 e8f8 f6g8 f8g8,0.09647917747497559
M4,0,tMD2S,5,failed,False,True,h8g8 h6g6 g8h8 g6h5 h8g7 h5h6 g7h6 a1g1 f8f3 g1g2,0.2004537582397461
M4,0,X9AlZ,5,failed,False,True,b6c6 h4h6 g7h6 h1h6 h8g7 h6h7 g7f6 h7f7 f6g5 f7f6,0.15166521072387695
M4,0,njaH6,5,failed,False,False,g4f3 c4g8 a8g8 c7c5 h3g2,0.04304909706115723
M4,0,SgS1S,5,failed,False,False,c3d3 h1h8 g8h8 e7f8 g7f8 f3g5 b2d2 g2h1 b7c8 g5f7,0.2892937660217285
M4,0,WEFzE,5,failed,False,False,f6d4 g1h1 f8f1,0.02208733558654785
M4,0,3hWrt,5,failed,False,False,c2c1q e8g8 c3f6 h4g3 c1f4,0.04459190368652344
M4,0,mJzIB,5,failed,False,True,g8h8 e1h1 h8g8 h1h7 e7f7 h7h8 g8h8 b1h1 h8g8 h1h7,0.25693297386169434
M4,0,lW83D,5,failed,False,True,e4e3 f4f7 f8f7 f1f7 g7f7 g3g6 f7e7 h5g4 b2g2,0.18579316139221191
M4,0,RZrBB,5,failed,False,False,g5g3 d5f6 g7f6 d1g4 f2g4 e1e2 g3e3 e2d1 g4f2,0.19229412078857422
M4,0,WnrOE,5,failed,False,False,g8h7 f1f7 h7g8 c8e8 e3e8 f7f8 g8f8 h4g6 f8g7 g6e5,0.17127203941345215
M4,0,Af0Kt,5,failed,False,True,b3d3 h4h5 g6h7 a7a8 d3d4 f4g3 d4d5 a8a7 d5d3 g3h4,0.255889892578125
M4,0,IFnYq,5,solved,True,True,c5d4 d3g6 h7g6 e6g6 e8f8 f3g5 d8e8 g5e6 f8g8 g6g7,0.09694218635559082
M4,0,xGFTN,5,failed,False,False,a8g8 f7g7 g8g7 e6g6 g7g6 a2a3 b7d6 b4b5 b6f2 b5b6,0.30744004249572754
M4,0,7VFVW,5,failed,False,False,f3e2 b5a6 d7c6 a6a7 b8a7 b1a1 d8d3 a1a2 c6c1 g1h2,0.30976200103759766
M4,0,QaHho,5,failed,False,False,h2f4 h6g7 g8g7 f5e7 g6e7 b3h3 b8e5 h3h4 e5e4 h4h5,0.3089559078216553
M4,0,HDBSs,5,solved,True,True,b2a3 c6e7 g8h8 e5f7 f8f7 c5c8 f6e8 c8e8 f7f8 e8f8,0.09774208068847656
M4,0,BVO6o,5,failed,False,False,e7e8 c3h8 f4e3,0.020740985870361328
M4,0,3Ekrz,5,solved,True,True,e4f4 h2h8 g8h8 d2h2 g4h5 h2h5 h8g8 h5h7 g8f8 h7h8,0.091094970703125
M4,0,5uHu6,5,solved,True,True,e6b3 d3b5 a5c6 b5c6 b7c6 d2d7 e8f8 d7d8 a8d8 d1d8,0.09535789489746094
M4,0,SsOsw,5,solved,True,True,f6h4 b7f7 f8f7 a7a8 h4d8 a8d8 f7f8 f5e6 g8h8 d8f8,0.09341812133789062
M4,0,7calb,5,failed,False,False,b6b8 g5g6 b8a8 f5f6 h5g4 e2e8 a8e8 f6g7 h8g7 g6f7,0.20610785484313965
M4,0,hzz2R,5,failed,False,True,c7c6 h3h8 g7h8 d5h5 b2b1 a1b1 f8b8 b1c1 f6c3 c1d1,0.2567422389984131
M4,0,LuAg6,5,failed,False,False,a5a4 f8f6 g6f6 f2f4 f5f4 g3g2 a4a3 h3h4 a3a2 h4g5,0.3139781951904297
M4,0,GZ2A0,5,failed,False,False,a8f8 e7g7 g8g7 e5f7 c4b2,0.05736708641052246
M4,0,ApRxi,5,failed,False,False,e6c5 b3e6 f6e6 h8e8 e6f7 e8e7 c7e7 e1h4 c5b3 d2c2,0.3167417049407959
M4,0,kfA5W,5,failed,False,False,d3c2 f4f7 d6f7 f2g2 c2b1q g1h2 c6c7 g2g3 d8d2 h2h3,0.26958584785461426
M4,0,veA7y,5,failed,False,False,a8b8 b7c6 c8c6 g2g4 f6f3 d1d5 c6c3 b2c3 f3e3 c1d1,0.250140905380249
M4,0,wFsKv,5,failed,False,True,d7c6 c2h7 g8f8 h7h8 f8e7 h8g7 c6f3 g2g4 c5c3 g7f7,0.26465392112731934
M4,0,6ZJx1,5,failed,False,False,a8g8 f7f8 d4e2 g1h1 e2g3 h1g2 g3f1 f8g8 h8g8 h5f7,0.315706729888916
M4,0,IP2aZ,5,failed,False,True,c8c1 h5f7 h7h8 f7g7 g8g7 h6g7 h8g8 h1h8 g8f7 h8f8,0.10402727127075195
M4,0,CitXu,5,failed,False,True,g7f6 h3h8 g8g7 e3h6 g7h8 d2g5 f5c2,0.06093192100524902
M4,0,cSzwm,5,failed,False,False,a6a3 d8f8 g8f8 c7d7 b2c3 f3g2 c3f3 g2h3 f3h5 h3g2,0.3177149295806885
M4,0,rFVHs,5,solved,True,True,f4h4 g3g6 f7g6 g1g6 g8f7 b2g7 f7e8 g6e6 h4e7 e6e7,0.10866904258728027
M4,0,OQZ84,5,failed,False,True,c7b8 e6d6 b8a8 f7f8 h4e1,0.04417610168457031
M4,0,97S6K,5,failed,False,False,e3c1 g6g7 g8g7 e2c4 a7a5 c4d5 f2e1 c3d4 c1e3 d4c4,0.29050183296203613
M4,0,FojuG,5,solved,True,True,d7b5 f4f7 f8f7 c5c8 d3d8 c8d8 b5e8 d8e8 f7f8 f1f8,0.09639286994934082
M4,0,YGsIr,5,failed,False,True,g3b3 g1g7 g8g7 h5g4 f5g4 c1g1 b3h3,0.11107206344604492
M4,0,PsUTK,5,failed,False,True,e8e2 b3f7 g8h8 f7e8 e2e8 d6f7 h8g8 f7h6 g7h6 c5e7,0.20235109329223633
M4,0,gnJ8m,5,failed,False,False,f8g8 g3g7 g8g7 h6g7 h8g8 d1d8 e8d8 g1g2 e4e3 g2g3,0.31147289276123047
M4,0,kLCcO,5,failed,False,True,h6h1 e3e7 f7g6 e8g8 g6h6 e7h7 h6h7 g8h8 h7h8 c3c4,0.10610818862915039
M4,0,obzzO,5,solved,True,True,f8g8 g3g8 b8g8 g1g8 h8g8 a7a8 f6d8 a8d8 e6e8 d8e8,0.09275507926940918
M4,0,yBlVm,5,failed,False,False,e8g7 d3h7 g8h7 g1g7 h7h6 h4f5 d7f5 g7h7 h6h7 h3h4,0.12445187568664551
M4,0,KkOil,5,failed,False,False,d8d7 g5g6 d6f5 h3h8 g8h8 e6e8 f8e8 e2e8 d7e8 g2h2,0.3123629093170166
M4,0,pRMlF,5,failed,False,False,e5f5 h5h8 g6h8 h3h8 g8h8 f4e5 d8g5 a4b6 g5g2,0.24014997482299805
M4,0,nmrxb,5,failed,False,True,f4d2 g2g8 f8e7 d4c5 f5c5 g1g7 e8g8 g7f7 f6f7 d3d4,0.21273303031921387
M4,0,LYDzo,5,failed,False,True,f8e7 f1f7 e7f7 h8h7 f7f8 h7h8 c3h8 b1g6 d2d1 g1h2,0.25311899185180664
M4,0,xl4O5,5,failed,False,False,h8h7 g5h5 h7g6 g2e4 g6h5 e4f5 g7c3 g3g4 h5h4 g1h1,0.3076338768005371
M4,0,aNzCr,5,failed,False,False,f1e1 c6g6 e1e4 g6h6 h7h6 g3g4 f7f3,0.11525583267211914
M4,0,PwUXS,5,failed,False,False,f8f7 f5h6 f7e7 f3f7 e7d8 f7f6 d8c8 f6f7 g1c1,0.23727893829345703
M4,0,cvzLh,5,failed,False,False,a3a2 e4f6 e8d8 b3b6 a7b6 g7h8 f8h8 f6e8 a2a3 g3g4,0.26886415481567383
M4,0,cKI0l,5,failed,False,True,a8a2 e7g7 g6h5 c7f7 d5f7 g3g4 f5g4 h3g4 h5g4 g7g6,0.26343297958374023
M4,0,LhQlK,5,failed,False,True,c5c3 h5h7 g8f8 h7h8 g6h8 h2h8 f8e7 f1f7 e7f7 h8f8,0.26023292541503906
M4,0,xIH8c,5,failed,False,False,g6f7 f5e5 f6e5 h3g5 f7e7 g5e6 e7e6 h2h4 c4d3 g2g3,0.31037306785583496
M4,0,9IWo3,5,failed,False,True,c7c2 b3f7 g8f7 d3g6 h7g6 d1d5 c2c1,0.11631393432617188
M4,0,wxhog,5,failed,False,False,f8c8 g3g6 f7g6 h4h6 h7h6 g2g3 c8c1,0.11477828025817871
M4,0,I2Z1W,5,failed,False,False,a6b6 c5c7 h7c7 e8e7 b6b7 h1h2 d3d2 h2h3 b7g2,0.18732285499572754
M4,0,omdGx,5,failed,False,True,c6c4 h2h7 g7g8 h7h8 g8f7 h1h7 f7e6 h8f8 c4b4 b1a2,0.1506969928741455
M4,0,X5eEt,5,failed,False,False,e8d8 f2f7 e6f7 h2b8 d8b8 f1f7 e7f7 h5f7 g8f7 g2g4,0.3134040832519531
M4,0,3B2ft,5,failed,False,True,c6f3 e1e8 g8h7 e8h8 h7h8 f1c4 c7h2,0.0715188980102539
M4,0,PYP9f,5,failed,False,False,e8d8 f7f8 h8f8 g7g8 h2f2 e1d1 f2f1,0.11846303939819336
M4,0,TyGDz,5,failed,False,True,h6h5 f7h7 g6h6 h7h6 h5h6 e3e6 e7g6 e6g6 h6g6 h4h5,0.2698991298675537
M4,0,8I95K,5,failed,False,False,h6g5 f5h7 g8h7 d1d3 b3d3 h5h6 c8c4,0.12123417854309082
M4,0,4sMLN,5,failed,False,False,b4c3 h6h7 g8h7 g3f5 e5d3 c1b1 c7b6 h1h2 b6b2,0.24239325523376465
M4,0,SViB2,5,failed,False,True,h5f4 c1c8 g8g7 c8g8 g7g8 e7f6 a2g2,0.1126558780670166
M4,0,u6Nm7,5,failed,False,True,g5h5 h8g7 f8e8 g7g8 f6g8 g3g8 e7f8 g8f8 e8f8 e5d7,0.25707101821899414
M4,0,rx3CA,5,solved,True,True,a4a2 f3f7 f8f7 d7d8 f7f8 f1c4 h6e6 c4e6 g8h8 d8f8,0.09458613395690918
M4,0,9XPZz,5,solved,True,True,g2f2 d4g4 g8h8 d6f7 f8f7 d1d8 c6e8 d8e8 f7f8 e8f8,0.09148573875427246
M4,0,AEMJD,5,failed,False,True,d3f4 c3c7 c8c7 b1b7 c7c8 a5c6 g6g2,0.05594205856323242
M4,0,XA2eK,5,failed,False,False,h7h6 g5h5 h6g7 h5h6 g7f6 h6h7 f6e7 e2e6 d6e6 h7f7,0.3099832534790039
M4,0,N5Gcd,5,failed,False,False,d6e5 d5d6 d7d6 f4f7 e7f7 g4f6 g5g3 g1h1 d6d1,0.22464513778686523
M4,0,oUdNx,5,failed,False,True,e8e5 d6f7 f8f7 d5d8 b6d8 d1h1 f7f3 d3d4 h2f4,0.1476600170135498
M4,0,JUk12,5,failed,False,True,f6f2 d3d6 c7c8 d6c7 c8c7 d1d7 c7c8 d7c7 c8c7 h5f6,0.12622809410095215
M4,0,N4hGv,5,failed,False,False,g6h6 c3e5 d3e5 h2h4 e5f3 g2f3 d7c6 f3f4 f8g8 g1h2,0.3105008602142334
M4,0,o8GJt,5,failed,False,True,e5c7 d8h8 h6g5 f2f4 e4f3 h3h4 g5g4 h8d4 f5f4 d4e4,0.1055150032043457
M4,0,e0Ims,5,solved,True,True,c3e1 b7f7 f8f7 a7a8 f7f8 e4d5 e2e6 d5e6 g8h8 a8f8,0.10245704650878906
M4,0,6IHi0,5,failed,False,False,d4c6 a4a6 b6a6 e3d5 a8b8 d5b4 b8b4 e1f1 h6f4 f1e2,0.301393985748291
M4,0,d3Nub,5,solved,True,True,g6g5 f4f6 c2g6 h4g5 h6h5 f6f3 h5g5 f3f4 g5h5 f4h4,0.09312319755554199
M4,0,bGWnQ,5,failed,False,False,b8a8 e6e7 a2a1 c1b2 a8a2,0.09170293807983398
M4,0,XXnHB,5,failed,False,True,a3e7 h1h8 g8h8 f1h1 h8g8 h1h7 c3c2 h7h8 g8h8 d1h1,0.20293021202087402
M4,0,ysMWx,5,failed,False,True,h7h8 h5h6 h8g8 h6h8 g8h8 c1c7 g7c7 h3h4 c7c3 h4h5,0.18725180625915527
M4,0,BdBWT,5,failed,False,True,d7f6 d3d8 e6c8 d8c8 b8c8 e4d6 c8b8 b1b6 a7b6 d6c4,0.25353074073791504
M4,0,KID1i,5,failed,False,True,f1d3 d6f5 e7d7 f5g7 b8c8 b4a5 c8c4 a5a6 c4c2 h2h1,0.20519804954528809
M4,0,5hFUV,5,solved,True,True,g8g7 h7h8q g7h8 b1h1 e2h2 h1h2 h8g7 h2h7 g7f6 h7f7,0.09322071075439453
M4,0,WgCFR,5,failed,False,False,e6f5 g2g4 f5g4 h2h3 g4g3 d6d4 c3d4 e3e2 a6b5 a4b5,0.3037118911743164
M4,0,gEbkY,5,failed,False,False,f8e8 h6f8 e7f8 f5d6 d7d6 c1h6 e2f1r a1f1 f8h6 f1e1,0.30893611907958984
M4,0,jSwtC,5,failed,False,False,b7g2 f5h7 h8h7 a4a8 f8a8 a1a6 a8a6 b3b4 a6a1,0.18613004684448242
M4,0,ZbdA5,5,failed,False,True,d7c8 b6c6 d5d4 c6d6 d4e3 d6c6 e3e2 c6d6 e2e1q d6c6,0.25356197357177734
M4,0,UM60x,5,failed,False,True,b3c1 h6g7 h8g7 h5h6 g7h6 f3f4 e5f4 g1h1 h6g7 h1h2,0.2005150318145752
M4,0,VHLmb,5,solved,True,True,b8b2 h5f7 f8f7 a7a8 b2b8 a8b8 g5d8 b8d8 f7f8 f1f8,0.09326601028442383
M4,0,JOEK6,5,solved,True,True,a8f8 g4h6 g8h8 h6f7 f8f7 g3b8 b7c8 b8c8 f7f8 c8f8,0.09162187576293945
M4,0,5TqPW,5,failed,False,True,f6c3 e6e8 a8e8 e3c5 e8e7 c5d6 c7d6 e1e7 d6g6 g1h1,0.2005631923675537
M4,0,LWoJx,5,solved,True,True,g8h8 d1h5 h8g8 h5h7 g8f8 h7h8 f8e7 h8g7 f6f7 g7f7,0.09485197067260742
M4,0,7FvPL,5,failed,False,False,b7c6 f6d6 c7d6 c1c5 d6c5 g1f1 d8d2 b2c3 c5f2,0.18566608428955078
M4,0,G7QVH,5,failed,False,True,d4c4 g1g7 g8h8 g7g8 h8g8 d1g1 b7g2 g1g2 c4g4 c3f6,0.09200096130371094
M4,0,sJe6o,5,failed,False,True,b6d4 h7h8 f8e7 e2g4 d4e5 h8e8 e7f7 e4d6 f5d6 e8g8,0.25337791442871094
M4,0,Ee48r,5,failed,False,False,h5h2 e7g7 g8h8 g7g8 e6g8 d4f6 g4f6 g1g8 f8g8 d2d4,0.20724797248840332
M4,0,Y8WK9,5,failed,False,False,e6f6 e1e6 f6e6 h2g2 d3f1 h1h2 f1g2,0.11205816268920898
M4,0,B2ZCj,5,failed,False,False,h6h2 g4e6 c2b2,0.019604206085205078
M4,0,sm1C1,5,failed,False,False,f5e7 d8f8 c1h1,0.01956009864807129
M4,0,Yg3ZH,5,solved,True,True,h5e2 g3g7 g8h8 g7g8 h8g8 a1g1 d6g3 g1g3 e2g4 g3g4,0.09203195571899414
M4,0,g98bi,5,failed,False,True,d3d2 g1g8 h8h7 g8h8 h7h8 a8a7 d2d1q,0.059770822525024414
M4,0,lPSHz,5,failed,False,False,a7a6 f7b7 b8b7 a4b5 a6b5 f1b1 d3b1,0.16293811798095703
M4,0,UDHjt,5,solved,True,True,h4g2 d5e7 g8h8 h2h7 h8h7 a1h1 g2h4 h1h4 f4h5 h4h5,0.09378266334533691
M4,0,dZrPH,5,failed,False,True,f7e8 f4f8 e8d7 f8e7 d7c8 e7c7 b7c7 a3d6 a1b2 f2f3,0.17419195175170898
M4,0,eHHNc,5,failed,False,True,h8e8 e1e8 b8a7 a5c6 a7b6 e8d8 h2f2,0.09256100654602051
M4,0,7NV69,5,failed,False,False,g8g3 c3b4 e2g2,0.019021987915039062
M4,0,9En7w,5,failed,False,True,a4b2 h1h8 g8h8 d3c4 b2d1 f4h2 b6b1 c1b1 a2b1q,0.1349039077758789
M4,0,KiNcJ,5,failed,False,False,g8h8 d6f7 f8f7 d5d8 g5d8 d1d8 a8d8 f1h1 d8d1,0.2200331687927246
M4,0,cHUb8,5,solved,True,True,d8f8 f4f7 f8f7 c7c8 f7f8 g2d5 e2e6 d5e6 g8h8 c8f8,0.09396600723266602
M4,0,gD4i0,5,failed,False,True,c6d4 g5g7 g8h8 g7h7 b1h7 h5e5 e8e5 c1h6 h7c2,0.16960597038269043
M4,0,64uIK,5,failed,False,False,f8e8 h3h7 f6h7 c2b3 c8f5 g6h7 g8h8 e3g5 e7g5 d1d2,0.30925893783569336
M4,0,4mne6,5,failed,False,True,h8g8 f7g7 g8h8 g7g8 h8g8 c3f6 f8f6 b2b3 f6f2 d2d3,0.25493812561035156
M4,0,7eMrg,5,failed,False,False,e8g8 g5f6 e5f6 g1g8 h8g8 h1g1 g8f7 g1g7 f6g7 h6g7,0.3085010051727295
M4,0,tfUlD,5,failed,False,False,c7d8 f6g7 g8g7 f5f6 d8f6 h5h6 f6h6 d5f7 e5g4 f7g8,0.30847620964050293
M4,0,lz2lh,5,solved,True,True,g4e2 c4f7 f8f7 c1c8 d2d8 c8d8 e3e8 d8e8 f7f8 e8f8,0.09313178062438965
M4,0,66iky,5,failed,False,False,e4e2 f1f6 g6h5 f6g6 d5g2,0.09068417549133301
M4,0,6ibzT,5,solved,True,True,c8c2 b7f7 f8f7 b5b8 c2c8 b8c8 h4d8 c8d8 f7f8 f1f8,0.09399771690368652
M4,0,LI2iZ,5,solved,True,True,g6g5 f4f6 f7g6 f6f8 h6h5 g2g4 h5h4 f8h6 g6h5 h6h5,0.09203410148620605
M4,0,nsUOv,5,solved,True,True,e7e3 f3f7 g8h8 f7f8 d6f8 f1f8 h8h7 g5g6 d3g6 h5g6,0.09258604049682617
M4,0,YSVNq,5,failed,False,True,f7g6 d7e8 g6f5 g3g4 f5e5 e8h5 g7g5 f3f4 e5e4 h5e8,0.2526421546936035
M4,0,XBii0,5,failed,False,False,h6g7 f5h7 d8d2 e3d2 d1d2 h2h1 d2e1 h1g2 g7h7 h5h6,0.3086268901824951
M4,0,J92G1,5,failed,False,True,g8h8 f1h1 d6h2 h1h2 h8g8 h2h7 f6g6 h7h8 g8h8 d1h1,0.19863176345825195
M4,0,tBJwL,5,failed,False,False,a8d8 b6d8 e7d8 f1f8 d8e7 d3d4 e7f8 a4a5 h4e1 g1g2,0.25934624671936035
M4,0,lceeZ,5,failed,False,False,a8e8 b7b3 f6d7 f5g6 c4f1,0.09191608428955078
M4,0,pwU1U,5,failed,False,True,c7b7 h5h7 g8h7 g6e5 f6e5 e1e3 h7g8 d2c3 b4c3 e3e1,0.2579212188720703
M4,0,pgzZe,5,failed,False,True,f8e8 f5h6 g8g7 d2g5 d6g3 f1f6 c6f6 g5f6 g7g6 h6f7,0.1590290069580078
M4,0,5txLd,5,failed,False,True,f8e7 d4f5 e7e6 f5d6 d8h8 a4c4 c5g1 b1a2 b8b2 a2b2,0.25214695930480957
M4,0,fF00p,5,failed,False,True,h7g6 h5g6 g7f8 g6f6 d4f6 f5e6 f6f2 g1h1 e8e6 e4e5,0.17731404304504395
M4,0,bg5vX,5,failed,False,False,c3d4 b7e7 e8e7 h4g6 f7g6 a6b7 d4b2,0.1639540195465088
M4,0,6tcFH,5,failed,False,False,d8a5 h7h8 a5a1 b1c2 c6d4 c2c3 b2b1q c3d2 b1a2,0.19175124168395996
M4,0,lIjJV,5,solved,True,True,e6d5 h3h7 h8h7 f4h4 g5h5 h4h5 h7g6 h5h6 g6g5 f2f4,0.09255814552307129
M4,0,hfqzY,5,solved,True,True,e8e2 c1c8 f6e8 c8e8 e2e8 e1e8 f7f8 e8f8 g8h7 f8h8,0.09198999404907227
M4,0,cl4DD,5,failed,False,True,c3d2 g7g8 f6g8 e5f7 f8f7 c2g6 f7h7 g1h1 b7h1 g6h5,0.2532780170440674
M4,0,jK0K6,5,solved,True,True,f6e4 b3f7 f8f7 c7c8 f7f8 d1b3 a6c4 b3c4 g8h8 c8f8,0.0933220386505127
M4,0,1GsHc,5,failed,False,True,e1e4 d8g8 h8h7 h5g6 f6g6 g8g7 g6g7 e7f5 e4g2,0.18109703063964844
M4,0,68kEb,5,failed,False,False,d3d4 g5e7 f8e7 c1c7 d5c7 f5f6 h6f6 e5f6 g7f6 g4g5,0.264923095703125
M4,0,a2TxH,5,failed,False,False,c8h3 d4c5 f8g7 e1e5 h3g2,0.0907590389251709
M4,0,oGteV,5,failed,False,False,e3e5 f5f7 e7f7 b3f7 g8h8 d3d8 f8d8 f1f4 e5e1 f4f1,0.26828598976135254
M4,0,fgmvL,5,solved,True,True,b4b2 d5e7 g8h8 e5f7 f8f7 a1a8 b2b8 a8b8 f7f8 b8f8,0.09142184257507324
M4,0,CJfNH,5,solved,True,True,c2b2 f5f7 f8f7 a7a8 d2d8 a8d8 f7f8 g4e6 g8h8 d8f8,0.0914311408996582
M4,0,udngN,5,failed,False,False,g7g6 a7a8 h5h4 g3f4 b2b4 f4e3 b4b3 e3f4 b3b4 f4e3,0.3121199607849121
M4,0,9OsFv,5,failed,False,True,d7g4 f6f7 h7h6 f7e6 c1e3 g1h1 g4f3,0.05909609794616699
M4,0,ZWh6M,5,failed,False,False,d8e7 d2b4 b6b4 e1e2 b4d2 e2f1 d2f2,0.11602902412414551
M4,0,S5t5i,5,failed,False,False,g7h8 f6h6 f7f6 h6h7 c7h7 h5h6 h7h6 e5f6 h6f4 f5g3,0.3175230026245117
M4,0,9sdNR,5,failed,False,True,g7h6 d4g7 h6h5 g2g4 h5g4 d1h1 d8h8 h1h4 g4h4 g7h6,0.2600820064544678
M4,0,gd7im,5,failed,False,False,d7d2 f8g8 d2g2 g1h1 e4g3,0.044940948486328125
M4,0,J9RCx,5,failed,False,True,d7a4 e1e6 f6g5 h3h4 g5h5 g2g4 h5g4 e6g6 g4f4 e7e4,0.25852227210998535
M4,0,lNIgU,5,solved,True,True,g8g3 h3h6 h8g7 h6h7 g7f8 h7h8 g3g8 h8g8 f8e7 g8e8,0.09286689758300781
M4,0,q6Dtk,5,failed,False,False,h4g4 f6f4 g5f4 g2g3 c5c1 g3f4 d5d2,0.07648110389709473
M4,0,rH6fk,5,failed,False,True,b8b1 g2g4 h5g6 f3g5 c3c6 e4e6 c6e6 g5e6 b1a2 f4g5,0.257504940032959
M4,0,FAK7x,5,failed,False,False,h3g2 a1a7 e7h4 f2g2 h8g8 f3g4 g8g4 g2f3 f5e4 d3e4,0.3120460510253906
M4,0,VvuYG,5,solved,True,True,a8c8 h6g7 h8g7 h3h7 g7h7 d5f7 h7h8 g1h1 e7h4 h1h4,0.0981590747833252
M4,0,fXuxP,5,failed,False,False,c8d7 g7f6 f1f6 c3c4 h8g8 e5f6 a2g2,0.11698293685913086
M4,0,6jXzx,5,failed,False,False,d7b7 h1h8 g8h8 e2h5 g6h5 d2h6 g7c3 e1e2 e6d4 e2e3,0.31029295921325684
M4,0,VMYh0,5,solved,True,True,e3f1 e2h5 h8g8 h5h7 g8f8 h7h8 f8e7 h8g7 e7d6 g7e5,0.09755301475524902
M4,0,sEI2f,5,failed,False,False,a6b5 e3b6 a7b6 e8a8 b7d5,0.0907890796661377
M4,0,Lf1ix,5,failed,False,True,e5e1 g2g7 g8h8 g7h7 h8h7 g1g2 c4d3 b1a1 e1c1,0.18732380867004395
