system,seed,case,n,status,solved,first_ok,moves,sec
M4,2,hqIoM,1,solved,True,True,e5g4 h4h7,0.05582380294799805
M4,2,k6dpr,2,solved,True,True,d6a3 e3h6 h8g8 h6g7,0.07301998138427734
M4,2,TyQfi,1,solved,True,True,f7f6 e8d7,0.021491289138793945
M4,2,lh6m9,2,failed,False,False,f6g5 b6g6 g5g6 d3e4,0.050119876861572266
M4,2,afUS9,1,solved,True,True,e4d3 g4g7,0.01905679702758789
M4,2,2fYsq,1,failed,False,False,h6g5 d4f5,0.018815994262695312
M4,2,VmW3s,1,solved,True,True,d7e6 h6h7,0.01806783676147461
M4,2,A4SSD,1,solved,True,True,f7e7 h5h7,0.018566131591796875
M4,2,lbYsA,1,solved,True,True,h1a1 d2g5,0.018498659133911133
M4,2,eeAhw,1,solved,True,True,c4b4 d1d6,0.01858997344970703
M4,2,Bjwtw,3,solved,True,True,c8f5 e4a8 f5c8 a8c8 e7d8 c8d8,0.08733797073364258
M4,2,ujt4M,2,solved,True,True,d4a1 e5g6 h7g6 e3h3,0.03945112228393555
M4,2,K6TqV,2,solved,True,True,f1h2 d3h7 g8f8 h7h8,0.03582000732421875
M4,2,XR5LT,1,solved,True,False,d7c5 b5d6,0.017857789993286133
M4,2,NKIvR,3,solved,True,True,h7h5 h3h5 g6h5 h1h5 f4h6 h5h6,0.05617713928222656
M4,2,qZiGr,1,failed,False,False,h2e2 g4g7,0.017187833786010742
M4,2,X6rPL,2,solved,True,True,a8g8 e6g8 h8g8 f1f8,0.0368192195892334
M4,2,DOKo1,1,solved,True,True,e8d8 e5b8,0.017462730407714844
M4,2,ggHID,2,failed,False,False,g8g7 h3h7 g7g8 h7h8,0.09102106094360352
M4,2,2TwW1,1,solved,True,True,d7e5 c2h7,0.019991159439086914
M4,2,dxy0q,1,solved,True,True,f6g8 h6f7,0.017837047576904297
M4,2,AYNH5,1,solved,True,True,g5f4 b7e7,0.018648862838745117
M4,2,r2KUG,1,failed,False,False,e7e6 d5f5,0.018246173858642578
M4,2,u6YDW,2,solved,True,True,g8g7 f7f8 g7g8 f8g8,0.03748679161071777
M4,2,aQXoi,2,solved,True,True,c7c6 b5c6 e7c7 a6a8,0.03569507598876953
M4,2,7Ucx1,2,solved,True,True,e7f5 e4f6 d8f6 h6h7,0.03656196594238281
M4,2,556fD,1,failed,False,False,g8g7 h3h8,0.01755690574645996
M4,2,D0VJR,1,solved,True,True,a8a7 d1d8,0.018533945083618164
M4,2,qkNI2,3,solved,True,True,b6d4 d3h7 g8h7 d1h5 h7g8 h5h8,0.05455303192138672
M4,2,8LWk6,1,solved,True,True,e6d5 a4d7,0.0186922550201416
M4,2,4fSbf,1,solved,True,True,e7e5 d1d7,0.018141984939575195
M4,2,whsmx,1,failed,False,False,e7c8 f6f7,0.017767906188964844
M4,2,fcsLs,2,failed,False,True,c1g1 d5e7 g8h8 f3f6,0.03586316108703613
M4,2,IVkAk,1,solved,True,True,f6g6 h5h8,0.017885923385620117
M4,2,sKHQB,2,failed,False,False,a8c8 d7d8 c8d8 e7d8,0.09028983116149902
M4,2,albPE,2,failed,False,False,e3d2 g3c7 d5c7 f7f8,0.09111928939819336
M4,2,vXiIM,2,solved,True,True,e4c3 d1d8 e6e8 d8e8,0.037773847579956055
M4,2,suxCB,2,solved,True,True,g7g6 f5f7 g8f7 g2d5,0.037229061126708984
M4,2,C151V,3,solved,True,True,d7e7 a1a8 b7b8 a8b8 e7e8 b8e8,0.05489301681518555
M4,2,SbU9r,2,solved,True,True,f2g3 d7f7 g8h8 f7g7,0.03676104545593262
M4,2,I26jB,2,solved,True,True,b1f1 e4f6 h7h8 f7f8,0.03772282600402832
M4,2,oppgy,1,failed,False,False,d6c5 b7c7,0.017615079879760742
M4,2,BB8jl,1,solved,True,True,e3b3 b4f8,0.01749897003173828
M4,2,W9VuK,2,failed,False,False,h4f5 d3f5 f4f5 g2g4,0.09215211868286133
M4,2,AobjA,2,solved,True,True,g2a2 f1h1 a2h2 h1h2,0.03635382652282715
M4,2,R9nbR,4,failed,False,False,g8h7 d8h8 h7h8 f1f8 h8h7 f8g8 g7g6 g8g7,0.2285301685333252
M4,2,0TyOf,1,failed,False,False,f5e4 f8f4,0.0222017765045166
M4,2,FUDbs,5,solved,True,True,g8h8 d1h5 h8g8 h5h7 g8f8 h7h8 f8e7 h8g7 e7e6 g7f7,0.1296682357788086
M4,2,891DR,1,solved,True,True,c8c2 a4e8,0.020129919052124023
M4,2,P3ioK,2,solved,True,True,d2b2 c8a8 e6a6 a8a6,0.03815007209777832
M4,2,SP9ub,2,solved,True,True,e7d7 g8h8 d7h7 h8h7,0.03642892837524414
M4,2,hhbSf,3,failed,False,True,c6b5 a5c7 b8a8 c7d8 h8d8 c5c8,0.1089332103729248
M4,2,o4YuC,2,solved,True,True,c2d4 h3h8 e3e8 h8e8,0.039884090423583984
M4,2,qaFdI,2,failed,False,True,f4g3 b4f8 c8c7 d1d7,0.036545753479003906
M4,2,uYu2z,1,failed,False,False,f7e6 f5h6,0.017243146896362305
M4,2,DiKTi,2,failed,False,True,a6c7 e2h5 h7g7 h5h6,0.03675198554992676
M4,2,K1xcc,2,failed,False,True,e5g4 f6f5 h5h4 f5h5,0.03608822822570801
M4,2,pjTL2,1,solved,True,True,c5d4 c6e7,0.018017053604125977
M4,2,ZGn4Y,1,solved,True,True,g6g5 f3f4,0.01800084114074707
M4,2,kEsGW,1,failed,False,False,h5d5 c6a8,0.01910710334777832
M4,2,FU3dp,3,failed,False,False,f7g6 d7e6 b2e5 e6f5 e5f5 g4f5,0.16366910934448242
M4,2,PgNHa,1,solved,True,True,c7c4 d4g7,0.019509077072143555
M4,2,mCD3O,2,failed,False,False,d2d1 e3e6 c4e6 c5f8,0.09068703651428223
M4,2,lR1Ch,1,failed,False,False,h7h5 g4a4,0.019356966018676758
M4,2,RkToJ,2,solved,True,True,f5h3 d6f8 f7f8 f1f8,0.03646206855773926
M4,2,5k7Fh,2,solved,True,True,d8f8 e4f6 g8h8 h6h7,0.03586912155151367
M4,2,ICNA0,2,solved,True,True,d2c4 d1d8 f6e8 d8e8,0.037808895111083984
M4,2,xXU0e,1,failed,False,False,b5b4 f2a7,0.017457962036132812
M4,2,37WT3,3,failed,False,False,e7d6 d5e7 d6e7 e4h7 g8h7 a1g7,0.16496992111206055
M4,2,HdZqe,1,solved,True,True,e7e6 g3g7,0.01967310905456543
M4,2,Q7rli,3,solved,True,True,c3e3 b7f7 g8h8 f7f8 c8f8 f1f8,0.05521893501281738
M4,2,9v2ib,2,solved,True,True,d8d2 b7f7 f8f7 e1e8,0.03541421890258789
M4,2,QTQbI,1,failed,False,False,c8f5 h4h7,0.018479108810424805
M4,2,lUAza,2,solved,True,True,a6b5 a5a7 b8c8 a7a8,0.036763906478881836
M4,2,9RL87,2,failed,False,False,d7d6 c1c6 e7c6 e3b6,0.09007000923156738
M4,2,N6oJK,2,failed,False,False,e2g2 h7h8 d7a4 d1c1,0.09301304817199707
M4,2,R0NAX,1,solved,True,True,a4c6 g3g7,0.019285917282104492
M4,2,WDvdd,2,solved,True,True,g3f2 d3d8 f8d8 d2d8,0.0359501838684082
M4,2,cljRD,2,solved,True,True,b4d4 c7f7 g8h8 f7f8,0.03592514991760254
M4,2,Prbnl,1,solved,True,True,f8e7 h8g7,0.017064809799194336
M4,2,AcIoO,2,solved,True,True,h4g3 d1h5 h6h5 a7h7,0.03709292411804199
M4,2,N7p9r,2,solved,True,True,c8c7 b7b8 c7c8 b8c8,0.03658413887023926
M4,2,LRl9k,1,solved,True,True,e5e3 g3g7,0.016963958740234375
M4,2,wdUVx,2,failed,False,False,e8e5 g2b7 c8b7 c4g8,0.09035229682922363
M4,2,D6Kkv,1,failed,False,False,d3b3 e5a5,0.018120765686035156
M4,2,aewA4,2,solved,True,True,f6e4 f3f7 f8f7 d1d8,0.03666424751281738
M4,2,ovBcf,2,solved,True,True,e4g3 e2e8 g8e8 e1e8,0.036847829818725586
M4,2,PjdmG,1,solved,True,True,g7h6 f4h6,0.017672061920166016
M4,2,rGV71,1,solved,True,True,a6c6 d7h7,0.01803421974182129
M4,2,ON3Kf,2,failed,False,False,d8c8 b5a7 c8b8 d4d8,0.09008383750915527
M4,2,6LtSH,2,solved,True,True,c6d4 d6e5 f6g6 c7g7,0.037882089614868164
M4,2,zYLh3,1,failed,False,False,f5f8 h7f6,0.017697811126708984
M4,2,M8GeZ,2,failed,False,False,b7b6 d8f8 d7f8 g6e7,0.09186601638793945
M4,2,CXelK,2,failed,False,False,f7f5 b1b7 c6b7 c3b5,0.08842587471008301
M4,2,9LZ3U,3,solved,True,True,h7g8 h3h8 g6h8 e4f6 g8f8 d2h6,0.05505204200744629
M4,2,OhIcy,1,failed,False,False,g8f7 g2g7,0.017348766326904297
M4,2,aqEaD,3,solved,True,True,h8h7 g3g6 h7h8 g6h5 f8h6 h5h6,0.0557861328125
M4,2,Y7NgO,3,failed,False,False,e3e2 e5b8 b3g8 f1f8 e2g2,0.09212207794189453
M4,2,5LaYP,2,failed,False,False,f3f1 e7e8 f1c1 c4d3,0.09075212478637695
M4,2,jks1R,2,solved,True,True,b5e2 f3f7 g8h8 f7g7,0.038221120834350586
M4,2,rfydj,2,solved,True,True,h8g8 h5h7 g8f8 h7h8,0.03698611259460449
M4,2,I240S,1,solved,True,True,e7f7 c8e6,0.017233848571777344
M4,2,YhMcy,2,failed,False,False,g4e3 d1d8 e8d8 h4h6,0.09072113037109375
M4,2,rW7nv,2,solved,True,True,c1f1 h1h8 g8f7 h8f8,0.03663778305053711
M4,2,AeUbM,2,failed,False,False,d2f2 h6h8 g8g7 h4h7,0.09039711952209473
M4,2,SQgg8,1,failed,False,False,a3b5 g3g7,0.017406940460205078
M4,2,mwg1y,4,failed,False,False,h6h5 f8h8 d4h8 a7h7 h8h7 e2e1 h7g7 a4a5,0.23567628860473633
M4,2,7OsyB,2,failed,False,True,e7d6 b1b8 c8b8 c6b7,0.03713369369506836
M4,2,5mlgE,2,failed,False,False,b2f2 g4g7 f8g7 h6g7,0.0909280776977539
M4,2,h3Lp3,2,solved,True,True,b6c6 g4f6 g7f6 c2h7,0.0361180305480957
M4,2,C0HGb,2,failed,False,False,b8c7 a6a7 c7d6 a7c7,0.09178614616394043
M4,2,RYVDe,2,solved,True,True,f4h6 e4f6 h7h8 f7e8,0.03896284103393555
M4,2,sCRZa,3,solved,True,True,d1d2 b7f7 g8h8 f7f8 d8f8 f4f8,0.05322599411010742
M4,2,mn0py,1,solved,True,True,e8e7 c7e7,0.017025232315063477
M4,2,jbgxG,3,failed,False,False,d5f4 g5h6 c6h6 e7e8 a8e8 e1e8,0.1624898910522461
M4,2,wY0ck,2,solved,True,True,a3d6 g4g5 f6f5 c7f7,0.03724312782287598
M4,2,ymsSe,3,solved,True,True,h5g6 c5f8 g8f8 c1c8 f6e8 e5e8,0.05484628677368164
M4,2,O2QMj,2,solved,True,True,e1c3 g5g6 f7e7 g6e6,0.03572487831115723
M4,2,XRKFi,3,solved,True,True,d3c3 e8f8 g8f8 e5d7 f8g8 e1e8,0.0545198917388916
M4,2,gMpO0,1,solved,True,True,c7d6 h4h7,0.01739788055419922
M4,2,Nt4a1,1,failed,False,False,a8e8 g1g6,0.016865253448486328
M4,2,6Fk2R,2,solved,True,True,d7b6 d6d8 e7e8 d8e8,0.03623795509338379
M4,2,cADfn,2,solved,True,True,f7f6 e1e8 g8f7 e8f8,0.03751397132873535
M4,2,AKlb4,2,solved,True,True,c8f8 e4h7 g8h8 f2f8,0.03453207015991211
M4,2,Vptjp,1,solved,True,True,e7g5 e4h7,0.017069101333618164
M4,2,UWrxT,1,solved,True,True,a8d8 e4h7,0.01854681968688965
M4,2,WMgW7,3,solved,True,True,d8g5 f3f7 g8h8 f7f8 e8f8 f1f8,0.05610394477844238
M4,2,54Pcp,2,solved,True,True,f8f7 h6h8 f6h8 h4h8,0.03677201271057129
M4,2,lDlWS,3,solved,True,True,f7f4 h4g6 h7g6 b3h3 f4h4 h3h4,0.054733991622924805
M4,2,24zdl,1,failed,False,False,g7h7 f6g7,0.01835489273071289
M4,2,y97oA,2,failed,False,False,f3b3 g2g6 h7g6 h6g7,0.08944320678710938
M4,2,1yfsa,2,solved,True,True,f8e8 h4h7 g8f8 h7f7,0.03927493095397949
M4,2,hqhZp,3,solved,True,True,c5g5 d7f7 f8f7 e1e8 f7f8 f1f8,0.05511808395385742
M4,2,8ixfI,2,solved,True,True,f7c7 e3e8 c8e8 e2e8,0.037102699279785156
M4,2,eABG8,1,solved,True,True,b2a1q g4f6,0.017530202865600586
M4,2,mwVmn,2,solved,True,True,h7h5 c1c8 g8h7 c8h8,0.036923885345458984
M4,2,jbF3R,4,failed,False,True,g6f5 h1h7 g7h7 d1h1 h7g6 h1h6 g6h6 e6f7,0.15657711029052734
M4,2,3himt,2,failed,False,False,e3e2 e4h4 e2e1q g5f6,0.0917971134185791
M4,2,aZW7R,3,solved,True,True,b3b6 e6e8 g6e8 e2e8 d7f8 e8f8,0.056246042251586914
M4,2,M9HjN,1,failed,False,False,a6d6 e8h5,0.01830291748046875
M4,2,DQjJH,1,solved,True,True,e5f4 g3g7,0.016891956329345703
M4,2,wy8aP,1,failed,False,False,h8g8 a8a7,0.017374038696289062
M4,2,8FXQx,2,failed,False,True,g8f8 e7c6 d8e8 a7a8,0.03626108169555664
M4,2,IS8Wv,3,failed,False,False,a5a6 d6e6 a6e6 f6g7 e6g6 g7h8,0.16370272636413574
M4,2,BTlQJ,2,solved,True,True,f8g8 g3h3 f6h5 h3h5,0.03780412673950195
M4,2,11Xl6,1,solved,True,True,d7e8 f7f8,0.018711090087890625
M4,2,tuqMX,3,solved,True,True,a8b8 e4c6 e8f8 d1d6 f8g8 d6b8,0.05301403999328613
M4,2,ZJb73,2,failed,False,True,f8f7 c6g6 h7h8 g6h6,0.036897897720336914
M4,2,uaGZk,1,solved,True,True,h3h7 b1b8,0.017542123794555664
M4,2,JcEph,3,solved,True,True,d2e2 f4f7 g8h8 f7f8 e8f8 f1f8,0.053815603256225586
M4,2,lxXLD,2,failed,False,False,b4d2 h4f6 g7f6 e5f6,0.0912313461303711
M4,2,IRN5e,1,solved,True,True,c4e6 g4g7,0.01921820640563965
M4,2,dOXsp,1,solved,True,True,a8d8 e7d8q,0.020055770874023438
M4,2,ZUWtt,3,failed,False,True,b6c5 e3e8 d8e8 e1e8 g8h7 e8h8,0.05448317527770996
M4,2,4KjKs,1,failed,False,False,g8e7 a4b6,0.017469167709350586
M4,2,CfKgq,2,failed,False,False,f8h6 e1e8 g8e8 d3c5,0.09064602851867676
M4,2,KH78K,2,failed,False,False,g3f2 b7b8 d6b8 f3h5,0.09069705009460449
M4,2,qwodg,2,failed,False,False,d7d5 e5g7 h8g7 d2g5,0.09482598304748535
M4,2,YUH9Q,1,failed,False,False,f4h2 e6e5,0.01849985122680664
M4,2,a4zeM,4,failed,False,True,f8f7 d1d8 f7f8 h5h7 g8h7 d8f8 a6a3 f8f7,0.18451189994812012
M4,2,TCEyG,2,failed,False,False,b2a1 d1h5 c5b4 e1e2,0.09522414207458496
M4,2,f3jwf,2,failed,False,False,c6c3 b2b7 c3e3 f3f2,0.09456086158752441
M4,2,qNhbF,3,failed,False,False,f8e8 b7b3 g8h8 e2e8 d8e8 e1e8,0.1688387393951416
M4,2,x0jFP,2,solved,True,True,b2a2 h4h6 g7h6 g6h6,0.037986040115356445
M4,2,i4ENZ,3,failed,False,False,a8e8 h5h7 g8h7 f4h4 h7g8 h4h8,0.16661882400512695
M4,2,PtZsv,2,solved,True,True,f5c2 f3f7 e8d8 g5e6,0.038600921630859375
M4,2,HvMnE,2,solved,True,True,h6f8 f2f8 d6d8 f8d8,0.03773999214172363
M4,2,5HceD,2,solved,True,True,f7g7 e6e8 d8e8 e1e8,0.03633308410644531
M4,2,AeY7B,2,failed,False,False,g4h3 c4h4 h3h4 e2e1,0.09089183807373047
M4,2,mOM2L,1,solved,True,True,g6d3 g4g7,0.02033090591430664
M4,2,PKNgE,1,solved,True,True,f6d5 f5h7,0.019714832305908203
M4,2,DM5OK,2,solved,True,True,d4d3 g6h6 g7h6 b6h6,0.03609800338745117
M4,2,QaTBd,1,solved,True,True,b1b2 f7e8,0.01677703857421875
M4,2,iepMy,2,failed,False,False,c6e4 d3e4 e5e4 g3g4,0.08957695960998535
M4,2,DUHs5,1,solved,True,True,a7g7 f6g7,0.02244400978088379
M4,2,rBDof,2,failed,False,False,b7f3 h4f6 d7f6 d3h7,0.08969712257385254
M4,2,l6Kvs,1,solved,True,True,e6e5 f4g6,0.019416093826293945
M4,2,dpWj7,1,failed,False,False,h4f5 d6a6,0.017244815826416016
M4,2,EDcEo,2,solved,True,True,e7e6 g5g8 f8g8 h6f7,0.035613059997558594
M4,2,duwNx,2,solved,True,True,b4a4 c7f7 g8h8 f7f8,0.03765702247619629
M4,2,oN5X9,2,failed,False,False,d8d2 b1b8 a8b8 g7g8,0.08900904655456543
M4,2,giysy,2,solved,True,True,f8g8 d1h5 g7h6 h5h6,0.037719011306762695
M4,2,4nUz6,2,solved,True,True,f7e6 d1g4 g8f7 g4g7,0.03640580177307129
M4,2,OqiEo,3,failed,False,False,e7e3 h6h7 c1e1,0.020381927490234375
M4,2,O3zKp,3,solved,True,True,b6d4 f3f7 g8h8 f7f8 d8f8 f1f8,0.05520892143249512
M4,2,oddiT,2,failed,False,True,f6e5 h4g6 h7g6 b4f8,0.036247968673706055
M4,2,K0nDx,2,solved,True,True,f4g3 e1e8 g7g8 d3h7,0.03418874740600586
M4,2,6OXTJ,1,solved,True,False,g8f7 g6g7,0.018027067184448242
M4,2,okIau,1,failed,False,False,c4a4 f6g7,0.018259763717651367
M4,2,aKdQx,2,solved,True,True,b2a3 g4g5 h6g5 h4g5,0.03679513931274414
M4,2,Ci1ei,4,failed,False,False,c4b3 e7f8 g8f8 f4f7 f8f7 d1d8 b3c2 d8f8,0.23913192749023438
M4,2,5h4cd,2,solved,True,True,c8g4 f3f7 g8h7 f7g7,0.03959083557128906
M4,2,Sx3Uj,2,solved,True,True,d2d4 e6e8 g6h6 e8h5,0.039991140365600586
M4,2,hQpfH,4,solved,True,True,g8h8 g5f7 h8g8 f7h6 g8h8 d5g8 f8g8 h6f7,0.07267308235168457
M4,2,zIj73,1,solved,True,True,a3g3 f4f5,0.01796889305114746
M4,2,ICWp6,2,solved,True,True,e8f8 d7d8 a8d8 d1d8,0.03482222557067871
M4,2,0DYF0,1,failed,False,False,c6d5 g4g5,0.01818394660949707
M4,2,om3XR,1,solved,True,True,g8g7 a8f8,0.017786026000976562
M4,2,9QAcc,3,solved,True,True,g8g7 h1h7 g7h7 d2h2 h7g7 h2h6,0.055116891860961914
M4,2,OWKQ3,3,failed,False,False,f7g8 d5e7 d6e7 d7c8 g8f7 c8f8,0.1657247543334961
M4,2,GoTJy,1,solved,True,True,g8h8 d2h6,0.01952505111694336
M4,2,7Iha7,2,solved,True,True,e2f2 b7b8 g8h7 d1h5,0.03786492347717285
M4,2,GrSXs,1,solved,True,True,f6g5 c2h7,0.01804375648498535
M4,2,b6uPl,1,failed,False,False,h5c5 h7g7,0.017343997955322266
M4,2,wDmxs,3,solved,True,True,e7e8 c4d6 e8f8 d7d8 f8e7 d8e8,0.05553102493286133
M4,2,iNuEI,2,failed,False,False,e6d5 b7f7 d5f7 f1f7,0.09104490280151367
M4,2,xLnum,2,failed,False,True,g7h8 d2h6 f6h7 h6h7,0.03803706169128418
M4,2,4k6AO,2,solved,True,True,g8h8 g5h6 b4b3 g6g7,0.03556704521179199
M4,2,3JoDy,1,solved,True,True,e8e7 d1d6,0.01767897605895996
M4,2,XVp5w,1,solved,True,True,g4d1 c4f7,0.0184628963470459
M4,2,KZjas,1,solved,True,True,e8d7 g6e6,0.018802165985107422
M4,2,9Jpq0,1,solved,True,True,f7e6 d3g6,0.01802682876586914
M4,2,2hIXp,2,failed,False,False,c6d4 f4f7 e8f7 e4d6,0.09001898765563965
M4,2,yThwa,2,solved,True,True,g7a1 f2f7 g8h8 f7h7,0.03754901885986328
M4,2,8vzsS,2,solved,True,True,a8a2 b6b8 e7e8 b8e8,0.03765296936035156
M4,2,V5TwO,2,solved,True,True,e8e6 f2f7 g8h8 f7g7,0.035752058029174805
M4,2,IaUQu,2,failed,False,False,d5e3 g3g7 h8g7 h4f5,0.09058403968811035
M4,2,9BDr3,3,solved,True,True,d6a6 d5e7 c8b8 d2d8 h8d8 d1d8,0.05757284164428711
M4,2,SQz5N,2,failed,False,False,d6c5 f1f8 g8f8 g3d6,0.08942294120788574
M4,2,yjspP,2,failed,False,True,e5f4 g2g3 f4g4 e7g5,0.03870797157287598
M4,2,W3TgF,1,failed,False,False,c6f3 c7a6,0.01837897300720215
M4,2,827li,2,failed,False,False,b8c6 e5g6 h7g6 e7g6,0.09029603004455566
M4,2,p7QbV,1,failed,False,False,e3e2 h3c8,0.018924951553344727
M4,2,ivwub,2,failed,False,False,b3d4 g6h6 h7h6 d1a1,0.09243106842041016
M4,2,xetqG,1,solved,True,True,d8c6 h3e6,0.021678686141967773
M4,2,Msiau,2,solved,True,True,b2c3 h6h7 g8h8 h4f6,0.04137015342712402
M4,2,JDC1l,2,failed,False,False,a5e1 c2h7 g8h7 d1d8,0.09067273139953613
M4,2,UTdcK,1,solved,True,True,e8e7 h5f7,0.017949819564819336
M4,2,huc0d,1,solved,True,True,d8d7 e4h7,0.018280982971191406
M4,2,lfySZ,2,failed,False,False,e5h5 a6e6 f7e6 h6f4,0.09078812599182129
M4,2,YaEzG,2,failed,False,False,f5d3 a6c6 d3f1 f3f4,0.09309005737304688
M4,2,nFwPL,1,solved,True,True,d8d7 e4e8,0.01928091049194336
M4,2,G2KkV,3,failed,False,True,g8f8 e5d6 e8e7 g3g8 f8g8 d6f6,0.10889005661010742
M4,2,SkqW5,1,solved,True,True,f1b5 b7f7,0.01951313018798828
M4,2,eovaS,3,failed,False,True,a8g8 h1h7 h8h7 f3h3 h7g6 h3h5,0.0551450252532959
M4,2,fUlaZ,2,failed,False,False,f6g7 h6g7 g8g7 f5g5,0.09190201759338379
M4,2,1fZTC,2,solved,True,True,b3a2 e6h6 g7h6 d2h6,0.0388181209564209
M4,2,EEXmu,3,solved,True,True,d2d1q b6b7 a8a7 b7b8q a7a6 b8b6,0.05820798873901367
M4,2,qWlsh,1,failed,False,False,f7g6 d5f6,0.019520044326782227
M4,2,q0paG,2,solved,True,True,e4f2 h4h7 g8f8 h7h8,0.03780102729797363
M4,2,TYdr2,1,failed,False,False,g6f6 e2e5,0.01908588409423828
M4,2,a5ozU,1,solved,True,True,g8b8 a6c7,0.019750356674194336
M4,2,QLBAg,2,failed,False,False,h3g2 h5g6 f7g6 f6f7,0.09183692932128906
M4,2,eei8y,2,failed,False,False,a8e8 b7g7 g6g7 e3e8,0.09176301956176758
M4,2,GhGXq,2,solved,True,True,f8b8 c4f7 h7h8 f7g7,0.040003061294555664
M4,2,tvUBH,2,failed,False,False,b2h2 e3d4 b3d4 c3d4,0.09067702293395996
M4,2,1jiv2,2,solved,True,True,g4d1 c4f7 e8e7 c3d5,0.03890490531921387
M4,2,AapBt,1,solved,True,True,f6e4 f3f7,0.017705202102661133
M4,2,MXYI8,2,solved,True,True,h5f5 b7h7 h6g5 h7h4,0.036855220794677734
M4,2,A2xeZ,1,solved,True,True,e5g3 f5h7,0.018213987350463867
M4,2,OiuCc,1,solved,True,True,f6h5 c4f7,0.01841282844543457
M4,2,GVepH,2,failed,False,False,d4d3 f6f3 c6f3 e1h1,0.09011411666870117
M4,2,T9Vbs,1,solved,True,True,c3a5 g2g7,0.021149873733520508
M4,2,mCTtL,2,solved,True,True,e6d5 e3e8 c8e8 e1e8,0.03488302230834961
M4,2,llvLC,2,failed,False,False,e7g5 f4f7 e8f7 b5d6,0.08905792236328125
M4,2,PyJyb,2,failed,False,False,a8d8 b7d7 d8d7 f7d7,0.09474611282348633
M4,2,6Mh5o,2,solved,True,True,d8e8 a7a8 c8d7 a8e8,0.03900003433227539
M4,2,2A2zz,2,failed,False,False,e8d7 g8e6 d7e6 e5d6,0.09114193916320801
M4,2,gDyew,2,failed,False,False,f6e8 b2g7 e8g7 f3h5,0.0950629711151123
M4,2,7ofzl,2,failed,False,True,f7g6 c2g6 g7f8 g6g8,0.0428621768951416
M4,2,tsL31,1,solved,True,True,f8f6 h4f6,0.022446870803833008
M4,2,6MkYR,3,solved,True,True,g8h7 c2h2 e6h3 h2h3 h7g8 h3h8,0.052964210510253906
M4,2,5xLiE,1,failed,False,False,b7b6 h5f7,0.018198728561401367
M4,2,jHUiB,1,solved,True,True,c8c7 g1b6,0.01822209358215332
M4,2,NrNIt,2,solved,True,True,a8e8 e1e8 d7f8 d5e7,0.0366060733795166
M4,2,QmnyR,3,solved,True,True,f8f4 h3h8 f4f8 h8f8 e6c8 f8c8,0.05582308769226074
M4,2,JReTK,4,failed,False,False,a8d8 c7f7 g7f7 h1h7 f7g8 h7h8 e5h8 d1h1,0.23702311515808105
M4,2,7Wa0y,2,solved,True,True,f4d3 d2h6 g7g8 h6h8,0.03862190246582031
M4,2,My1Ts,1,solved,True,True,c5d4 h5e8,0.017826080322265625
M4,2,WNVP9,3,failed,False,True,b4c3 e6e8 g8f7 e4e7 f6e7 e1e7,0.11203312873840332
M4,2,CYEq0,3,failed,False,True,g8g7 h5e8 g7g8 e8g8 h8g8 a1g1,0.11368799209594727
M4,2,D0YsM,2,failed,False,False,f5g4 f7h5 g4h5 g2g3,0.09247398376464844
M4,2,nfyqk,1,solved,True,True,f5g7 g8h8,0.0196688175201416
M4,2,7KZt5,2,failed,False,False,e5d4 f3f6 f8g7 e4e8,0.09118080139160156
M4,2,0RXFe,1,solved,True,True,c5d4 c2h7,0.02013683319091797
M4,2,Uv56L,2,solved,True,True,a3a2 b4b8 e6c8 b8c8,0.03719902038574219
M4,2,1DZCV,2,failed,False,False,a8d8 g1g6 d4g7 g6g7,0.08952021598815918
M4,2,YYMmo,2,solved,True,True,f8g8 h6h7 h8h7 d2h6,0.03873085975646973
M4,2,pWmaP,2,failed,False,False,f2h1 f3e5 d6e5 g5f4,0.09079122543334961
M4,2,8Eaxa,1,failed,False,False,d6c5 f4c7,0.0195620059967041
M4,2,cfo50,1,solved,True,True,f8f6 g6h7,0.018413782119750977
M4,2,6iVFf,2,failed,False,False,f2b2 g4d7 e8d7 d3b5,0.09072732925415039
M4,2,XRhTS,1,solved,True,True,g8g7 c3g7,0.01923370361328125
M4,2,aAsR7,1,failed,False,False,e8e6 f6d8,0.01855015754699707
M4,2,WAoam,1,solved,True,True,g4h3 g3g7,0.01966404914855957
M4,2,Hpdzj,1,solved,True,True,d6b6 e4h7,0.017323017120361328
M4,2,sbwKs,3,failed,False,True,e8e7 d3d8 e7e8 e3c5 b6c5 e1e2,0.05392098426818848
M4,2,jtJog,2,solved,True,True,e8d6 g6f8 h7g8 e4h7,0.036459922790527344
M4,2,XPedG,1,failed,False,False,d7c6 d6d7,0.018276214599609375
M4,2,8Kinj,2,solved,True,True,h6e6 e8f8 f7f8 f1f8,0.035989999771118164
M4,2,VHzhe,3,failed,False,False,f8g7 h4f5 g6f5 g3e5 g7f8 e5f6,0.1634998321533203
M4,2,TcPki,2,solved,True,True,b5c4 c6e7 g8h8 f1f8,0.04169797897338867
M4,2,ikOoD,2,solved,True,True,e7d5 e3e8 d8e8 e1e8,0.035929203033447266
M4,2,pHbUy,2,failed,False,True,c6d7 h3h7 h8h7 e3h3,0.03861498832702637
M4,2,pzcAJ,3,solved,True,True,e5c4 h5e8 a8e8 f2f8 e8f8 e7f8q,0.05306410789489746
M4,2,fEC86,1,solved,True,True,g8f7 a8f8,0.01759481430053711
M4,2,TX2F1,1,solved,True,True,e1e3 g4g7,0.01779007911682129
M4,2,4eBQg,1,solved,True,True,e8g8 g7f7,0.018171072006225586
M4,2,ygZv5,2,failed,False,False,f8d8 e7d8 g8g7 d8h8,0.08971285820007324
M4,2,u86DF,1,solved,True,True,e7c6 g4h6,0.020711898803710938
M4,2,log7U,3,solved,True,True,g6h7 g5g6 h7g8 a6a8 b3b8 a8b8,0.05912899971008301
M4,2,6YyWL,1,solved,True,True,g7f6 f7h7,0.01805591583251953
M4,2,JbfQP,1,solved,True,True,e5e4 c3g7,0.016872882843017578
M4,2,VdCgp,2,solved,True,True,a5a2 g4h6 g8f8 b2h8,0.03753805160522461
M4,2,zim1D,1,solved,True,True,e7e6 g5g7,0.018067121505737305
M4,2,E3FRr,2,solved,True,True,f8f2 e6h6 h8g8 h6g7,0.034938812255859375
M4,2,suM2l,2,solved,True,True,h7g8 d1d8 e6e8 d8e8,0.03680610656738281
M4,2,cqWYR,1,solved,True,True,c1d1 g3b8,0.0185089111328125
M4,2,yRAlo,1,failed,False,False,f2f5 g5d8,0.01708984375
M4,2,DmRGe,1,solved,True,True,f6h7 c2h7,0.01750016212463379
M4,2,gF1ex,1,solved,True,True,g5g4 a7a8,0.017393112182617188
M4,2,thCqS,2,failed,False,True,f7f6 f2f4 e5f5 d4d6,0.03607177734375
M4,2,5k5WX,2,solved,True,True,b3c4 b2b8 c6c8 b8c8,0.036100149154663086
M4,2,o8EWD,1,solved,True,True,f2h1 f3b7,0.017904996871948242
M4,2,RmoeX,3,solved,True,True,f8c8 h2h7 g8f8 h7h8 g6h8 h1h8,0.05373215675354004
M4,2,hqi90,3,solved,True,True,f7g7 h5h6 g7h7 h6f8 e7g8 f8g8,0.05698394775390625
M4,2,vSbAY,3,solved,True,True,a6b5 f3f7 g8h8 f7f8 e8f8 f1f8,0.05546689033508301
M4,2,T7KKz,3,solved,True,True,c7e5 f3f7 g8h8 f7f8 c8f8 f1f8,0.05980396270751953
M4,2,mhb0X,1,solved,True,True,h2d2 c7a7,0.01779794692993164
M4,2,SpitR,2,solved,True,True,d1a1 e2e8 g8g7 h5h6,0.03534412384033203
M4,2,LGjMw,2,failed,False,False,b5a4 e7a7 b8a7 f2a2,0.0925600528717041
M4,2,KcZy8,2,failed,False,False,e5d4 a8d8 d4d8 c6e8,0.09308910369873047
M4,2,72vv6,1,solved,True,True,d8e7 h6g7,0.019232988357543945
M4,2,FhX06,1,solved,True,True,c4c2 g3g7,0.01884317398071289
M4,2,ZuDr7,2,solved,True,True,f3h3 d1d8 h8d8 e7d8,0.03666186332702637
M4,2,rb7IX,1,solved,True,True,c6e7 g3g7,0.017287015914916992
M4,2,cAfHf,1,failed,False,False,b6a5 f4c7,0.018571138381958008
M4,2,lBM25,2,failed,False,False,e4c3 f3c6 e8e7 c6d7,0.0918269157409668
M4,2,Qb4i9,2,solved,True,True,d5d4 d7d8 c8d8 g5d8,0.04085397720336914
M4,2,w4rqO,1,solved,True,True,f6e4 g3g7,0.01972508430480957
M4,2,cfXhk,2,solved,True,True,f4f5 h7h8 f5f8 h8f8,0.04020571708679199
M4,2,CpZxv,1,failed,False,False,f7h6 f5h7,0.01700305938720703
M4,2,IaNfl,2,failed,False,True,a8f8 f1f8 h8h7 f8g8,0.0356290340423584
M4,2,viv5R,2,failed,False,False,f7g6 h4h7 h8h7 f5e7,0.08948993682861328
M4,2,fZHhN,2,solved,True,True,f8c8 d3d8 c8d8 d2d8,0.041082143783569336
M4,2,y5Xa1,2,solved,True,True,f8f7 d1d8 e5e8 d8e8,0.03535890579223633
M4,2,uOBMr,2,failed,False,False,a2a1 f6g7 a1g7 g4g7,0.09201383590698242
M4,2,NFwzR,1,solved,True,True,g7h6 f7h7,0.021140098571777344
M4,2,EZ8tJ,2,failed,False,False,d4g4 h6g7 c3g7 f7f8,0.09222221374511719
M4,2,emjUY,2,solved,True,True,b3c3 e6e8 b8e8 d7e8q,0.040125370025634766
M4,2,HAodT,2,failed,False,True,f8b4 b5e8 b4f8 e8f8,0.03709077835083008
M4,2,6RM0c,2,solved,True,True,e6f5 e2a6 c8b8 a6b7,0.03729104995727539
M4,2,8MLCn,2,failed,False,False,b3b2 d5g8 h8g8 g6g7,0.09183502197265625
M4,2,4fS3J,1,failed,False,False,g7h6 e7f8,0.020169973373413086
M4,2,WqzRf,4,failed,False,True,f6g7 h1h7 g7h7 d1h1 h7g8 h1h8 g8h8 f4h6,0.1848597526550293
M4,2,y6AtZ,1,solved,True,True,g7f6 a7f7,0.01921391487121582
M4,2,8GKHU,2,solved,True,True,g8f8 h7h8 f8e7 h8g7,0.04045605659484863
M4,2,0NG5N,1,failed,False,False,f7f2 g5d8,0.017952919006347656
M4,2,I2QX5,2,failed,False,False,h6g5 d1h5 h8h5 d3g6,0.0897989273071289
M4,2,mfJPQ,1,solved,True,True,f6e8 e1e8,0.019049882888793945
M4,2,T7pUe,2,failed,False,False,b1c1 e6e8 d8e8 c7c8,0.09338617324829102
M4,2,X6EyY,2,solved,True,True,b4d3 g4c8 e1e8 c8e8,0.03941702842712402
M4,2,JNvJo,2,failed,False,False,g7f6 g5h7 f6g7 h4f6,0.09254789352416992
M4,2,muY2e,1,solved,True,True,d7f6 h7f7,0.01922297477722168
M4,2,nPnkc,1,solved,True,True,a8e8 f7e8q,0.018197059631347656
M4,2,rnAbM,2,solved,True,True,a2c1 f5e7 g8h8 f2f8,0.03607892990112305
M4,2,XlU3b,2,failed,False,False,f8e8 e4h7 g8h7 d5e4,0.09338808059692383
M4,2,BKyD2,2,solved,True,True,g6g5 f7h7 e4h7 d7h7,0.04136800765991211
M4,2,sHel1,3,solved,True,True,d8d7 g5d8 d7d8 d1d8 c6e8 d8e8,0.061517953872680664
M4,2,BBrYh,2,solved,True,True,e8f8 d1d8 e7e8 d8e8,0.04368114471435547
M4,2,LMZyj,1,failed,False,False,d8d6 f4h6,0.02082991600036621
M4,2,NqWAR,2,failed,False,True,a4d4 g3g7 g8h8 g7h7,0.04168128967285156
M4,2,SRg1e,1,solved,True,True,a3a2 d6d8,0.02086496353149414
M4,2,fWkuU,1,solved,True,True,b8c6 h5f7,0.021456003189086914
M4,2,vCNA0,2,solved,True,True,c6e5 b1b8 d7c8 b8c8,0.041832923889160156
M4,2,7q8bV,1,solved,True,True,g4f5 e7g7,0.020168066024780273
M4,2,zQnK4,1,solved,True,True,c6e5 e4h7,0.021416902542114258
M4,2,d5nDU,2,solved,True,True,d7b5 h5h7 h8h7 f4h4,0.04223012924194336
M4,2,9Poz4,1,solved,True,True,f7f8 c1h6,0.019694089889526367
M4,2,g4MHS,2,solved,True,True,b8d8 d1d8 f7f8 d8f8,0.04411482810974121
M4,2,w9AgU,3,failed,False,False,d7c7 g6g8 d6b4 e1d1 g2f1 d1c2,0.12831401824951172
M4,2,lolvy,4,failed,False,False,e7g6 g4g6 e3f4 g3g2 f4f3 g2g1 d3d1,0.12928414344787598
M4,2,bJbjR,4,solved,True,True,b6d4 h4h7 g8h7 f3h3 d4h4 h3h4 h7g8 h4h8,0.08724784851074219
M4,2,4xWH0,2,solved,True,True,a8a2 b7b8 e6c8 b8c8,0.041532039642333984
M4,2,ZwTGZ,1,solved,True,True,g6g5 d6h6,0.02240300178527832
M4,2,WdEJ8,1,solved,True,True,f6h8 h1h8,0.018826007843017578
M4,2,P27V2,1,solved,True,True,f6e4 d1d8,0.020518064498901367
M4,2,4UcY2,1,failed,False,False,d6f8 h6g7,0.021292924880981445
M4,2,2TkUE,1,solved,True,True,f7f5 e4d6,0.02078104019165039
M4,2,i2NNB,1,failed,False,False,c5d4 e7f8,0.02022385597229004
M4,2,HT7S9,2,failed,False,False,g6g5 d8f6 d2f4 f6f5,0.0939171314239502
M4,2,gMr4N,3,failed,False,False,e2e1 d6c6 c2c6 d7a7 a8a7 b4a4,0.16990995407104492
M4,2,d9814,2,solved,True,True,e3g5 f7f3 g4h4 f3h3,0.04382014274597168
M4,2,dYLUy,2,failed,False,False,c5d6 d7f7 e2e1q,0.023164033889770508
M4,2,S3ygv,2,solved,True,True,d5e4 f3f7 g8h8 h6g7,0.041764020919799805
M4,2,8AS0L,1,solved,True,True,e7d6 e5g6,0.020650148391723633
M4,2,NgZsP,1,failed,False,False,f6d5 c1c7,0.02101302146911621
M4,2,FRmo7,1,solved,True,True,f6e4 g6g7,0.020498275756835938
M4,2,qZFcI,2,solved,True,True,c6d4 e4f6 g7f6 c2h7,0.04265093803405762
M4,2,T0UO8,1,solved,True,True,h6g5 g6h5,0.020552873611450195
M4,2,OTNyh,1,solved,True,True,f6f8 f5f8,0.020210742950439453
M4,2,RMNaD,2,failed,False,False,e5a1 h5h7 h8h7 e2h5,0.09275412559509277
M4,2,uYNZq,2,solved,True,True,c2e1 c5f8 g8f8 d1d8,0.04249429702758789
M4,2,2J0BX,2,solved,True,True,c4f4 g2g6 f6g6 h5g6,0.0370020866394043
M4,2,YuFPl,1,solved,True,True,d4c3 d3h7,0.020544767379760742
M4,2,4FwTX,1,solved,True,True,d7c5 d3h7,0.02021312713623047
M4,2,DN51o,1,failed,False,False,g6f6 g8d8,0.020051956176757812
M4,2,JOFyZ,2,solved,True,True,e7f8 e4f6 g8h8 h6h7,0.04025721549987793
M4,2,q3YGy,1,solved,True,True,e7f6 f5h7,0.019804954528808594
M4,2,1hxX8,1,solved,True,True,c4d3 a8f8,0.02044200897216797
M4,2,KXLGy,1,failed,False,False,f8e8 g7g8,0.019449234008789062
M4,2,DZy56,1,solved,True,True,e7e6 c6e8,0.019301176071166992
M4,2,3tUpl,1,solved,True,True,c5b3 e7g6,0.020658016204833984
M4,2,3jyK4,3,failed,False,False,f8d8 g4g7 d8d2 g7g8 h8g8 h5f6,0.1653881072998047
M4,2,HzgIr,1,solved,True,True,g8h7 g5h4,0.01959085464477539
M4,2,ccbod,1,solved,True,True,f5d5 e7e8q,0.02073812484741211
M4,2,0wLoE,2,solved,True,True,e8e4 b2b8 e4e8 b8e8,0.04079794883728027
M4,2,mfbdl,3,failed,False,True,b7c6 b5c6 d8d7 c6d7 e8d7 b3a4,0.11476898193359375
M4,2,KQy1o,3,solved,True,True,c7c4 f3f7 f8f7 e6e8 f7f8 f1f8,0.06510019302368164
M4,2,2sNJQ,1,failed,False,False,g8f8 g5h7,0.019515037536621094
M4,2,Lv6Df,1,failed,False,False,a8a5 b6d6,0.019588947296142578
M4,2,1c6Nr,3,solved,True,True,c5c4 d7f7 g8h8 f7f8 a8f8 f1f8,0.06209421157836914
M4,2,I9Wne,1,failed,False,False,d4d6 b7b8,0.019883155822753906
M4,2,rC8Qy,2,solved,True,True,h7h6 e4h7 g8f8 h7h8,0.03968095779418945
M4,2,GcxoY,1,failed,False,False,g5f4 h5d5,0.018931150436401367
M4,2,LSevr,2,solved,True,True,e8f8 d1d8 a4e8 d8e8,0.04081583023071289
M4,2,1bd0m,2,solved,True,True,e5c7 h5e8 g7f8 e8f8,0.04072093963623047
M4,2,HAmyW,1,failed,False,False,f7f6 g5g6,0.019916057586669922
M4,2,a6egW,2,solved,True,True,g8g7 d1d8 g6f8 d8f8,0.043116092681884766
M4,2,pBrfK,2,solved,True,True,d8f8 f6f8 a8f8 f1f8,0.042040109634399414
M4,2,QMZ1H,2,solved,True,True,e2g3 b2g7 g8g7 b7g7,0.04173684120178223
M4,2,qSSE2,1,failed,False,False,a2a1q b7f7,0.020728111267089844
M4,2,PhBmK,3,failed,False,False,e1e8 d5d8 e8d8 d1d8 f8d8 a4e8,0.1674799919128418
M4,2,q8ppP,1,solved,True,True,d7c6 h5f7,0.02116990089416504
M4,2,HVA4K,1,solved,True,True,c8a6 b5d6,0.020945310592651367
M4,2,b9Zm9,1,failed,False,False,d6d5 e4d6,0.020595073699951172
M4,2,vmhFW,1,solved,True,True,h8g8 g4h6,0.020617961883544922
M4,2,UJmc3,2,failed,False,True,c7f7 h3h7 g8f8 h7h8,0.04221081733703613
M4,2,Yq5qy,2,solved,True,True,e5c3 d1d8 e6e8 d8e8,0.041477203369140625
M4,2,SIfZD,1,solved,True,True,c8c7 c3b5,0.020880937576293945
M4,2,NJAzn,1,solved,True,True,c7f7 h5h8,0.021430015563964844
M4,2,dXGD1,3,solved,True,True,b4c3 b7f7 g8h8 f7f8 d8f8 f1f8,0.062744140625
M4,2,2GxzK,2,solved,True,True,g7g5 c1c6 b7c6 d3a6,0.0421750545501709
M4,2,pEX7G,2,solved,True,True,g8f8 f4h6 f8g8 e1e8,0.04109501838684082
M4,2,2wtKU,1,failed,False,False,g6f6 g1g6,0.01963496208190918
M4,2,TIiy5,3,failed,False,False,f8g8 g4g8 h7g8 g1g8 h8g8 d3c4,0.16791701316833496
M4,2,yhtQE,1,failed,False,False,c6b4 d5f7,0.022266864776611328
M4,2,9uFnv,2,failed,False,False,d2g5 f7f8 e8f8 h6f7,0.09631204605102539
M4,2,pEtON,2,failed,False,True,h3g3 h4h5 h7g6 h5h6,0.0428009033203125
M4,2,g7f71,1,failed,False,False,e7d6 f3e3,0.019810199737548828
M4,2,Jx9zz,3,solved,True,True,c7f7 g4c8 f7f8 h3e6 g8h8 c8f8,0.06648707389831543
M4,2,S3wxR,2,solved,True,True,g6c2 f3f7 f8f7 b7b8,0.053189992904663086
M4,2,CZexk,2,solved,True,True,h4h3 d5f7 f8f7 d6d8,0.04270005226135254
M4,2,nk9f8,1,solved,True,True,a7c8 a6b5,0.021314144134521484
M4,2,BpNIo,1,solved,True,True,g5h5 h7g8,0.020772933959960938
M4,2,5hW1E,2,failed,False,False,g6g5 c4g8 h8g8 h1h4,0.09419393539428711
M4,2,8oSPA,2,failed,False,False,a8c8 h7d7 d8d7 e3e6,0.09765505790710449
M4,2,pj035,1,solved,True,True,c6c5 d4h8,0.0204160213470459
M4,2,cNyG3,2,solved,True,True,g5h4 d1g4 g8h7 g4g7,0.04168200492858887
M4,2,MUEPn,2,solved,True,True,c7e5 f1f7 e7d6 f7d7,0.04337882995605469
M4,2,rfDaz,2,failed,False,False,b2c3 f5h6 g8h8 h6f7,0.09533905982971191
M4,2,AMvpD,3,solved,True,True,c7d7 h4g5 h6h5 g2g4 f6g4 h3g4,0.06155991554260254
M4,2,84Jz9,2,failed,False,False,d5g2 h5g6 c6g6 d4g7,0.0920562744140625
M4,2,gmFzR,2,solved,True,True,a5c3 d7d8 b8d8 d1d8,0.03948712348937988
M4,2,fiqAX,2,failed,False,True,d6e5 d5f6 d8f6 d2d8,0.0390162467956543
M4,2,cOlXB,2,failed,False,False,f7e8 f5f7 e8f7 c7c8,0.09098482131958008
M4,2,V6xxe,2,solved,True,True,f6d5 d1d5 g8f8 d5f7,0.03830695152282715
M4,2,BGnUV,2,solved,True,True,e8e7 h3h7 g8f8 h7h8,0.03758811950683594
M4,2,pFQfC,2,solved,True,True,a3c3 h4h7 h8h7 g5h5,0.036718130111694336
M4,2,BhONs,1,solved,True,True,a4b2 e1e8,0.018045902252197266
M4,2,d7fi5,1,solved,True,True,g7g6 d5f6,0.018476009368896484
M4,2,KQmRx,2,solved,True,True,c4c3 b3f7 g8h7 f7g7,0.04161787033081055
M4,2,2ENRv,1,solved,True,True,e5d3 g3g7,0.020572900772094727
M4,2,c2Fhq,1,failed,False,False,g5f4 f7d7,0.01994800567626953
M4,2,K1zvZ,2,failed,False,False,a2e2 c8d7 e7d7 f5d6,0.0931861400604248
M4,2,TbK53,2,failed,False,False,g7g8 e1e8 g8f7 e8f8,0.09360694885253906
M4,2,LHa1p,1,solved,True,True,d8f6 h6h7,0.02096104621887207
M4,2,w7ce2,3,solved,True,True,b7b6 d5d8 c7d8 d1d8 e7e8 d8e8,0.060304880142211914
M4,2,wVW1c,2,solved,True,True,f8e8 e3e8 g8f7 e1e6,0.03762507438659668
M4,2,d67uH,2,failed,False,False,d2c2 f7h7 c2h7 e7h7,0.08910274505615234
M4,2,9cAcu,2,failed,False,False,d7d6 e5d7 c8d7 e3c5,0.09341692924499512
M4,2,1bKQj,1,solved,True,True,g7g6 d2h6,0.01897907257080078
M4,2,QWxHM,1,solved,True,True,g6h7 g4g7,0.019735097885131836
M4,2,HSyMs,2,solved,True,True,g5f4 d1h5 e8e7 h5f7,0.037102699279785156
M4,2,xCXFq,2,solved,True,True,c8c2 b7b8 c2c8 b8c8,0.03742194175720215
M4,2,lEWlo,2,solved,True,True,b1b2 f8e7 d7c6 e7c7,0.03598594665527344
M4,2,Zc5Jx,1,solved,True,True,a7f2 e5h8,0.017788171768188477
M4,2,0hJ4j,1,solved,True,True,b6b4 f3f5,0.017274856567382812
M4,2,siJUX,2,solved,True,True,h6g5 h4g5 f6f7 g5g7,0.037806034088134766
M4,2,fNkNF,1,solved,True,True,f8e7 c3f6,0.018739938735961914
M4,2,tuRUi,2,failed,False,False,c4e6 e7e8 e6e8 e5d6,0.09117507934570312
M4,2,bdVoE,3,solved,True,True,c6e5 a4e8 d1d8 e8d8 f5c8 d8c8,0.05812883377075195
M4,2,3u6vR,2,solved,True,True,h8g8 e2e8 a8e8 e1e8,0.0346522331237793
M4,2,m25hU,1,solved,True,True,f7e6 h6g7,0.01746678352355957
M4,2,fu3FT,2,failed,False,False,g6b1 f3h5 b1g1 g3h3,0.05270075798034668
M4,2,9IFaH,2,failed,False,False,f6g5 c6g6 g5g6 h3h4,0.09188199043273926
M4,2,tC3v9,1,solved,True,True,e7g6 e5g7,0.020216941833496094
M4,2,tpneB,1,failed,False,False,b7b5 d7d5,0.019608259201049805
M4,2,98IkQ,2,solved,True,True,f8f7 d1d8 f7f8 d8f8,0.03836679458618164
M4,2,iyKOK,2,solved,True,True,h5f4 c8f8 g8f8 d4d8,0.037249088287353516
M4,2,sMZlk,2,failed,False,False,f5d6 d8h8 g7h8 d7f6,0.08939194679260254
M4,2,7qbwG,1,solved,True,True,h6f4 d4h8,0.02202010154724121
M4,2,brEWJ,1,solved,True,True,h5f7 c3g7,0.018884897232055664
M4,2,ebcvS,2,solved,True,True,g6f7 h3e6 f7f8 f4g6,0.04045891761779785
M4,2,DsxhC,1,solved,True,True,e7d6 e2e5,0.02026510238647461
M4,2,zxL1K,2,failed,False,False,d7e5 g4h6 g8f8 g6e8,0.08909320831298828
M4,2,WXxjR,2,solved,True,True,e8e7 b7b8 e7e8 b8e8,0.04047083854675293
M4,2,Z2GWw,2,failed,False,False,e7f8 h6h7 f6h7 d3h7,0.09275221824645996
M4,2,YkaBf,2,solved,True,True,d4c3 a4c6 c8b8 c6b7,0.03904104232788086
M4,2,SJ66l,1,solved,True,True,e7f5 h6h7,0.018643856048583984
M4,2,vbAzV,2,failed,False,False,g7f6 c2f5 e5f5 h5f7,0.0896158218383789
M4,2,zEtfQ,2,failed,False,False,f2b2 e5e6 e7e6 e1e6,0.09178805351257324
M4,2,Opm7m,1,solved,True,True,a7a6 d5b6,0.0205690860748291
M4,2,FQrO9,2,solved,True,True,g6g7 h5h6 g7g8 h6h8,0.037982940673828125
M4,2,qWF5J,1,solved,True,True,e3c2 c6e8,0.018504858016967773
M4,2,oMtRl,1,solved,True,True,a8f8 f1f8,0.018674135208129883
M4,2,CylTZ,2,solved,True,True,g8h8 g5h6 h8g8 h6g7,0.037077903747558594
M4,2,jNgeI,2,solved,True,True,g8f8 h7h8 g6h8 h1h8,0.03626704216003418
M4,2,18sGF,2,failed,False,False,d8b7 b3b7 a7b7 d6c7,0.08904886245727539
M4,2,adM06,1,solved,True,True,h8g8 h2h7,0.020046710968017578
M4,2,tYopO,5,solved,True,True,d2d1q b3h3 h6g5 h3h5 g5f6 h5f5 f6e7 f5f7 e7d8 f7d7,0.09513115882873535
M4,2,4rFfB,3,solved,True,True,e8e5 f3f7 g8h8 f7f8 c8f8 f1f8,0.05438995361328125
M4,2,3kkne,1,solved,True,True,h7h6 g4h4,0.018745899200439453
M4,2,yfjHN,1,failed,False,False,e8f6 c4d6,0.017784833908081055
M4,2,5x2V7,2,solved,True,True,c7h2 b4f8 h8h7 f8g7,0.03654909133911133
M4,2,uzcbe,2,solved,True,True,e3d3 f6g7 h8g8 d7f6,0.03622794151306152
M4,2,Q9Jfa,2,failed,False,False,e6c8 a6b7 c8b7 a5c6,0.09225702285766602
M4,2,OytOw,2,solved,True,True,d8d4 g3b8 d4d8 b8d8,0.041394948959350586
M4,2,6DH9Z,2,solved,True,True,g8h8 e6c8 g7f8 c8f8,0.03679299354553223
M4,2,7BrGj,1,solved,True,True,b7b6 d4g7,0.01839470863342285
M4,2,NtOqK,1,solved,True,True,g4e2 e5f7,0.017745256423950195
M4,2,jGmSM,3,failed,False,False,a5c7 f3g5 h6g5 b8h8 g7h8 f5g6,0.16634202003479004
M4,2,dpXfT,2,solved,True,True,c1c2 d7d8 g8f7 d8f8,0.04116702079772949
M4,2,oR6nF,2,solved,True,True,f8h6 f1f7 g8h8 f7h7,0.03544497489929199
M4,2,vEWpq,2,failed,False,False,b8b7 e6c8 b7c8 d2d8,0.09009695053100586
M4,2,o5psP,1,solved,True,True,b3a3 f7h7,0.01985001564025879
M4,2,8N06a,2,failed,False,False,c6d4 c2h7 f6h7 h1g1,0.09309792518615723
M4,2,OgTJt,2,failed,False,False,c5d4 f4f7 b7f7 f2f7,0.09126496315002441
M4,2,3j4wa,2,failed,False,False,g7f6 b4e7 f6e7 g3g4,0.09383869171142578
M4,2,oyXcX,2,solved,True,True,f7f6 e2e8 f6f8 f1f8,0.03963804244995117
M4,2,ZYfgb,1,solved,True,True,b8h8 e2e5,0.017558813095092773
M4,2,2jn63,2,solved,True,True,f4g3 b7f7 g8h8 f7f8,0.03708291053771973
M4,2,iSVJg,1,solved,True,True,g8f7 b8f8,0.018290042877197266
M4,2,X33Gm,1,solved,True,True,e4f5 g2g7,0.018991947174072266
M4,2,cQ6VM,2,failed,False,False,b6b5 d7c8 c4c8 d1d8,0.08948731422424316
M4,2,WNPIq,2,solved,True,True,d2c3 h2h4 g5h6 g4g5,0.04042696952819824
M4,2,JRdGR,1,solved,True,True,d7e5 h5h8,0.0195009708404541
M4,2,PqH9y,2,failed,False,True,g7h7 f1f7 h7h8 f7g7,0.036901235580444336
M4,2,HtgzO,2,failed,False,False,g7f8 h4h8 f8e7 h8d8,0.09109783172607422
M4,2,cV4qK,1,solved,True,True,b7e4 d7e6,0.020425081253051758
M4,2,7NyCu,2,solved,True,True,h8g8 f7h6 g8f8 b3g8,0.040389060974121094
M4,2,VcBNU,2,solved,True,True,e7e5 a4e8 e5e8 e1e8,0.036482810974121094
M4,2,bPBjm,2,failed,False,False,h3g2 d5d7 e8f8 c5e6,0.09164214134216309
M4,2,3lGMT,2,failed,False,True,g8f6 c4f7 e8f7 g4f5,0.03896594047546387
M4,2,4AygM,3,failed,False,False,d8h4 g2d5 g8h8 f1f6 h5f6 c3b5,0.16487383842468262
M4,2,75Mc8,3,solved,True,True,e6e2 f4f7 g8h8 f7f8 e8f8 f1f8,0.06040477752685547
M4,2,9SiwC,2,solved,True,True,e2c2 d1d8 g8h7 d8h8,0.03790688514709473
M4,2,pYLKe,3,solved,True,True,d3e2 b3f7 g8h8 f7f8 d8f8 f1f8,0.060897111892700195
M4,2,CQKT6,1,solved,True,True,h7g8 f5e7,0.02016592025756836
M4,2,u5KZ4,1,failed,False,False,e7f8 e6f6,0.01883101463317871
M4,2,fGlfn,2,solved,True,True,e1e2 g4g5 h6h5 d7h7,0.03907918930053711
M4,2,9hMzF,2,solved,True,True,h6h5 e5e8 h8g7 e8g8,0.03627181053161621
M4,2,b5Pi9,1,solved,True,True,d7d6 f5h7,0.019548892974853516
M4,2,HrYaa,2,solved,True,True,h7g6 h6h7 g8g7 h3h6,0.03690028190612793
M4,2,oO0ie,1,solved,True,True,d7c6 b7c8,0.01733708381652832
M4,2,zAlr5,1,solved,True,True,c8d8 d1d8,0.018158912658691406
M4,2,XjFiT,2,solved,True,True,e8e7 b4b8 e7e8 b8e8,0.03694009780883789
M4,2,pWBif,2,solved,True,True,d8d7 c1c8 d7d8 c8d8,0.03545403480529785
M4,2,XdaI5,1,solved,True,True,e8c8 e4d6,0.017858028411865234
M4,2,jgJve,2,solved,True,True,f7e6 g4g6 g8f8 h1h8,0.038487911224365234
M4,2,INaqh,1,failed,False,False,a5a2 d3d7,0.017765045166015625
M4,2,nonsf,1,failed,False,False,g8g7 b8g8,0.018596172332763672
M4,2,IaoWt,2,solved,True,True,g6h7 e6h6 h7g8 h6h8,0.035884857177734375
M4,2,JsneM,2,solved,True,True,f2f1q h1h8 f1f8 h8f8,0.03513908386230469
M4,2,vOBQw,1,solved,True,True,e8e5 g2g8,0.017940044403076172
M4,2,lrOlr,2,solved,True,True,e1e7 a6c8 e7e8 c8e8,0.03771018981933594
M4,2,mqF7Z,1,failed,False,False,a8c8 c6e6,0.017056941986083984
M4,2,GHceJ,2,failed,False,True,c4c2 e8f8 g8f8 b2f6,0.03513979911804199
M4,2,DD4x1,1,failed,False,False,c7c6 g5h5,0.017286300659179688
M4,2,bpnMU,3,solved,True,True,h5g5 b6b8 e7c8 b8c8 g8h7 c8h8,0.056027889251708984
M4,2,unnAU,2,solved,True,True,h5h4 g1h1 f4h2 h1h2,0.03559613227844238
M4,2,c63Ou,1,solved,True,True,f8f7 e1e8,0.017384767532348633
M4,2,vyIM8,1,solved,True,True,h8h7 f4h4,0.017579078674316406
M4,2,fqHBM,3,failed,False,True,a8e8 g4g5 h6h7 g5h5 h7g8 h5h8,0.05575895309448242
M4,2,lihGw,1,solved,True,True,e7e5 g6h6,0.016720294952392578
M4,2,80pGZ,1,failed,False,False,c7b8 a8b7,0.017833948135375977
M4,2,u6Vpo,1,solved,True,True,d7d6 a4c6,0.0178830623626709
M4,2,xE9Cz,2,solved,True,True,c6c4 f3a8 c4c8 a8c8,0.03622603416442871
M4,2,aeRuh,1,failed,False,False,a1h1 c5e5,0.018388986587524414
M4,2,gcIgU,1,failed,False,False,c3d4 d5d6,0.01789712905883789
M4,2,n3eMx,3,failed,False,True,f8f6 c4c8 e8e7 e6f8 f6f8 c8d8,0.10937976837158203
M4,2,cTjG0,2,failed,False,False,h5h4 c3b3 h4d4 a3a4,0.09392619132995605
M4,2,GOriB,3,failed,False,False,a5a6 c4d5 g2g1 h1h2 g5g2,0.0450289249420166
M4,2,xmFMJ,1,failed,False,False,h6g5 h1h8,0.020208120346069336
M4,2,yjFng,1,solved,True,True,f8e8 e5f7,0.018348217010498047
M4,2,khaFI,1,solved,True,True,f7g6 h5g6,0.01783013343811035
M4,2,N7rG6,3,failed,False,False,c5f8 f5f8 e8f8 f1f8 g8f8 g2g4,0.13839292526245117
M4,2,LqfWI,1,failed,False,False,f1g1 c2h7,0.020380258560180664
M4,2,xDrzD,3,solved,True,True,e6e5 h4h7 g8h7 f3h3 h7g8 h3h8,0.057576894760131836
M4,2,MoUz0,1,solved,True,True,b4b3 c6e8,0.01836395263671875
M4,2,1fU15,2,failed,False,False,d7e5 d3h7 g8h7 h5f6,0.09056401252746582
M4,2,U0mYq,2,failed,False,False,e7d8 c7c8 b7c8 d7c8q,0.09204888343811035
M4,2,GM8Ai,1,solved,True,True,a8a7 c7b7,0.020778894424438477
M4,2,01aBw,2,failed,False,False,a6b5 a7e7 b5c6 e7e8,0.09140896797180176
M4,2,RQzog,1,failed,False,False,d7f6 h5h7,0.020895957946777344
M4,2,N7eWC,2,failed,False,False,g8h8 e5f7 f8f7 h3h6,0.05142402648925781
M4,2,JYtiY,1,solved,True,True,f8f3 g2g8,0.0187530517578125
M4,2,6gnnQ,1,solved,True,True,c8e6 h1h7,0.01731586456298828
M4,2,IL9m1,2,failed,False,False,e8e1 h3h7 h8h7 g2h3,0.09064388275146484
M4,2,JVIRC,1,failed,False,False,c4c3 a2d5,0.02179408073425293
M4,2,CNZ8d,1,failed,False,False,b8d7 g7d7,0.019222021102905273
M4,2,hwYAn,2,failed,False,True,b7c6 d1d8 b8b7 g4d7,0.03805804252624512
M4,2,47pvu,2,failed,False,False,b3b2 e5f6 e7d7 f6f7,0.0922858715057373
M4,2,9d6BV,2,solved,True,True,g8e8 e7e8 f6e8 e1e8,0.039205074310302734
M4,2,asDEl,2,failed,False,True,c8c2 b6a6 a2b1 a6a5,0.036581993103027344
M4,2,UiCQ6,2,solved,True,True,f4f3 h5h7 h8h7 g5h5,0.036376237869262695
M4,2,Kgr7k,2,solved,True,True,e6e5 h3h7 h8h7 d1h5,0.03487992286682129
M4,2,RzFSX,1,solved,True,True,d5f3 g6e8,0.018337726593017578
M4,2,ksU7D,2,solved,True,True,e8e7 b7b8 e7e8 b8e8,0.03587508201599121
M4,2,Pzocm,2,failed,False,False,c2a4 d5f7 g8h8 e1e8,0.0890810489654541
M4,2,Ytw4u,2,failed,False,False,e4f3 f4c7 b4e1 a1e1,0.042375802993774414
M4,2,ZMNm9,1,solved,True,True,d5c3 e4h7,0.01723003387451172
M4,2,kd3Nc,2,solved,True,True,g7h6 h4h6 f7h7 h6h7,0.03782200813293457
M4,2,lLwtd,2,solved,True,True,d2d1q g4g5 h6h5 b7h7,0.035986900329589844
M4,2,QtKhC,3,solved,True,True,a6f6 c8h8 h7h8 c3c8 h8h7 c8g8,0.05616402626037598
M4,2,UrL77,1,solved,True,True,f5d4 e1e8,0.01881885528564453
M4,2,tL0m9,4,failed,False,True,d4c5 b2b4 c5b5 a2a4 b5a4 e6c6 b7c6 b4b5,0.16144680976867676
M4,2,u680L,2,solved,True,True,g8f8 f3f8 g6f8 f1f8,0.04211711883544922
M4,2,Cb4j3,1,solved,True,True,d7e5 d1d8,0.017612934112548828
M4,2,Iq7BK,1,solved,True,True,h7g6 e1h4,0.01771998405456543
M4,2,xPYWC,2,failed,False,False,e7d5 e4h4 g8h7 g3e5,0.09094715118408203
M4,2,0uPqG,1,failed,False,False,f7h7 h6h7,0.020580768585205078
M4,2,gtKWK,1,failed,False,False,d8e7 f7c4,0.018642187118530273
M4,2,hElpR,1,solved,True,True,g4d1 b3f7,0.02009415626525879
M4,2,zJpGU,1,solved,True,True,f6h8 h1h8,0.0206301212310791
M4,2,x4Pao,2,failed,False,False,c7c6 d5f6 g7f6 d3g6,0.09348511695861816
M4,2,3FmCV,2,failed,False,False,g7f6 d3h7 g8h7 f4g6,0.09362506866455078
M4,2,RgFev,3,solved,True,True,e8e2 d5d8 f6d8 d1d8 e2e8 d8e8,0.058851003646850586
M4,2,gb4j4,3,solved,True,True,h8f8 g5h6 g7h8 f6f8 a8f8 f1f8,0.057253122329711914
M4,2,rDudu,3,failed,False,False,h3c3 d5f7 g6f7 e5e8 d8e8 e1e8,0.06457400321960449
M4,2,w0LcZ,2,solved,True,True,f2d3 b4f8 f6f8 f1f8,0.03912186622619629
M4,2,97ycS,2,solved,True,True,a2a1 e4h7 g8f8 h7h8,0.036885976791381836
M4,2,S1f8B,3,failed,False,True,h6g7 d8g8 g7f6 d1d6 f5b1 d6d1,0.0620570182800293
M4,2,ZM7hc,1,solved,True,True,g2f3 d7d8q,0.027375221252441406
M4,2,0ta1H,2,failed,False,True,f7f5 d3a6 c8b8 a6a7,0.03905177116394043
M4,2,1gHZ8,1,solved,True,True,f7g6 d5f5,0.01823902130126953
M4,2,hmC8y,1,solved,True,True,e8f8 f1f8,0.0172269344329834
M4,2,zasCs,1,solved,True,True,d8b8 e5g7,0.01818537712097168
M4,2,PaCkV,1,solved,True,True,g7g8 h4h7,0.018463850021362305
M4,2,VXVy7,3,solved,True,True,f8g8 c3g7 g8g7 e1e8 c5f8 e8f8,0.05577683448791504
M4,2,mCcVd,1,solved,True,True,a6b5 d2d8,0.018500089645385742
M4,2,K81Zg,1,solved,True,True,d5e3 d1d7,0.016941070556640625
M4,2,yPUY1,1,failed,False,False,e4d3 e5c3,0.017838716506958008
M4,2,CsAKg,1,solved,True,True,b8c8 d7c8q,0.017869234085083008
M4,2,bvnXU,3,solved,True,True,g7g8 a7a8 f6e8 a8e8 c5f8 e8f8,0.055212974548339844
M4,2,xRsBS,1,failed,False,False,f6d5 e6e8,0.017097949981689453
M4,2,R8Ms9,3,solved,True,True,d8d7 f4f7 f8f7 e7e8 f7f8 f1f8,0.05482602119445801
M4,2,0Maij,1,solved,True,True,d8e8 c3g7,0.018142223358154297
M4,2,5sf9n,3,failed,False,False,b8c8 d6f7 g7f7 c1c8 f7f8 c8f8,0.16254091262817383
M4,2,Xt5ry,1,solved,True,True,g4f3 b3e6,0.019720077514648438
M4,2,zv96X,3,solved,True,True,b7f3 e5f6 f8f6 d1d8 f6f8 d8f8,0.05845308303833008
M4,2,V442v,1,solved,True,True,f8g8 h6f7,0.01732492446899414
M4,2,QDYdm,1,solved,True,True,e7d7 b4f8,0.017239093780517578
M4,2,pL4u3,1,solved,True,True,b1h1 g7c7,0.018290042877197266
M4,2,oiOv0,3,solved,True,True,d1e1 h1h7 g7f8 h7h8 f8e7 h8e8,0.05506086349487305
M4,2,ZJ9Fh,1,solved,True,True,c7c6 d5f7,0.01731109619140625
M4,2,R1yG4,1,solved,True,True,h5g7 g6h6,0.017275094985961914
M4,2,UmggE,1,failed,False,False,a6d6 f8h6,0.01836085319519043
M4,2,BI5ga,1,solved,True,True,h8g8 d4h4,0.017426013946533203
M4,2,cqVwG,1,solved,True,True,h7f6 g4g7,0.01716136932373047
M4,2,J9qad,1,solved,True,True,b2d2 g6f7,0.0185239315032959
M4,2,sVEoy,1,solved,True,True,d7d3 e4b7,0.018471956253051758
M4,2,ye7Xd,1,solved,True,True,h7h8 h4g6,0.01761007308959961
M4,2,gm9lv,1,solved,True,True,h2h1q e7e8q,0.017660856246948242
M4,2,Zq9Kl,1,failed,False,False,h5h6 g8h8,0.01682305335998535
M4,2,l0Hh6,4,failed,False,False,f6f3 a3f8 g8f8 c7c8 f8e7 c8e8 e7e8 d4c5,0.12453103065490723
M4,2,5x1mm,1,failed,False,False,b3a4 c3c5,0.017447233200073242
M4,2,nl3Ay,3,solved,True,True,a2e2 d7f7 g8h8 f7f8 e8f8 f1f8,0.054100990295410156
M4,2,DwTQY,1,solved,True,True,b8c6 c4f7,0.018374919891357422
M4,2,36iXM,1,failed,False,False,c4a4 f2h2,0.018378019332885742
M4,2,QLiGo,1,solved,True,True,a2a1q f8e6,0.017702102661132812
M4,2,xRb4y,1,solved,True,True,g8f8 f7h7,0.018037796020507812
M4,2,wJKzP,1,solved,True,True,f7h5 f5h7,0.01710796356201172
M4,2,oPpl1,1,failed,False,False,g6g5 c6g6,0.0171511173248291
M4,2,FX6FI,3,failed,False,False,h4h3 b7a7 e3a7 a6b7 b8b7 c6b7,0.1632249355316162
M4,2,MZxtE,1,solved,True,True,f8g8 h5h6,0.020390748977661133
M4,2,LPkIe,3,failed,False,False,g8f8 h5h8 f8e7 h4f5 d7f5 g1g8,0.16672706604003906
M4,2,RWOSs,1,solved,True,True,d5e3 d3h7,0.022481203079223633
M4,2,tubIf,3,solved,True,True,c8c7 f3f7 f8f7 e7e8 f7f8 f1f8,0.05501389503479004
M4,2,XlHEZ,1,solved,True,True,e4e3 g8h8,0.017766952514648438
M4,2,YToma,4,failed,False,False,c2e1 d5d7 c8d7 b1b7 f2g2,0.04313230514526367
M4,2,0t9e4,1,solved,True,True,a8e8 e4h7,0.018018722534179688
M4,2,StvCF,1,solved,True,True,e7f8 h6h7,0.017254114151000977
M4,2,uRlBj,1,solved,True,True,d8f6 e4h7,0.017561912536621094
M4,2,mb3nO,1,solved,True,True,g8f8 e6e8,0.017601966857910156
M4,2,AsDHq,1,failed,False,False,c8e6 h7g6,0.017695188522338867
M4,2,TZU3m,1,solved,True,True,g6f5 c1h6,0.017625093460083008
M4,2,dw70h,1,solved,True,True,f7f6 d1h1,0.017720699310302734
M4,2,iTzTt,4,failed,False,True,e5e4 h3h8 g8h8 e2h5 h8g8 h5h7 g8f8 h7h8,0.12752604484558105
M4,2,z0JEX,3,failed,False,False,d8d7 c6a8 d7d8 a8d8 e8d8 e2b5,0.16318726539611816
M4,2,EugGr,1,solved,True,True,d6g3 e4h7,0.02051687240600586
M4,2,Z44TU,1,solved,True,True,g6h4 h5h7,0.01883101463317871
M4,2,yvwfq,1,failed,False,False,d3c5 e4a8,0.017529726028442383
M4,2,lfbkp,1,failed,False,False,f8f6 h3h6,0.01761770248413086
M4,2,am3XH,1,solved,True,True,a8a6 f7g7,0.017618179321289062
M4,2,sBSQY,3,failed,False,True,e7d5 b5e8 c8b7 a5a6 b7a6 e8a8,0.05598163604736328
M4,2,56uJi,3,failed,False,False,d1d5 c4d5 f6d5 g6f5 d5e3 f5e6,0.16279387474060059
M4,2,iEto3,1,solved,True,True,d5f3 f4f7,0.0199129581451416
M4,2,i3brm,3,failed,False,False,f8c8 d3d8 c8d8 d2d8 b8d8 c6e8,0.16442108154296875
M4,2,Kfcvd,3,solved,True,True,d8d2 c7f7 g8h8 f7f8 e8f8 f1f8,0.059411048889160156
M4,2,3sb56,1,solved,True,True,g7h6 g6h6,0.016571760177612305
M4,2,402ut,1,solved,True,True,d5d4 a7f7,0.01830315589904785
M4,2,YnIrF,1,solved,True,True,d8e8 e1e8,0.01757192611694336
M4,2,YfV9C,3,solved,True,True,a8a4 c7f7 f8f7 e1e8 f7f8 e8f8,0.05267906188964844
M4,2,boBB1,3,failed,False,True,e4f4 g3g6 h7g6 g1g6 g8h8 a7h7,0.053533315658569336
M4,2,P0wm9,1,solved,True,True,h5f3 d5f7,0.017908811569213867
M4,2,68HOL,1,solved,True,True,g8h8 g4g7,0.017361879348754883
M4,2,IPgOY,1,solved,True,True,e6e8 e2e8,0.016585111618041992
M4,2,3vecy,1,solved,True,True,c7e5 c2h7,0.017581939697265625
M4,2,CdXNO,3,failed,False,True,d8g8 g7h7 h8h7 g3h4 f6h6 h4h6,0.10743093490600586
M4,2,JHAIs,3,failed,False,True,d8e8 h5h7 h8h7 f5h5 h7g7 e1g1,0.05616307258605957
M4,2,EWI0q,3,failed,False,False,h7g8 e4g6 f8g6 f7f8 g6f8 f1f8,0.11716890335083008
M4,2,Z6fPx,3,failed,False,True,g7g5 e4e7 f8f7 e7e8 c6g2,0.03792095184326172
M4,2,QPXd5,3,failed,False,False,c4a6 a7d7 d8d7 c1c7 d7c7 f1d1,0.16468286514282227
M4,2,r1KhN,4,failed,False,True,h4h3 c5d6 b2e2 d5c7 h3h2 c7d5 h2h1q d5c7,0.18743276596069336
M4,2,G1aDi,3,failed,False,False,f5e4 c7f7 g8f7 d1d7 f7g8 d7d8,0.16127490997314453
M4,2,U67JB,3,failed,False,False,h8g8 g7d7 d5d7 e1e8 d8e8 b1a1,0.16709494590759277
M4,2,FcRoy,3,solved,True,True,e5f6 f5h7 h8h7 e3h3 f6h4 h3h4,0.056511878967285156
M4,2,XUX5u,3,solved,True,True,e7e6 h1h8 g8h8 d1h5 h8g8 h5h7,0.05408811569213867
M4,2,ZZSps,3,failed,False,False,c8c2 d7d8 g7f8 d8f8 g8f8 f1f2,0.13265299797058105
M4,2,Ro4Vv,3,failed,False,True,e6d7 a1a6 b7a6 c7a7 d7a7 d6d7,0.11046195030212402
M4,2,pDqdx,4,solved,True,True,c7d7 f1f7 e7f7 g4g6 h7h8 g6h6 f7h7 h6f8,0.07507896423339844
M4,2,KlxPI,3,solved,True,True,g7g6 b7b8 d4d8 b8d8 g8g7 h5h6,0.05647087097167969
M4,2,po6BO,3,failed,False,False,h7h6 g5h6 h8g8 c7c8 g8f7 c8f8,0.1590719223022461
M4,2,atTVW,3,failed,False,True,f8e8 e4h7 g8f8 h7h8 f8e7 e3c5,0.10794281959533691
M4,2,68s2M,3,failed,False,False,b8d8 a8d8 d6d8 e4a8 d8a8 g1f1,0.16169285774230957
M4,2,1R86j,4,solved,True,True,b6c5 g7h7 g8h7 e7h7 h8h7 e4g6 h7h8 g6h7,0.07485795021057129
M4,2,UdV0q,3,solved,True,True,d5f5 e1e8 f7f8 e8f8 g8h7 f8h8,0.05385923385620117
M4,2,XABtp,3,solved,True,True,c5d4 h5h7 g8f8 h7h8 g6h8 h1h8,0.054605960845947266
M4,2,v7ZTF,5,solved,True,True,a8f8 g1g7 g8g7 f1g1 g7h7 e6g6 h7h8 g6h6 f7h7 h6f8,0.08961081504821777
M4,2,EPBo8,3,solved,True,True,g8h8 f4g6 h7g6 e3h3 e7h4 h3h4,0.054795026779174805
M4,2,FlW2B,3,solved,True,True,b2c2 c7c8 c2c8 c1c8 e2e8 c8e8,0.053469181060791016
M4,2,yLSzD,3,solved,True,True,h5g3 d3h7 g8h8 h7g8 g3h1 c2h7,0.05336785316467285
M4,2,ZBNw3,3,failed,False,False,d3e5 g5f6 f7f6 h3g5 f6h6 g5e6,0.16330695152282715
M4,2,kPXcy,3,failed,False,False,c8f5 f6h5 f5g5 g1h1 g5h5 h6f8,0.1693429946899414
M4,2,thruK,3,failed,False,True,f3h3 d4d8 c8d8 d1d8 e8d8 b2f6,0.10898494720458984
M4,2,KxkOf,5,failed,False,True,c8b8 a4a7 b8c8 a7a8 c8c7 a8a6 b7a6 c1d2 d8a8 d1b1,0.2021639347076416
M4,2,crSvA,4,failed,False,False,b7a8 b6b7 a8b7 d6c5 e3d3 c5b4 b3c2 b4a5,0.240325927734375
M4,2,2vRoq,3,failed,False,False,d6d5 f7h6 d5c4 g3g4 h5h6 g4g5,0.167952299118042
M4,2,KHiD0,3,solved,True,True,d8d4 c4c8 d4d8 c8d8 e5e8 d8e8,0.0579681396484375
M4,2,gu9V9,3,solved,True,True,h4e7 h1h7 h8h7 d1h1 e7h4 h1h4,0.053092002868652344
M4,2,y26Rh,3,solved,True,True,g8h8 h1h7 h8h7 d1h1 e7h4 h1h4,0.053399085998535156
M4,2,f17tO,3,failed,False,False,h8g7 h5h7 g7f8 h7h8 e5d4 h8g8,0.16239523887634277
M4,2,ibEyB,3,failed,False,False,f8f7 h1h8 g8h8 g6h5 h8g8 h5h7,0.16759395599365234
M4,2,XRWAO,3,failed,False,True,e7h4 d7g7 g8h8 g7g8 h8g8 e1g1,0.11524772644042969
M4,2,EbUQ9,3,solved,True,True,c5b3 f7f8 g8h7 f1f7 h7h6 f8h8,0.05363202095031738
M4,2,dTJ0B,4,failed,False,False,f7e6 h5f7 f8f7 e5g6 f7f2 f1a1 b3e3 g6e7,0.2421419620513916
M4,2,b15gx,4,failed,False,False,e3e2 d1h1 d5e7 g6h6 a4a3 h6h5 a2b2 h1h3,0.24196887016296387
M4,2,rORau,3,failed,False,False,d6f7 e5g7 f8e8 h4f6 e7c6 h1f1,0.16623401641845703
M4,2,DoDFj,3,failed,False,True,b8b2 e2e8 d6f8 e8f8 g8f8 f3f7,0.1118319034576416
M4,2,JiUAY,5,failed,False,True,a7d7 h7h6 h5g4 h2h3 g4f4 h6h4 g5h4 d6f6 d7d2 f2g1,0.16551804542541504
M4,2,hy4Bi,3,solved,True,True,f8f7 e1e8 d7f8 e8f8 f7f8 f1f8,0.05526590347290039
M4,2,XxF57,3,solved,True,True,c5b3 f3f7 f8f7 e7e8 f7f8 e8f8,0.0537569522857666
M4,2,P1798,3,failed,False,True,c2e4 f3f7 g8h8 f7g7 h8g7 g3g4,0.09208083152770996
M4,2,o5u2i,3,solved,True,True,d4f4 e7g7 g8g7 b7b8 g7g8 b8g8,0.054139137268066406
M4,2,ta5gD,3,failed,False,False,c6c5 a6b7 c5d4 d1d3 c7b7 d3b3,0.16701602935791016
M4,2,OBQsv,4,failed,False,False,h8e8 d5e6 e8e6 a1a8 e3e1,0.09549307823181152
M4,2,UF41E,4,solved,True,True,d4c2 e7e8 g7f8 e8f8 g8f8 c1h6 f8g8 e1e8,0.07374787330627441
M4,2,iS3zS,3,failed,False,True,b7a8 a5a8 c8b7 a1a7 b7b6 a7c7,0.055700063705444336
M4,2,oGUiF,3,failed,False,True,e5g3 h5f7 g8h8 f7g7 h8g7 g5g6,0.10954022407531738
M4,2,b4l4V,3,failed,False,False,d8g5 a6e6 g5g2,0.019276142120361328
M4,2,pgqty,3,solved,True,True,c7b6 d4f6 f8f6 e1e8 f6f8 e8f8,0.055674076080322266
M4,2,OmBUM,4,solved,True,True,d4e3 c4f7 f8f7 c1c8 g5d8 c8d8 f7f8 f4f8,0.07343316078186035
M4,2,IJWL5,3,failed,False,False,e4c2 d5e7 g8f8 a8c8 c2b2 c8d8,0.1652061939239502
M4,2,VPoqh,3,solved,True,True,e3d3 f4f7 g8h8 f7f8 d8f8 f1f8,0.05723690986633301
M4,2,F1Yvp,3,solved,True,True,a8a2 c5f8 g8f8 d4c5 b5c5 d1d8,0.053131103515625
M4,2,zwRur,3,failed,False,True,g6h5 g4f6 h5h4 g2g3 f4g3 e5g6,0.10971522331237793
M4,2,JG4pb,4,failed,False,False,g7g6 a8h8 h7h8 d3h3 h8g8 h3h4 g5h4 g1h1,0.23814678192138672
M4,2,hKyz8,3,failed,False,False,d8d6 a6a7 b8a7 g2g8 d6c6 g8a8,0.17062091827392578
M4,2,Z33tV,3,solved,True,True,a7a6 a5a6 b7a6 a1a6 f2a7 a6a7,0.06100916862487793
M4,2,6xRDT,3,failed,False,False,d7d6 a8f8 g8f8 c6e7 f8e7 f1c1,0.1633610725402832
M4,2,2kIXc,3,solved,True,True,e5d4 h5f7 g8h8 f7f8 a8f8 f1f8,0.05738997459411621
M4,2,WaSz7,3,solved,True,True,h8g8 h5h7 g8h7 g3h3 h7g8 h3h8,0.05377674102783203
M4,2,xtvxQ,3,failed,False,False,e4g3 h5h7 g8h7 h4g6 h7g6 h1h6,0.16324281692504883
M4,2,Xwnwn,3,failed,False,False,e7f8 c5d7 f8g8 d7f6 d6f6 c2h7,0.17290496826171875
M4,2,o9oO0,3,solved,True,True,b2c2 h4h6 g7h6 h3h6 h8g7 h6h7,0.05985522270202637
M4,2,Sy7OK,4,solved,True,True,e3d2 c6e7 g8h8 e5f7 f8f7 c1c8 f7f8 c8f8,0.07262182235717773
M4,2,aiNe0,3,solved,True,True,a8a7 e2e6 g8h8 e6f6 e7f6 e1e8,0.053518056869506836
M4,2,tHZ7Z,3,failed,False,False,e8e7 f4f7 f8f7 d6f5 f7f5 d1d5,0.16553688049316406
M4,2,s0JkS,3,solved,True,True,c5d6 g7g8 d6f8 g8f8 e3e8 f8e8,0.05798792839050293
M4,2,VRXRC,3,failed,False,False,h8g8 e2e5 g8g2 g1f1 f6e5 f5e7,0.16538214683532715
M4,2,pls52,4,failed,False,False,g5f3 c4b5 h3h2,0.02027606964111328
M4,2,M2JSe,3,solved,True,True,f6e4 b3f7 g8h8 f7f8 c8f8 f2f8,0.05792689323425293
M4,2,qhh0Y,3,failed,False,False,d4d3 c7h7 h8h7 e5f6 d3d2 f6f7,0.16219401359558105
M4,2,y7IOM,4,solved,True,True,d2f2 f1d3 e5e4 d3e4 h7h8 f7e8 g7f8 e8f8,0.07413697242736816
M4,2,42o6C,3,failed,False,False,a5c4 d3g6 f7g6 c2g6 h4g3 f1f2,0.16181588172912598
M4,2,E6bgX,3,failed,False,False,d7d3 a4a6 d3d2 e1f1 d2d1 c1d1,0.08838582038879395
M4,2,KRm9H,3,solved,True,True,f6e5 d7f7 g8h8 f7f8 b8f8 f1f8,0.05554604530334473
M4,2,8w6Pt,4,failed,False,False,b4c3 d7c8 b7c8 e3c5 f8e8 d1d8 e8d8 c5d6,0.23564386367797852
M4,2,YTlwl,3,failed,False,False,a8f8 f5g6 g7g6 h5g6 f8f4 d3b5,0.16453981399536133
M4,2,XoVvb,4,solved,True,True,d2e2 c1c8 b6d8 c8d8 b4f8 d8f8 f6f8 f1f8,0.07336807250976562
M4,2,qQ4CH,3,solved,True,True,h5g4 d2h2 g6h5 h2h5 h7g8 h5h8,0.055004119873046875
M4,2,TX64q,3,failed,False,False,c5f8 h6f8 g8f8 f1f7 f8f7 g3g6,0.16205596923828125
M4,2,biz3x,3,solved,True,True,e3f2 d7c7 b8a8 c7c8 h8c8 c1c8,0.057826995849609375
M4,2,1LTmC,5,solved,True,True,d5d6 g2g6 h7g6 h6h7 g8h7 f2h4 h7g8 h4h8 g8f7 h8g7,0.09013509750366211
M4,2,m996n,3,solved,True,True,c7b6 c4c8 b6d8 c8d8 f7f8 d8f8,0.054696083068847656
M4,2,1OcBI,3,failed,False,True,h8g7 h5h6 g7h7 f5d7 a3a2,0.03760194778442383
M4,2,zDiH9,3,failed,False,False,g7h6 h4h6 h7g8 h6g6 f7g6 e6g6,0.16335177421569824
M4,2,hp85I,3,solved,True,True,g5e5 f7d7 c8b8 d7d8 e8d8 d1d8,0.0536651611328125
M4,2,hzX00,3,solved,True,True,a5a2 d6f7 f8f7 d1d8 f7f8 d8f8,0.05289196968078613
M4,2,aPA2a,3,failed,False,False,c7c8 a5d8 h8d8 e2a6 c8c7 d1d8,0.16289472579956055
M4,2,TCjp9,4,failed,False,False,a8e8 d5d8 a2a1 c1d2 e8d8 d2c3 a1a5 c3c4,0.24167990684509277
M4,2,5ZD7L,3,solved,True,True,c7b7 a5a6 b7b8 e5d7 b8a8 c6c8,0.06053495407104492
M4,2,SPRzX,3,failed,False,False,c2c1q e7g7 c1e1 f2f3 g1g3 f3f4,0.12412905693054199
M4,2,YsOKM,3,failed,False,False,f1c4 e5g7 g8g7 c5f8 f3f8 c2c3,0.12182402610778809
M4,2,Wxr6O,3,solved,True,True,f5f2 e1e8 f7f8 e8f8 f2f8 f1f8,0.05395770072937012
M4,2,3BgKn,3,failed,False,True,b7c6 c1c6 c8b7 e5c7 b7a8 c7b8,0.058084964752197266
M4,2,Bospg,3,failed,False,False,e8f8 g5h6 a2b2,0.020748615264892578
M4,2,ogAf9,3,failed,False,True,f6e4 a4a7 b8a7 d4b4 e6c6 b4a4,0.10965108871459961
M4,2,RLzKR,3,failed,False,False,c3e5 f4e5 d6e5 h5h6 d7d5 h1h2,0.16713285446166992
M4,2,vfVM7,3,solved,True,True,b2g2 h6g7 h8g8 f7d7 d4e6 d5e6,0.05614590644836426
M4,2,445iM,3,failed,False,False,h6h5 f4g4 h5g4 h2h3 g4g3 f1f8,0.1648411750793457
M4,2,LOxcT,3,failed,False,True,c3e4 d8h8 h7g6 f5e7 a7e7 c8e8,0.11159396171569824
M4,2,Vj5H2,3,failed,False,True,d3d4 e1e8 g8h7 e8h8 h7h8 f4h6,0.10826301574707031
M4,2,sltiX,3,solved,True,True,h8g8 h5h7 g8f8 h7h8 e6g8 h8g8,0.056089162826538086
M4,2,AOJIr,3,solved,True,True,h8g8 h3h7 g8f8 h7h8 f8e7 h8g7,0.05349087715148926
M4,2,zl5Hb,3,solved,True,True,a8a7 e4a8 a7a8 a1a8 e6c8 a8c8,0.05432915687561035
M4,2,cFBRU,3,failed,False,False,h7g8 e6e8 d8e8 g6f7 e8f7 e5g6,0.16387581825256348
M4,2,Dy2ug,3,solved,True,True,c4c3 g4g5 f6g5 h4g5 h6h5 b7h7,0.05454111099243164
M4,2,YW03L,3,solved,True,True,g8h8 h6g7 h8g7 d2h6 g7h8 h6f6,0.054100990295410156
M4,2,NQqJh,4,failed,False,True,h5g4 h4h7 g8f7 h7g7 f7g7 d3g6 g7g6 f4f5,0.1795809268951416
M4,2,e8Osn,3,solved,True,True,f2f8 e2c4 h3e6 c4e6 g8h8 d8f8,0.05781817436218262
M4,2,p6non,3,solved,True,True,c8d8 b7f7 g8h8 f7f8 d8f8 f1f8,0.05344390869140625
M4,2,DOHY1,4,failed,False,False,g7h7 e5h8 h7h8 h1h6 h8g7 h6h7 g7h7 g3g4,0.23643207550048828
M4,2,x278u,3,failed,False,True,h4g3 b5d6 c7d6 a2a7 c6a7 e2a6,0.11406826972961426
M4,2,RIUDK,3,failed,False,False,h8f8 g7e5 d6e5 e6e8 f8e8 d2b4,0.1704721450805664
M4,2,b1h3k,3,solved,True,True,b3c3 e6c8 a4e8 c8e8 f7f8 e8f8,0.05624985694885254
M4,2,KCIG0,3,failed,False,False,h6h7 g2g7 h7g7 f7g6 g7g6 c2c3,0.1624000072479248
M4,2,yiInj,3,solved,True,True,h8g8 f7h6 g8h8 e6g8 f8g8 h6f7,0.05695605278015137
M4,2,LC9gO,3,solved,True,True,e5e4 f3f7 g8h8 f7f8 d8f8 f1f8,0.05464315414428711
M4,2,z99EA,3,solved,True,True,g8h8 d5h5 h8g8 h5h7 g8f8 h7h8,0.05487942695617676
M4,2,5eUmk,3,solved,True,True,f6e4 c3c7 d8e8 c7c8 a8c8 c1c8,0.05300188064575195
M4,2,jjfzi,3,failed,False,False,a5a4 h3c8 f7f8 c8f8 g8f8 b1b8,0.16268420219421387
M4,2,0XJ31,4,failed,False,False,a8d8 a2f7 f8f7 f4g4 b5f1 h1h2 b6g1 h2g3,0.23053193092346191
M4,2,N7uPV,3,solved,True,True,b2g2 f5g6 g2e2 b7b8 e2e8 b8e8,0.05768322944641113
M4,2,0ZH1W,3,solved,True,True,g8h8 c8f8 h8h7 d1h1 h7g6 f8f5,0.052992820739746094
M4,2,jFQlY,3,failed,False,False,f4c1 a3f8 g7f8 g4h6 c1g1,0.09173917770385742
M4,2,PWvJK,3,failed,False,False,e8e4 h5g7 e4g4 g7e8 g4g3 g1h1,0.16689109802246094
M4,2,jgLWF,3,failed,False,False,b5c4 f4f6 e7f6 f1f6 c5d5 f6f8,0.16994500160217285
M4,2,BCSq5,3,failed,False,False,h7h6 b1h7 f8h7 f2f8 h7f8 f1f8,0.16995906829833984
M4,2,2mKxM,4,failed,False,False,h8e8 g3f4 e4f4 a2a6 b7a6 a1a6 a8b7 a6a7,0.23943471908569336
M4,2,4oRYZ,3,failed,False,True,f5g5 c5e6 g5h4 g7h6 d2h6 e6f4,0.058492183685302734
M4,2,Wp1Cn,4,failed,False,True,d2d7 f5f6 e7f6 c6c8 f6g5 c8g8 g7g8 f3g4,0.18113207817077637
M4,2,khDGK,3,solved,True,True,d8f8 c4f7 f8f7 e1e8 f7f8 e8f8,0.0572056770324707
M4,2,Op14G,4,solved,True,True,h7h8 f6g6 a2a1q a7a1 f2f4 a1a8 f4f8 a8f8,0.07297110557556152
M4,2,Md5iC,4,failed,False,False,a8g8 g3g8 h8g8 f4e5 f7h5 h2g1 c2c1q g1f2,0.19587016105651855
M4,2,WMdbZ,3,solved,True,True,b4b2 h1h8 g8h8 e2h5 h8g8 h5h7,0.05531787872314453
M4,2,ywseW,3,solved,True,True,e8e2 g4c8 f6d8 c8d8 e2e8 d8e8,0.05334210395812988
M4,2,GazQ0,3,solved,True,True,d8f8 g5g6 h7h8 g6h5 f8h6 h5h6,0.05528688430786133
M4,2,I2eYQ,4,solved,True,True,c4a2 b7f7 f8f7 b1b8 d2d8 b8d8 f7f8 d8f8,0.07091712951660156
M4,2,eewkv,3,failed,False,True,c2e2 d1d8 b4f8 d8f8 g8f8 c8e7,0.0996239185333252
M4,2,4S0iK,3,solved,True,True,f8g8 h1h7 h8h7 a1h1 d6h2 h1h2,0.05425596237182617
M4,2,Efg2U,3,solved,True,True,a3b2 h3h7 g8h7 c3h3 h7g8 h3h8,0.053765058517456055
M4,2,e7i5w,3,solved,True,True,f6b2 h2h6 g7h6 d5f7 b2g7 g5g6,0.05427408218383789
M4,2,71YRV,3,solved,True,True,f8f7 e2e8 g7f8 e8f7 g8h8 f7f8,0.05363798141479492
M4,2,eGeTh,4,solved,True,True,b6d8 b2f6 f8f6 e7e8 d7e8 e1e8 f6f8 e8f8,0.07227611541748047
M4,2,dl9KE,3,solved,True,True,e7e4 d2d8 c6d8 d1d8 e4e8 d8e8,0.0520169734954834
M4,2,88UOJ,3,solved,True,True,c3g3 f7f8 d8f8 f6f8 b8f8 f1f8,0.05405616760253906
M4,2,bbFP7,3,solved,True,True,d8c7 f3f7 e8d8 c1g5 c5e7 g5e7,0.05280494689941406
M4,2,AFUIy,3,failed,False,False,a6a7 d3a3 e5d4 g1g2 d4d2 g2f1,0.16314077377319336
M4,2,FqZrx,4,solved,True,True,a2b3 f3h5 h7g8 h5g6 g8f8 g6g7 f8e8 g7e7,0.07336807250976562
M4,2,kbBNS,4,solved,True,True,e6g4 f3f7 g8h8 f7f8 d8f8 f2f8 b8f8 f1f8,0.07110309600830078
M4,2,WB6zM,3,solved,True,True,c8c2 f5f7 f8f7 d7d8 f7f8 f1f8,0.05496978759765625
M4,2,vZ7zY,3,solved,True,True,h8g8 f7h6 g8h8 e6g8 f8g8 h6f7,0.052744388580322266
M4,2,di0sR,4,solved,True,True,b8a6 f3f7 g8h8 e7e8 a8e8 f7e8 g7f8 e8f8,0.07271671295166016
M4,2,1E9Li,3,solved,True,True,d7d8 g4e6 g8h8 e6e8 d8e8 e4e8,0.05329298973083496
M4,2,lXsPl,3,failed,False,False,f7g6 d5f5 g6f5 c8c2 e3e4 g2h3,0.1622021198272705
M4,2,1lhnQ,4,solved,True,True,c7c6 d5e7 g8h8 h1h7 h8h7 d1h1 e6h3 h1h3,0.07345175743103027
M4,2,1uiG1,3,solved,True,True,g8h8 f6g7 h8g7 c1g5 g7h8 g5f6,0.05367398262023926
M4,2,9SkdY,4,failed,False,False,c3d2 b7b8 d2e1 f1g2 e1d2 g2g3 f6h5 g3g4,0.15644407272338867
M4,2,lvtpI,3,failed,False,False,f7e6 f3f8 a8f8 f2f8 g8f8 g2g3,0.1621689796447754
M4,2,T1REZ,3,failed,False,False,a8a7 e5d5 c6d5 f4f8 e8f8 e7f8q,0.1674330234527588
M4,2,lBr5N,3,failed,False,True,g8f7 b8f8 f7g6 f8e8 g6g5 e8h5,0.05911588668823242
M4,2,HeY76,3,solved,True,True,f8e6 h4h6 g7h6 h3h6 f7h7 h6h7,0.055329084396362305
M4,2,OCiiE,3,solved,True,True,a7b8 a4a8 b8a8 e2a6 a8b8 a6b7,0.0534367561340332
M4,2,V2rei,3,failed,False,False,c4f4 g5h6 f4h6 b2f6 h5f6 e1e8,0.16436290740966797
M4,2,851vO,3,failed,False,True,f5d7 a1a6 b7a6 c7a7 d7a7 c1a1,0.11482119560241699
M4,2,lq5fn,3,solved,True,True,b7b2 f2f7 g8h8 f7e8 a3f8 e8f8,0.054837703704833984
M4,2,EhtCA,3,failed,False,False,g8h8 g5f7 f8f7 f4h6 f7g7 h6g7,0.16754627227783203
M4,2,49Yi9,4,failed,False,False,f6a1 c4f7 f8f7 f4d6 g8f6 f3d3 c7d6 d3f3,0.24443697929382324
M4,2,Cfyfv,3,failed,False,False,b4c3 d2g5 e5g5 d1d2 d8d3 b3b4,0.16738009452819824
M4,2,4djFS,3,failed,False,False,f8e7 b8e8 e7e8 g4h5 c2b1 h5d1,0.11486196517944336
M4,2,lIPeH,4,failed,False,False,e7h7 h6h7 h8h7 h5f6 h7g6 f3h5 g6f6 h5f7,0.23935413360595703
M4,2,G7973,3,solved,True,True,d3f1 h5h6 g7h6 h4h6 h8g8 h6h7,0.056997060775756836
M4,2,XjrZa,3,failed,False,False,e3e2 h6h7 g8f8 h7h8q b2h8 a7a8,0.16286420822143555
M4,2,ArNru,3,failed,False,False,e4a4 e6h6 h8g7 h6g6 g7f7 g6f6,0.1629800796508789
M4,2,DAu6a,3,solved,True,True,e7e4 f3f7 g8h8 f7f8 e8f8 f1f8,0.056379079818725586
M4,2,7O5Kk,3,solved,True,True,c2e1 c1c8 d3d8 c8d8 e6e8 d8e8,0.05529284477233887
M4,2,HsnnQ,4,failed,False,False,b5b4 d6b6 a7b6 a2a4 a1b1 f1e2 b1c2 e2e1,0.23645615577697754
M4,2,rPdDn,4,failed,False,False,d8g8 h5g6 g8g6 h6g5 g6g5 g1h1 h4f2 h2h4,0.1736891269683838
M4,2,dlrqn,3,failed,False,True,g8h8 d2d8 g7f8 d8f8 h8g7 d1d7,0.05542874336242676
M4,2,iRWAn,3,failed,False,False,g8g7 g5h6 g7f6 d8h8 f3e2 f1f2,0.16252422332763672
M4,2,nuOSN,3,solved,True,True,g8g7 c4f7 g7h6 f7h7 h6g5 h7h4,0.0576019287109375
M4,2,epdXk,3,solved,True,True,g7f6 g5e6 h6g4 g3g4 g8h8 g4g7,0.05450296401977539
M4,2,9TYlG,3,solved,True,True,f6e4 c6c7 d8e8 c7c8 b8c8 c1c8,0.05300569534301758
M4,2,m5JSI,3,solved,True,True,f8f2 h5h6 d6h6 h1h6 g7h6 g4g8,0.05264616012573242
M4,2,XkVDL,3,failed,False,False,f7e6 h7e7 e8e7 h1e1 e6d7 e1e5,0.16379785537719727
M4,2,9890X,3,solved,True,True,d8d3 c2c7 b8a8 c7c8 h3c8 c1c8,0.055917978286743164
M4,2,v0SEZ,3,solved,True,True,d8c7 a7b8 c7b8 c1c8 b8c8 b7c8q,0.05471992492675781
M4,2,AUcHC,3,failed,False,True,d5c3 d2c3 b4c3 d6d5 c6d5 b3b4,0.10715913772583008
M4,2,JUKuo,3,failed,False,True,h4d4 d7c7 b8a8 c7d8 d4d8 c5a5,0.11099600791931152
M4,2,9ilXD,3,solved,True,True,d8d6 c3c8 d6d8 c8d8 g6e8 d8e8,0.05549502372741699
M4,2,vxoFy,3,failed,False,False,b2c3 f6f7 f8f7 e1e8 g8g7 e8f8,0.16321992874145508
M4,2,zs203,3,solved,True,True,d4c3 d2g5 g8f8 g5g7 f8e8 g7g8,0.0565953254699707
M4,2,5nDBk,3,solved,True,True,h6g5 h3h4 g5g4 f8f3 g4h4 f3f4,0.05635380744934082
M4,2,HGVWh,3,failed,False,False,c6c5 e7b7 b6b7 d1d6 f5c2 b1a1,0.11505508422851562
M4,2,0XsiV,3,solved,True,True,e7e5 c4f7 g8h8 f7f8 e8f8 f1f8,0.05321002006530762
M4,2,YkbDu,3,failed,False,False,e2b2 d7d8 f8g7 d5f6 g7f6 d8g8,0.16329312324523926
M4,2,DtBy8,3,solved,True,True,g3e5 a4d7 c8b8 d7d8 h8d8 d1d8,0.058525800704956055
M4,2,bBI7e,3,failed,False,False,d7e8 f7g5 f6g5 f5f6 f8f6 d2d3,0.16213607788085938
M4,2,WNv6u,3,failed,False,False,g6c2 g4h6 g8h7 h6f5 c2a4,0.09577202796936035
M4,2,Y2TPL,3,solved,True,True,h7h8 g5g6 a1b1 a7a8 b1b8 a8b8,0.06438398361206055
M4,2,iMl7b,4,failed,False,True,d4a1 f6g6 g8h7 g6g7 h7h8 g7h7 h8h7 g5h5,0.08144187927246094
M4,2,FA5iT,3,failed,False,False,g7g6 h5h6 e6d8 a6a7 c4d4 d6c7,0.16272568702697754
M4,2,perlM,3,failed,False,False,a5b5 b7a7 d7c5 a7a4 c5a4 b2a1,0.11446285247802734
M4,2,Ly9lb,3,solved,True,True,d8d4 f4b8 d4d8 b8d8 c6e8 d8e8,0.05554795265197754
M4,2,blky2,3,failed,False,False,g3f1 h7g6 e8e1 f7h7 h3h7 g6h7,0.1633467674255371
M4,2,gE7tP,3,solved,True,True,g8h8 d2h2 h8g8 h2h7 g8f8 h7h8,0.05624103546142578
M4,2,a0HWe,3,failed,False,True,g4h3 e6h6 h3g4 h6h3 c5f2 g1f1,0.1068880558013916
M4,2,ZYFzB,3,solved,True,True,d8d2 c1c8 d2d8 c8d8 f6e8 d8e8,0.05559206008911133
M4,2,PdX5i,3,solved,True,True,g8f8 e3e7 f8g8 e7e8 a8e8 e1e8,0.054676055908203125
M4,2,NkXRL,3,solved,True,True,g4f4 e5g6 h7g6 d1h1 f4h4 h1h4,0.05270099639892578
M4,2,sF4TW,3,failed,False,False,e5f3 d4g7 g8g7 g5g6 h7g6 g1g6,0.16433000564575195
M4,2,WD61j,3,failed,False,False,d8b6 c6c7 b6c7 a2a3 c7c2 a3a4,0.1630241870880127
M4,2,d1X3R,4,failed,False,False,d6d5 g5g6 f7g6 d3g6 g7g6 f1f6 g6f6 c4e2,0.23960399627685547
M4,2,xjO0H,3,solved,True,True,d8c7 h5h8 g8h8 f4h6 h8g8 h6g7,0.06024003028869629
M4,2,tXNQL,3,failed,False,False,f5e4 f7e6 e4f3 e6e3 f3e3 b4f8,0.1651618480682373
M4,2,1bQOi,3,solved,True,True,e8e7 h3h6 g7h6 g6h6 e7h7 h6f8,0.05727410316467285
M4,2,eqVBc,3,solved,True,True,d8d2 f3f7 g8h7 f7g8 h7h6 g8h8,0.05255484580993652
M4,2,dph7Q,3,solved,True,True,d4a1 d3g6 e8e7 c1a3 c6b4 a3b4,0.05419802665710449
M4,2,gr7Qu,3,failed,False,False,f8e7 d8h8 h7h8 a5d8 e7d8 h2h4,0.11418795585632324
M4,2,oZodX,3,failed,False,False,e8e7 b7c8 f6e8 d1d8 h8h6 c8b8,0.1659698486328125
M4,2,W95CJ,3,failed,False,False,e8f8 d1d4 h7h5 f2f3 a8a7 d7d6,0.16398215293884277
M4,2,CNET2,3,failed,False,False,e1g3 e7h4 g3h4 d7d8 a8d8 e3e4,0.16617083549499512
M4,2,tCmtg,3,solved,True,True,e8e3 c4f7 g8h8 f7f8 d8f8 f2f8,0.05879521369934082
M4,2,EULJ2,4,failed,False,True,b5g5 e7g6 h7g6 e4h4 g5h4 f1h1 e8e3,0.10921907424926758
M4,2,ur9D8,3,solved,True,True,f6f5 h1h8 g8h8 e4h4 h8g8 h4h7,0.05724382400512695
M4,2,2NEIo,3,solved,True,True,h7f5 h4h6 g7h6 f4h6 f5h7 h6h7,0.053919076919555664
M4,2,3jfue,3,failed,False,False,g5g3 d1a1 g3h2,0.018696069717407227
M4,2,aCh5e,3,solved,True,True,e2d2 d6d8 g8h7 f3f5 g7g6 f5f7,0.05497598648071289
M4,2,4rACN,3,solved,True,True,e5h5 g7c7 b8a8 c7c8 h8c8 c1c8,0.05264902114868164
M4,2,OFTRr,3,solved,True,True,c6d4 f5h6 g8h8 f1f8 g7f8 g5g8,0.05354499816894531
M4,2,JdM2P,3,solved,True,True,d5e3 f7c7 b8a8 c7c8 e8c8 c1c8,0.0539090633392334
M4,2,nh7lN,3,failed,False,True,g8h8 h1h7 h8h7 g4g6 h7g6 c4d3,0.10767889022827148
M4,2,urOFL,4,failed,False,False,a8d8 b4f8 d8f8 d1d8 e2g2,0.09411907196044922
M4,2,lw3id,3,failed,False,False,h5h4 c1e1 a7g7 f2f4 g7b2 e1a1,0.13780903816223145
M4,2,z7AUg,3,solved,True,True,g3e5 c4f7 g8h8 f7f8 d8f8 f1f8,0.05508017539978027
M4,2,eWALg,3,solved,True,True,b3a4 a7f7 g8h8 f7f8 c8f8 f1f8,0.05479288101196289
M4,2,o3xG2,3,failed,False,False,d4e5 g5f7 e7f7 d1d8 f6e8 d8e8,0.16407513618469238
M4,2,1rkWO,3,solved,True,True,d8e8 h3h6 h7h6 g3h3 f6h4 h3h4,0.05819392204284668
M4,2,Mfozz,3,failed,False,False,c8b8 c3c8 b8c8 e3e8 f7e8 e1e8,0.16216611862182617
M4,2,KVs8l,4,solved,True,True,d7h3 a7a8 c8d7 c4b5 c7c6 b5c6 b7c6 a8c6,0.07302403450012207
M4,2,16P7O,4,failed,False,False,c6b5 a2a4 b5a4 e6c6 b7c6 e7a7 g5e3 g1f1,0.24318480491638184
M4,2,gFMAe,3,solved,True,True,f8g8 h1h7 h8h7 a1h1 e6h6 h1h6,0.0552220344543457
M4,2,qT9kN,3,solved,True,True,e4d3 c4f7 g8h8 f7f8 d8f8 f1f8,0.05476808547973633
M4,2,UMfMx,3,failed,False,False,b8g3 f5h7 h6h7 f1f8 d8f8 b1h7,0.16266703605651855
M4,2,plPCF,3,failed,False,True,f7f5 h3h8 g8f7 h2h5 f8h8 h5h7,0.11252593994140625
M4,2,NyUgM,3,failed,False,True,f5e6 d2d8 h8d8 d1d8 c8d8 b4b7,0.055893898010253906
M4,2,LfsmX,4,failed,False,False,h4h3 d7f7 g7h6 f7f8 h6g5 f8f4 g4f4 f2f4,0.19098687171936035
M4,2,xGAyN,3,solved,True,True,b5b1 f3d5 g6f7 d6d8 e1e8 d8e8,0.0555119514465332
M4,2,5onQQ,3,failed,False,True,c3d3 h1h7 h8h7 d5f7 h7h6 f7g6,0.11168503761291504
M4,2,cmlYW,4,failed,False,False,b3d1 e4f6 h7h6 e5g5 h6g7 g5h6 g7h6 f6g4,0.2400529384613037
M4,2,1RQuj,4,failed,False,False,f7g6 d7e6 a2e6 e1h1 e6e4 h2h4 e4h1 c1d2,0.24464011192321777
M4,2,oGtUi,5,failed,False,False,f8g8 f5g5 g7f8 e5d7 f6d7 h1h8 d8g5 h8g8 g5g8 d1g1,0.3153107166290283
M4,2,TaluB,5,failed,False,False,g8h7 h5f6 g7f6 d2h6 h7h6 g3g8 f6e5 g1g5 f7f1 c1d2,0.31663084030151367
M4,2,HGFAs,4,failed,False,False,f8g8 e1e8 f6e8 d6f8 g8f8 c8e7 f5f2,0.1663680076599121
M4,2,l8p4e,4,solved,True,True,d4d3 e2e8 g7f8 e8f8 g8f8 c1h6 f8g8 e1e8,0.07217192649841309
M4,2,Kw0kB,4,solved,True,True,e4c4 f5e7 g8h8 h3h7 h8h7 f2h2 c4h4 h2h4,0.07430601119995117
M4,2,JLhoK,4,failed,False,True,f7g6 h6g6 g8h8 g6h5 e7h7 h5h7 h8h7 h3f5,0.1834430694580078
M4,2,tOWFG,4,failed,False,False,e7d6 g3g8 f8g8 d7h7 h8h7 b5e8 e5e8 h2h3,0.23953485488891602
M4,2,Wm2iA,4,failed,False,True,h6h5 c7c8 e8e7 f1f7 e7d6 f7d7 c6d7 c8d8,0.13003325462341309
M4,2,4Rs7I,4,failed,False,True,f7d6 g3g8 f8e7 d4b5 d6c4 b2c3 c7e5 c3c4,0.19130992889404297
M4,2,x2kIh,5,failed,False,False,b6c7 h5f7 f2f7 g5h7 f8g8 e1e8 f7e8 h7f6 g7f6 b2f6,0.3120110034942627
M4,2,eooND,5,failed,False,False,e2f3 a8f8 g7f8 a1a8 f8g7 g5h6 g7h6 a8f8 b2b1,0.1923990249633789
M4,2,S0BrG,4,solved,True,True,f6d5 f3f7 f8f7 a7a8 e5e8 a8e8 f7f8 e8f8,0.07165312767028809
M4,2,N5eYD,4,failed,False,False,e7f6 c6e7 a2g2 g4h5 e6f4 h5h4 g7g5,0.11453676223754883
M4,2,cVScr,4,solved,True,True,c7e5 f3f7 f8f7 d1d8 e5e8 d8e8 f7f8 e8f8,0.07495903968811035
M4,2,3b0ab,4,solved,True,True,d2a2 b7f7 f8f7 c1c8 e5e8 c8e8 f7f8 f1f8,0.07153105735778809
M4,2,rcVmU,4,failed,False,False,c3c2 f4b8 a6b8 d1b1 g7g5 b1b2 c2b2 e1e8,0.24248218536376953
M4,2,8H6xD,5,solved,True,True,g8h8 h4g6 h8h7 g6f8 e8f8 g4g6 h7h8 g6h6 f7h7 h6f8,0.09133195877075195
M4,2,X6RsA,4,failed,False,True,d5g5 e1e8 f6e8 f1f8 h7f8 d6f8 g5c1,0.11045503616333008
M4,2,K01az,4,failed,False,False,g6h8 d5d8 a8d8 f2f3 e8e1,0.09484696388244629
M4,2,TTyCt,4,failed,False,False,d7e7 d1d7 e7d7 f3e4 g4f6 g2g4 f6e4 h8e8,0.2384798526763916
M4,2,H5LFr,4,solved,True,True,e6h6 d3h7 g8h8 g5f7 f8f7 e1e8 f7f8 e8f8,0.08199310302734375
M4,2,EJJsF,4,solved,True,True,b3c3 f4f7 f8f7 b1b8 d5d8 b8d8 f7f8 f1f8,0.0724480152130127
M4,2,r7fZD,4,failed,False,False,c8c1 h5h7 g8h7 g5g6 c1g1 g2h2 g1h1 h2g3,0.1752009391784668
M4,2,jRh9f,4,failed,False,False,d6d7 c4e6 e8e6 a2e6 d7e6 f4e5 g2f1 c1d2,0.23833394050598145
M4,2,Zj61b,4,failed,False,False,c7b6 g7b7 b6b7 g1a1 e2g2,0.09354710578918457
M4,2,wzIj9,5,failed,False,True,h1f1 a4b6 c8c7 b6d7 f1d1 c4c5 f3f2 e3e2 f2f1q e2e3,0.2084050178527832
M4,2,EVuUv,4,failed,False,False,c7b6 e5d6 h7h2 g1f1 h2g2 f1e1 h8h1,0.07470226287841797
M4,2,KDBuW,4,failed,False,False,g6h5 g3g4 d1g4 f4g4 h5g4 f2f3 g4f4 g2h2,0.24013996124267578
M4,2,sP0g9,5,failed,False,False,h6g5 b4b6 e2g4 g3f2 g4f5 f2e1 f5e4 b6e3 e4e3 e1d1,0.3172469139099121
M4,2,BhJTW,4,failed,False,False,d3d2 f6f8 e8f8 e5d7 b5d7 g3g4 d2d1q,0.06430792808532715
M4,2,cTtGs,4,failed,False,True,e7e5 f3h5 h7g8 g1g6 f7g6 d3g6 d8e7 h5h7,0.18191289901733398
M4,2,H6u5Q,4,failed,False,True,f5e4 f1f4 e4e3 d4f3 a8e8 f4d4 d5f3 d4d5,0.18992996215820312
M4,2,NgmMM,4,solved,True,True,a2c4 f1h3 f6f5 h3f5 c4e6 f5e6 c8b8 d1d8,0.07493710517883301
M4,2,DldpV,4,solved,True,True,d5c4 h1h8 g8h8 d1h1 e7h4 h1h4 h8g8 h4h7,0.07240796089172363
M4,2,VSu8T,4,failed,False,False,e8c8 a5c7 c8c7 d7c7 g4g1 c1d2 g1f2 d2d1,0.2351830005645752
M4,2,NqvFO,4,failed,False,False,c8b8 e5c6 b8a8 d7d8 a8b7 d8a8 b7a8 c6b8,0.2386760711669922
M4,2,a3Ccn,5,failed,False,False,d8d7 e7e8 a8e8 e2e8 g7f8 e8f8 g8f8 f3g5 d7d1,0.2426459789276123
M4,2,wnkCb,5,solved,True,True,c8c3 b3f7 f8f7 d7d8 f6d8 d1d8 f7f8 f3d5 g8h8 d8f8,0.09267807006835938
M4,2,YEHBD,4,failed,False,False,f7f8 a1f1 b7f3 g6g7 f8g7 h7g6 g7g6 g2g3,0.23510122299194336
M4,2,eQyPB,4,failed,False,True,a8f8 e7f8 g8f8 c7f7 f8f7 e1e7 f7e7 g2g3,0.17962312698364258
M4,2,LZKsm,4,failed,False,False,f1e1 h4f6 e6f6 d5d8 f6d8 c4c5 e1e3 b3c4,0.21966814994812012
M4,2,A4UDP,5,failed,False,False,g7f6 e2g4 c8d8 f7f8 h8f8 g4e6 d4e3 e1d1 e3e6 h3h4,0.31257081031799316
M4,2,CjnZA,4,failed,False,True,e8f8 f1f8 h8h7 f8g8 h7g6 g8g7 g6g7 d5e4,0.18882203102111816
M4,2,3NzHL,4,failed,False,False,h3h5 f7g7 h5h6 g7g6 h6g6 f6f7 h2h7 f7f8,0.20434093475341797
M4,2,HYNLQ,4,solved,True,True,c4a4 f4f7 f8f7 c2c8 a4e8 c8e8 f7f8 f2f8,0.07556796073913574
M4,2,DAh4p,4,failed,False,False,g6f7 c3g7 f7g7 e8f8 f2f8 e1e8 f8e8 b2g7,0.23790621757507324
M4,2,r0or7,4,failed,False,False,f5e3 b4f8 g8f8 f3g3 b2b1 h1h2 e3f1 h2h1,0.24253082275390625
M4,2,G7tBT,4,failed,False,False,a5b5 d5e7 g8h8 f3f8 e6g8 f8g8 a8g8 h4g5,0.2438671588897705
M4,2,haIz7,4,solved,True,True,g4h3 f4f7 f8f7 d1d8 e2e8 d8e8 f7f8 e8f8,0.08044981956481934
M4,2,d3NsE,4,failed,False,False,d4f4 a4d7 c8d7 g5f7 f4c4 e2f3 c4e6 f7e5,0.23470211029052734
M4,2,n0oV8,4,failed,False,False,c7d6 h4h5 g2g1 c4f1 g1f1 c1d2 f1f4 d2d3,0.23490691184997559
M4,2,CvUW8,4,solved,True,True,c8c1 d7f7 f8f7 b7b8 c1c8 b8c8 f7f8 f1f8,0.07806086540222168
M4,2,H5Y2Z,4,failed,False,True,d8b8 c7b7 b8b7 f7f8 b6c8 f8c8 b7b8 c8b8,0.0730600357055664
M4,2,4n06s,4,solved,True,True,h7g6 h5g6 h8g8 h1h8 g8h8 e2h2 h8g8 h2h7,0.07174992561340332
M4,2,faRdB,4,failed,False,False,c8c1 f7g8 h8g8 b7b8 g7f8 b8f8 g8f8 g5f6,0.2349681854248047
M4,2,3bBWE,5,failed,False,False,e5g4 h6h7 g8h7 f6g6 f7g6 h2h4 e7e4 b2g7 f8f2 h4h5,0.27559876441955566
M4,2,SyMTK,4,failed,False,False,c6c5 b2b4 c5b6 d7b5 a6b5 f2f4 e5c3 a2a3,0.23697710037231445
M4,2,10bVz,5,failed,False,True,a8a3 h2h7 g8h7 h1h7 g7f6 h7f7 f8f7 g5e6 f7e6 g4g5,0.2036142349243164
M4,2,wVzSB,4,failed,False,True,f8f1 h5e8 c6d8 e8c6 f1d1 e4f5 e3c1,0.11431097984313965
M4,2,Rea07,4,failed,False,True,g6e5 d6f7 e5f7 e6f7 d8d1 g1g2 d1d8 f7f8,0.1857609748840332
M4,2,epkt9,5,failed,False,True,g8f7 e5e6 f7f8 e3f3 a2b1 g1h2 b1b8 e6d6 b8d6 h2h3,0.263347864151001
M4,2,RkedQ,5,failed,False,False,f2d1 a4c6 b7c6 e5c6 e7e4 b1c1 e4e3 c1b1 e3d2 c6e7,0.31647300720214844
M4,2,20bky,4,failed,False,True,f6g7 h5h7 g7g8 h7h8 g8f7 h4h7 f7e6 h8f8,0.07793092727661133
M4,2,kMpLK,4,failed,False,True,e8g7 h1h8 g8h8 d2h2 g7h5 h2h5 h8g7 h5h7,0.18029999732971191
M4,2,9gpYC,4,solved,True,True,c3c7 g5g6 f7g6 h5g6 h7h8 b6b8 c7c8 b8c8,0.07494807243347168
M4,2,YRMlO,4,failed,False,False,e7g8 f6g6 d2h6 g6f7 h6g7 f7e8 c8d7,0.08988332748413086
M4,2,0rD7x,4,solved,True,True,c2d2 f6g6 f7g6 f3f8 g8h7 f1f7 h7h6 f8h8,0.07256078720092773
M4,2,7fdKB,4,failed,False,False,d5d4 g4h5 d4e4 e7f5 e4e8 f5h6 f6f2 g1h1,0.18688607215881348
M4,2,3ADlb,4,solved,True,True,e2b2 b7f7 g7h8 f7f8 h8h7 f1f7 d4g7 f8g7,0.07519698143005371
M4,2,o3wmJ,4,failed,False,True,g2h2 f5g6 b2b1r b7b8 b1b8 g6g5 b8f8 g5g6,0.1810469627380371
M4,2,JctYE,4,failed,False,False,g6h5 g3g7 d7d4 g1h1 d4d1 c3d1 d8d1,0.11470794677734375
M4,2,xYz0q,4,solved,True,True,c2c1q f7g8 h8g8 c7c8 c6d8 c8d8 g8f7 d8f8,0.07527279853820801
M4,2,IKL47,4,solved,True,True,h5h4 g5g6 h4h3 g6g7 h3h2 g7g8q h2h1q g8g7,0.07230472564697266
M4,2,0306X,4,failed,False,False,c2e4 g7d7 e6d7 d1d7 c3c1 d7d1 c1d1,0.11523008346557617
M4,2,X9Ftx,4,solved,True,True,g5f5 h1h8 g8h8 d5h1 f5h5 h1h5 h8g8 h5h7,0.07299399375915527
M4,2,lUzRZ,4,solved,True,True,d7f6 e5f7 f8f7 d5d8 f6e8 d8e8 f7f8 e8f8,0.07171320915222168
M4,2,ctUGE,4,solved,True,True,a8f8 e4h7 g8h8 h7g6 g7h6 h5h6 h8g8 h6h7,0.07375383377075195
M4,2,mq3ia,4,solved,True,True,c3b2 h1h8 g8h8 f1h1 f4h5 h1h5 h8g8 h5h7,0.07362914085388184
M4,2,AAo8r,4,solved,True,True,a8a6 f2f7 f8f7 b7b8 e5e8 b8e8 f7f8 f1f8,0.07054495811462402
M4,2,xO0AU,4,failed,False,True,f8f4 g2d5 g8f8 g4f4 f2f4 g1g7 f4h2,0.1141660213470459
M4,2,QglcD,4,failed,False,True,h6h5 g2g4 h5h6 e5f7 e8f7 g4g5 h6g6 a3f8,0.18537592887878418
M4,2,JqYEl,4,failed,False,True,e8e4 c7a6 b7a6 c2c7 c8c7 b1b2 c7c1,0.12330079078674316
M4,2,vb3lj,4,failed,False,True,d1c1 b3b8 g8g7 g5h6 g7h6 b8f8 h6h5 g2g4,0.18719911575317383
M4,2,R8N0W,4,failed,False,True,c2b2 f3g5 h6g5 c1c7 a2a1 e3e1 a1e1,0.07949113845825195
M4,2,rCfW6,4,failed,False,False,c2d2 e7e8 f7e8 d7f7 e8f7 e1e8 f8e8 g4g5,0.23822689056396484
M4,2,i7vfL,4,failed,False,False,f3g4 d2g5 f6g5 e2e5 g4g2,0.09086489677429199
M4,2,YB4GB,4,solved,True,True,f7g6 c2g6 e8f8 f3g5 d8e8 g5e6 f8g8 g6g7,0.07436013221740723
M4,2,sXcAN,4,solved,True,True,c7c6 d5e7 g8h8 e5f7 f8f7 d1d8 f7f8 d8f8,0.07205796241760254
M4,2,6KiPI,4,solved,True,True,g8h8 e1h1 g4h2 h1h2 f5h3 h2h3 h8g7 h3h7,0.07142496109008789
M4,2,SIfeb,4,failed,False,True,b8b7 g2c6 e8e7 d1d7 b7d7 b1b7 e3e1 h1g2,0.1321578025817871
M4,2,Tg5lg,4,failed,False,False,h6g5 h3h4 g5g4 d6f7 c7c2 g2h1 a1f1,0.16332292556762695
M4,2,UBqMu,4,failed,False,False,c8f5 d2d8 c6d8 d1d8 a8d8 e1e8 d8e8 a2a4,0.2406787872314453
M4,2,RAgub,5,failed,False,False,e4b1 f7c7 c8c7 a4d7 c7d7 d4e6 b1d1 e2f2 d5d2,0.1950666904449463
M4,2,9JyNV,4,failed,False,False,f8d6 e5d6 d8d6 f1f8 d6f8 g5g6 f8c5 c1g5,0.240203857421875
M4,2,BO9nf,4,failed,False,False,f8g8 d2h6 g8g1 b1c2 h3h6 h2h4 h6c1 c2d3,0.24001502990722656
M4,2,MBXkW,4,solved,True,True,c5d4 d3h7 g8h8 e5f7 f8f7 e1e8 f7f8 e8f8,0.07241678237915039
M4,2,XF4dJ,4,failed,False,False,f8g8 g3g8 c8g8 g1g8 h8g8 e3d3 e4d3 a2a3,0.23760414123535156
M4,2,bPaZR,5,failed,False,False,g8f7 h8g7 f8g7 g2g6 h3h2,0.09515380859375
M4,2,ChUtd,4,solved,True,True,g4e5 c6e7 g8h8 h1h7 h8h7 c1h1 c8h3 h1h3,0.07726001739501953
M4,2,ZRij9,4,failed,False,False,c2a4 d8f8 a4b5,0.018578052520751953
M4,2,QTPqa,5,failed,False,False,e4e5 a6a7 e5e1,0.018872976303100586
M4,2,IrFba,4,solved,True,True,f8a3 c2c8 b7c8 c1c8 f6d8 c8d8 a3f8 d8f8,0.07155609130859375
M4,2,03CZE,4,solved,True,True,e5f4 h1h7 h8h7 f3h1 c8h3 h1h3 h7g7 h3h6,0.07070803642272949
M4,2,YvUnq,4,failed,False,False,e7a3 h5h7 g8h7 d1h1 h7g6 h1h2 a3a1 b1c2,0.18657803535461426
M4,2,rxcNQ,4,failed,False,True,a7a6 h1h7 h8h7 d1h1 h7g7 e6g6 g7g6 h1h6,0.1359400749206543
M4,2,wyffn,4,failed,False,False,a7b6 c1c7 d5b5 c7c8 d8c8 b3b4 b5b4 a2a4,0.23956608772277832
M4,2,RRjnl,4,solved,True,True,g7g6 g4e6 g8h8 e6f6 f8f6 e1e8 f6f8 e8f8,0.07559514045715332
M4,2,3aNqS,4,failed,False,True,c6c2 f7g7 g8g7 d7d8 a8d8 d6d8 g7g8 d8f8,0.0717461109161377
M4,2,wg4LL,4,failed,False,False,g6h5 c4f7 g7g6 g2g4 f6g4 f2g3 g4e5 d2h6,0.23762893676757812
M4,2,pSHsU,4,failed,False,True,d5e6 f5h6 g8g7 f2f7 e6f7 f1f7 g7g6 f7f6,0.18588018417358398
M4,2,EmJVq,4,failed,False,False,g7f8 d6d8 a8d8 d1d8 c7d8 c3d5 a1c1 g1g2,0.23963522911071777
M4,2,L43X4,5,solved,True,True,d8f8 b7f7 f8f7 a7a8 f6e8 a8e8 f7f8 f1c4 g8h8 e8f8,0.09280180931091309
M4,2,TVwpx,5,failed,False,False,f7f5 h2h7 g8f8 h7h8 e6g8 h8g8 f8g8 h1h8 g8h8 g5g6,0.31168222427368164
M4,2,qUHE0,5,failed,False,True,c8c6 b4f8 h8h7 c4g8 h7g6 f8f7 g6g5 f7g7 f5g7 h2h4,0.14946198463439941
M4,2,lDQlx,4,solved,True,True,g8f8 d2b4 c6c5 b4c5 d7d6 c5d6 f8g8 e1e8,0.07649683952331543
M4,2,navmb,4,failed,False,False,e6g6 f7f8 g6g4 f1f3 d8g5 f8g8 h8g8 f3f6,0.23733019828796387
M4,2,WlWa2,4,solved,True,True,b3b6 f4f7 f8f7 c7c8 b6d8 c8d8 f7f8 d8f8,0.07461118698120117
M4,2,EhhrH,4,failed,False,False,c8c7 b7a8 c7c8 a8c8 d8c8 d1d7 f5b1 e2e1,0.20631694793701172
M4,2,9HdRF,4,solved,True,True,a8a3 b3f7 f8f7 c1c8 b5e8 c8e8 f7f8 f1f8,0.07316112518310547
M4,2,rmy5O,4,solved,True,True,b8b3 h1h8 g8h8 e5h5 h8g8 h5h7 g8f8 h7h8,0.07183003425598145
M4,2,DxtiN,4,failed,False,False,d3e4 h5g5 f6g5 h4g5 e4f4 g5h5 a6h6,0.11736822128295898
M4,2,AyPHY,4,failed,False,False,g7h8 b4c3 c2c3 f2f4 c7d7 b2b3 d7d1 g1f2,0.18884801864624023
M4,2,TDhM5,4,failed,False,False,g8g7 h3h6 g7h6 g1h1 g4f3 d3f5 f3h1 d1h1,0.23934102058410645
M4,2,iwPGB,4,solved,True,True,e7g5 c7f7 f8f7 b1b8 g5d8 b8d8 f7f8 f1f8,0.07618498802185059
M4,2,frvMh,4,failed,False,False,a8b8 h6h7 h8h7 g1h1 g8h8 f3h5 f4f3 e4e5,0.23560762405395508
M4,2,UCem1,4,failed,False,True,e4f3 h5g6 h7g6 e2e6 g6h7 e6h6 g7h6 h1h6,0.12908196449279785
M4,2,dqX1c,4,failed,False,True,b3e6 c8h8 h7g6 h8h6 g6g5 h3h4 g5f4 h6f6,0.12656784057617188
M4,2,Q2O0t,4,failed,False,False,g8h7 g5h5 g4h6 h5h6 h7h6 a5a6 a8a6 a3b2,0.2412722110748291
M4,2,nbKQm,4,failed,False,False,d7e6 f3f5 e6e7 f5f7 e7d8 f7d7 d8d7 f1f7,0.23842096328735352
M4,2,Bpycp,4,failed,False,False,h2h5 f7g5 h6g5 f8h8 h7h8 f4g5 h5h2 g5g6,0.2376101016998291
M4,2,6mQX4,4,solved,True,True,d8g5 f3f7 f8f7 a1a8 g5d8 a8d8 f7f8 f1f8,0.4634699821472168
M4,2,fFEqQ,5,solved,True,True,c7d7 g2g7 g8g7 f2g2 g7h7 e6g6 h7h8 g6h6 f7h7 h6f8,0.08978819847106934
M4,2,hGgEA,4,solved,True,True,f5c2 g3g6 c2g6 h5g6 h7h8 c6c8 e7e8 c8e8,0.07216477394104004
M4,2,bCKKu,4,solved,True,True,c8g8 h6g7 g8g7 a6a8 c7c8 a8c8 g7g8 c8g8,0.07266688346862793
M4,2,bPqPV,4,failed,False,False,f8c8 c4c6 f6c6 b1b8 c8b8 e1e8 d5f4 e8d8,0.23793983459472656
M4,2,zHWds,4,solved,True,True,c8c1 a6e6 g8f8 b1b8 c1c8 b8c8 f6e8 e6e8,0.07361197471618652
M4,2,9gfca,4,failed,False,True,e7c5 g4e6 f8f7 e6f7 g8h8 e5g6 e4g6 f7f8,0.12927508354187012
M4,2,GSGmi,4,solved,True,True,g6e5 h5h7 h8h7 f3h3 e8h5 h3h5 h7g8 d5e7,0.07419610023498535
M4,2,LffW0,4,solved,True,True,c7a5 d5e7 g8h8 h4h7 h8h7 d1h1 g4h5 h1h5,0.07262992858886719
M4,2,y59Dl,4,solved,True,True,h8g8 f5h7 g8h8 h7g6 h8g8 h6h7 g8f8 h7f7,0.07077503204345703
M4,2,R9rJu,4,failed,False,True,d4d3 g5g6 h7g6 h5g6 f7f8 e6e8 f8e8 d6e6,0.12914800643920898
M4,2,XTzgz,4,solved,True,True,e3b6 f5e7 g8h8 f1h1 f6h7 h1h7 h8h7 d1h1,0.07312464714050293
M4,2,qJcSs,4,solved,True,True,h6h5 h2h5 g6h5 h1h5 g7h6 h5h6 h8g7 h6h7,0.07284092903137207
M4,2,lNje2,4,failed,False,False,d5c4 d3d7 c5b5 d2b4 b5b4 b1c1 d8d7 d1d7,0.23743319511413574
M4,2,S2Wzk,4,failed,False,False,d1d7 f3d5 g8f8 e7e8 f6e8 e2e8 f8e8 d5e6,0.2396249771118164
M4,2,Lj2rB,4,solved,True,True,d7e6 h1h8 g8h8 f1h1 f4h2 h1h2 h8g8 h2h7,0.07518696784973145
M4,2,Zav7V,4,solved,True,True,a4a2 e4e8 g8e8 e1e8 b8a7 d5c5 b7b6 c5c7,0.06972408294677734
M4,2,VkYtg,4,solved,True,True,d5d1 b4c3 d1d4 c3d4 e6e5 d4e5 f8f6 e5f6,0.07275104522705078
M4,2,lRpfQ,4,failed,False,False,g7h6 e7f6 e8e3 f2f4 e3e1 g1g2 b6g1 g2f3,0.18367695808410645
M4,2,SWmZR,4,solved,True,True,g4e3 b7f7 f8f7 b3b8 c2c8 b8c8 f7f8 f1f8,0.07195806503295898
M4,2,3GqYo,5,failed,False,False,b2a2 f5g5 h6g5 h2h4 g5g6 f1f6 f8f6 c7g7 g6g7 g2g3,0.31418395042419434
M4,2,SFdWT,4,failed,False,True,f8e8 h5h8 g8f7 h8f8 e8f8 g6e7 f7e7 a1e1,0.18375301361083984
M4,2,ckmOr,4,failed,False,False,e4d4 c6d6 d4e4 f2f3 h3f3 d6d2 b8b1 d2d1,0.2119007110595703
M4,2,13GNC,5,failed,False,True,f5e3 g4g7 g8g7 h5g6 g7g6 a1g1 g6f5 g1g5 h6g5 f4g5,0.20706415176391602
M4,2,eks8o,4,failed,False,False,e8e1 h2h6 g7a7,0.019320011138916016
M4,2,SGKIc,4,failed,False,False,f8f7 d4h4 f7e7 h4h7 h8h7 e1e3 d7d1 g1g2,0.2415328025817871
M4,2,ofvgi,4,failed,False,True,f7f6 h6f5 g7g6 h3h7 g6h7 f5g7 e7d6 f1f6,0.19179129600524902
M4,2,FjFUR,4,solved,True,True,c8c2 e1e8 g8h7 e8h8 h7h8 f4h6 h8g8 h6g7,0.07857513427734375
M4,2,v7okF,4,failed,False,False,d8d4 c7d8 f6d8 g2g4 c4e2 d1d2 e2f1,0.15459609031677246
M4,2,nwYuU,4,failed,False,True,g8g2 f3f7 e8d8 f7f8 d8d7 f8d6 d7d6 f1f6,0.08009505271911621
M4,2,ehs1l,4,solved,True,True,e4e5 b3f7 f8f7 d4d8 e5e8 d8e8 f7f8 f1f8,0.07223224639892578
M4,2,te6WQ,4,failed,False,False,c4a4 e7h7 h6h7 f5f6 e5e4 f6f5 e4e3 h4h5,0.23998594284057617
M4,2,ydK9T,5,failed,False,False,h8c8 e7d6 c7d6 g5f4 d6f4 f7c7 b8c7 a2a4 c8d8 a4a5,0.31329989433288574
M4,2,d5mtE,4,solved,True,True,b8b4 h1h8 g8h8 e1h1 f6h4 h1h4 h8g8 h4h7,0.07411718368530273
M4,2,BSKIV,4,failed,False,True,d7c8 b7f7 g8h8 f7g7 h8g7 f1f7 g7f7 d5f6,0.18051505088806152
M4,2,KzaW7,4,solved,True,True,b2b1q g7g8 f8f7 g1g7 f7e6 g8e8 c6e8 g7e7,0.07402181625366211
M4,2,6molv,4,failed,False,True,f6f5 b7g7 g6f6 g4g5 h6g5 g7g5 d3e3 g5g4,0.12722301483154297
M4,2,mRvyG,4,failed,False,True,a4a3 d8h8 h7g6 h8h6 g7h6 b8g8 f7g8 g2g4,0.1849679946899414
M4,2,aX79S,4,failed,False,False,h6h5 d5f6 h7g7 d2h6 g7h6 h1h5 g6h5 e4h7,0.23673701286315918
M4,2,1lxvG,4,failed,False,False,f4g3 e8e3 e2e3 d5f6 e3e5 f1f2 e5e1 f2f1,0.20140886306762695
M4,2,rKZet,4,solved,True,True,a8a7 f3f7 f8f7 b7b8 a5d8 b8d8 f7f8 f1f8,0.07258105278015137
M4,2,KGC5O,4,failed,False,False,c8f8 f4h4 g8g7 h4g4 g7f6 g4g5 f6g5 d7d6,0.23885512351989746
M4,2,r7D8Q,4,failed,False,False,b2b1 c4e2 h1h7 e7e6 h7g8 e6e5 g8b8 e5d4,0.23908305168151855
M4,2,thO1D,4,failed,False,False,c3e1 h6h7 g8h7 g5h4 e1h4 f6h4 e8e5 h4f6,0.23655200004577637
M4,2,vQeWI,4,failed,False,True,e4f5 c5f8 g8f8 e3f3 f5e4 c1a3 f8e8 a3b4,0.1930999755859375
M4,2,tEa4B,4,failed,False,False,g7h6 b7f7 c3c2 g2h3 c2h2,0.06731176376342773
M4,2,Z83eu,4,solved,True,True,c4d4 g5h5 g6h5 g1g7 g8g7 d2h6 h7g8 h6g7,0.07539796829223633
M4,2,JUMSE,4,failed,False,True,h6g5 h5h8 g8h8 g3h3 e6h3 f2f4 f6f4 b2c1,0.18330812454223633
M4,2,NVUXz,4,failed,False,False,h6h5 e1h1 h5g6 e6g5 e2e1q h1e1 g6g5 e1h1,0.24100089073181152
M4,2,CZppM,4,solved,True,True,e7f8 h6h7 g8h7 f3h3 f8h6 h3h6 h7g8 h6h8,0.0775752067565918
M4,2,R5Pr1,4,solved,True,True,f8f7 a7a8 e5b8 a8b8 f7f8 f3d5 g8h8 b8f8,0.07173562049865723
M4,2,R23XZ,4,solved,True,True,f7e6 g4e6 e8f7 e6f7 g8h8 f7f8 a8f8 f1f8,0.07242107391357422
M4,2,2jYX5,4,failed,False,False,e3c3 f1c4 c3c4 e1e8 g8f7 f3e5 c6e5 e8f8,0.2379300594329834
M4,2,qCO74,4,failed,False,True,g5g4 f8f3 g4h4 f3f4 h4h5 f4h4 h5h4 g2g3,0.14832592010498047
M4,2,GwQJZ,5,failed,False,False,b3c3 g3d6 c4d6 f1f6 c3e3 g1h1 d7f6 f7f8 d8e7 f8f7,0.30774617195129395
M4,2,RJsfa,4,solved,True,True,a2b1 e2e8 f6f8 f1c4 d6d5 c4d5 g8h8 e8f8,0.07739400863647461
M4,2,t2fbr,4,solved,True,True,b4d2 d5f7 f8f7 c1c8 d2d8 c8d8 f7f8 f3f8,0.06973600387573242
M4,2,XFPHh,4,failed,False,True,e5b2 e2a6 b7c7 a6a7 a8b7 a3a6 b2d4 c6d4,0.12727999687194824
M4,2,Nyf8z,4,solved,True,True,g5f6 g1g7 g8h8 g7g8 f8g8 b2f6 g8g7 f6g7,0.07516694068908691
M4,2,OSZvG,4,failed,False,False,d7e8 g3g7 f6g7 c7g7 g8h8 g7g8 h8g8 e5f6,0.23523497581481934
M4,2,SlAsE,5,failed,False,True,e6f6 d1d7 e8f8 c3b4 c7c5 b4c5 f8g8 d7c8 a8c8 e5d7,0.15171504020690918
M4,2,1755Q,4,solved,True,True,c8c7 a3a8 c7c8 a8c8 d7c8 e1e8 f6f8 e8f8,0.07282614707946777
M4,2,SLAwI,4,failed,False,True,c4b3 d7d8 g7f8 d8f8 h8g7 f8g8 g7g8 g5f6,0.1820371150970459
M4,2,NTcZB,5,solved,True,True,g8h8 d1h5 h8g8 g5g6 d7f6 e5f6 f8f6 h5h7 g8f8 h7h8,0.09296512603759766
M4,2,QIrX9,4,failed,False,True,d6e5 b3f7 g6h6 g5e4 e5f4 f7h5 h6h5 g2g4,0.18452787399291992
M4,2,sNkQ4,4,solved,True,True,e8e4 b3f7 g8h8 f7f8 d8f8 f5f8 a8f8 f1f8,0.08511996269226074
M4,2,iWwLs,4,failed,False,False,d4a4 d1d8 c8d8 f1f6 h3h2 f6e6 h2a2,0.1478278636932373
M4,2,ripDa,4,solved,True,True,a6c5 f7g6 f4g6 h5g6 h7g8 d6d8 e4e8 d8e8,0.07652425765991211
M4,2,U39nw,4,solved,True,True,c7c6 d5e7 g8h8 h1h7 h8h7 d1h1 c8h3 h1h3,0.07178211212158203
M4,2,vTDeI,4,failed,False,False,e2f2 h8f6 f2g2 g1h1 g2h2,0.04213976860046387
M4,2,pLClq,4,solved,True,True,d7e6 a7e7 e6f5 e7e5 f5g4 e5f4 g4h5 f4h4,0.07259583473205566
M4,2,k0a0N,4,failed,False,False,e1f2 g5g6 e3f3 f4g4 f3f4 g4h3 f4h4,0.11278390884399414
M4,2,5VpR0,4,solved,True,True,c8e6 d5e7 g8h8 h4h7 h8h7 f1h1 e6h3 h1h3,0.07495617866516113
M4,2,rXzve,4,solved,True,True,g7g6 g2g6 f7g6 h6g6 g8h8 g6h5 f8h6 h5h6,0.07220816612243652
M4,2,qkdj5,4,failed,False,False,d7f5 f4h6 f5f2 g1h1 g4h6 d1d8 e7d8 e1e8,0.23746681213378906
M4,2,aehlj,4,solved,True,True,e8f7 g6g8 f7g8 g1g8 a3f8 g8f8 d7d8 d1d8,0.07479310035705566
M4,2,cLJ2Y,4,failed,False,False,c3d2 b3f7 g8f7 g2g7 f7f6 g7f7 f6f7 e1e7,0.23534417152404785
M4,2,iIrNE,5,failed,False,True,h8g7 d2g5 f8g6 g5f6 g7f6 e8e6 f6e6 d1a4 g6f4 e2d2,0.16860079765319824
M4,2,EZ52V,4,solved,True,True,h8g8 g6h7 g8f7 d3g6 f7e7 h7g7 f8f7 g7f7,0.07232880592346191
M4,2,aNtI8,4,solved,True,True,g8h8 d1h1 h8g8 h1h8 g8h8 c1h1 h8g8 h1h7,0.07305312156677246
M4,2,TIbIM,5,solved,True,True,f6b6 c4f7 f8f7 a7a8 f7f8 f3d5 b6e6 d5e6 g8h8 a8f8,0.09247207641601562
M4,2,Hwy5O,4,failed,False,False,b8b7 e7c6 b7c6 b3d5 f6d5 b1b7 c6b7 f1b1,0.23570728302001953
M4,2,YABfN,4,solved,True,True,e3c2 h3h6 g7h6 f3h3 h6g7 h3h7 g7g8 e4f6,0.07368183135986328
M4,2,ZTlcV,4,solved,True,True,e3e2 f5f7 g8h8 f7f8 e8f8 f4f8 a8f8 f1f8,0.0729529857635498
M4,2,bF5s4,4,solved,True,True,f8f7 b1b8 a5d8 b8d8 f7f8 d7e6 g8h8 d8f8,0.07331204414367676
M4,2,ygKA1,4,failed,False,True,g8h7 h3h6 g7h6 h1h6 h7h6 b3f7 e5a1,0.11234712600708008
M4,2,9tZwZ,4,failed,False,False,a8a2 g4f6 g8h8 g5h6 g7h6 f1a1 a2c2 f6e8,0.19162487983703613
M4,2,Uc1Ym,4,failed,False,True,e7e4 c4f7 g8h8 f7e8 e4e8 f4f8 e8f8 f1f8,0.18514680862426758
M4,2,BOqve,5,solved,True,True,e2f2 d5e7 g8h8 h1h7 h8h7 a1h1 f2h2 h1h2 g4h5 h2h5,0.09329104423522949
M4,2,4gC8A,4,failed,False,False,a2e2 h5h6 g7g8 e6f6 f2h2,0.05619096755981445
M4,2,FLsj1,4,failed,False,True,b6b5 a2f7 g8h8 f7g7 f6g7 d7d8 a8d8 d1d8,0.180739164352417
M4,2,kYosg,4,failed,False,False,h6g5 e5e8 d8e8 c6e4 f2h4,0.09102201461791992
M4,2,w17mH,4,solved,True,True,b3b2 g6f8 f7f8 g2g7 g8g7 g1g7 h7h8 f4h6,0.07689428329467773
M4,2,Z7xEU,4,solved,True,True,f3e2 f5e7 g8h8 h1h7 h8h7 g1h1 e2h5 h1h5,0.0741569995880127
M4,2,abnJL,4,failed,False,True,c6b4 g4g7 f6g7 g3g7 g8h8 e5f7 f8f7 g1h1,0.1268601417541504
M4,2,BkHlF,5,solved,True,True,f4f2 d5e7 g8h8 h1h7 h8h7 a1h1 g4h3 h1h3 f2h4 h3h4,0.09335899353027344
M4,2,UZ1XA,4,solved,True,True,d7b5 h4h7 g8h7 f2h2 f8h6 h2h6 h7g8 h6h8,0.07053709030151367
M4,2,0KzLJ,4,failed,False,False,a3a2 f1f5 g6f5 f7g7 h7g7 d3f5 a2a1q g2g3,0.2385728359222412
M4,2,lNXwT,4,failed,False,False,g6h7 e7f7 f8f7 g2g7 f7g7 f6g7 d3d2 g7g8q,0.2427539825439453
M4,2,xHggV,4,solved,True,True,f2d1 c4f7 f8f7 c7c8 f7f8 a6c4 g8h8 c8f8,0.07546114921569824
M4,2,VW5A4,4,failed,False,False,e1e2 f7f8 e8f8 h5g6 e4g6 f6f8 g8f8 g3g4,0.1936037540435791
M4,2,pkJ54,5,failed,False,False,b1d1 c5d6 d1a4 c4d3 d8d6 d3e4 a4e4 f2f3 e4c2,0.19422411918640137
M4,2,b0xJg,4,failed,False,True,e3d2 h1h7 h8h7 a1h1 d2h6 h1h6 h7h6 f3g5,0.12954974174499512
M4,2,ZMk9g,4,failed,False,True,g7h6 c4h4 h6g5 e5f6 g5f6 h4f4 d6d1 f4d4,0.18274521827697754
M4,2,JguGt,4,solved,True,True,e7f7 h5f7 f8f7 c1c8 b6d8 c8d8 f7f8 f3f8,0.07543087005615234
M4,2,vAmBy,5,failed,False,True,g5f4 g7h7 h8h7 c4f7 f8f7 f5g7 f4f1,0.11125588417053223
M4,2,mzeG1,4,solved,True,True,e6e5 h4h5 h7g8 h5h8 g8h8 g5h6 h8g8 h6g7,0.07537674903869629
M4,2,Klpjh,4,solved,True,True,e7a3 c7f7 g8h8 f7f8 a3f8 f2f8 a8f8 f1f8,0.07318615913391113
M4,2,7v2pJ,4,solved,True,True,d4d2 f2f7 f8f7 a1a8 b2b8 a8b8 f7f8 f1f8,0.07181906700134277
M4,2,Ia0fu,4,solved,True,True,g8h8 d6f7 h8g8 f7h6 g8h8 d5g8 a8g8 h6f7,0.07081389427185059
M4,2,Pt23e,4,failed,False,False,f8f7 g4h5 g6h5 d8f8 f7f8 e5e6 c5f2 b2b3,0.1876239776611328
M4,2,gN73A,5,failed,False,False,e5e7 c7e7 e3e7 f1f2 c5f2 g1g8 f8g8 b1a1 e7e1,0.24085307121276855
M4,2,yTG39,4,failed,False,True,h7g6 g2g6 e5g6 g1g6 g8h8 d6f7 f8f7 c1h6,0.1324470043182373
M4,2,uNnW4,4,solved,True,True,e5e2 c7f7 f8f7 d1d8 e2e8 d8e8 f7f8 f1f8,0.07302188873291016
M4,2,3P4aK,4,failed,False,True,b7c6 b3b8 c8c7 b1b7 c7d6 b8d8 a5a1 b7b1,0.18134403228759766
M4,2,hB8FR,4,failed,False,False,e5g6 g3h3 d6e5 h3h4 d5d2 c1b1 a3a2 b1a2,0.21563506126403809
M4,2,zIyZL,4,failed,False,True,d4d3 b1b8 c8b8 c2b3 d3b3 a2a4 b3d1,0.10498785972595215
M4,2,BNRnZ,4,failed,False,False,b6a5 a3d6 g6d6 b1a1 f2h4 h1g1 d6g6,0.11616110801696777
M4,2,dvDnD,4,solved,True,True,d8d2 b7f7 f8f7 c1c8 d2d8 c8d8 f7f8 d8f8,0.0727989673614502
M4,2,ZibI6,4,solved,True,True,g8h8 e2h5 h8g8 h5h7 g8f8 h7h8 e6g8 h8g8,0.0728139877319336
M4,2,NRfub,4,solved,True,True,c5e5 b3f7 f8f7 d1d8 e5e8 d8e8 f7f8 f1f8,0.07386898994445801
M4,2,lfZrQ,4,solved,True,True,b4c3 h6h8 g7h8 h1h8 g8h8 d2h6 h8g8 h6g7,0.07174110412597656
M4,2,1swa6,5,failed,False,True,h7g7 h1h7 g7h7 g3h3 h7g7 h3h6 e7g5 d3d2 g5d2 c1b2,0.20368599891662598
M4,2,XvM9l,4,solved,True,True,e6b3 h1h8 g8h8 d2h2 g7h5 h2h5 h8g7 h5h7,0.07820391654968262
M4,2,r1iUw,4,failed,False,False,e7c5 h6g7 g8g7 g4h4 c5d4 g1h1 c7c1 h1h2,0.18549299240112305
M4,2,M8rDN,4,failed,False,False,g6h5 g5g6 h7h6 a6a4 a1f1 a4f4 f1f4 f7e8,0.23705720901489258
M4,2,8QI1N,4,failed,False,True,h7g7 h6h7 g7h7 g4h5 g6h5 g5g6 h7g7 b3f7,0.18864893913269043
M4,2,BADLU,4,failed,False,False,b2d4 g4h5 h1h5 c8h8 h7g6 h8h5 d4f2 f3g4,0.17469120025634766
M4,2,xLhHl,4,failed,False,False,h1g1 d6b8 b2b8 e3h6 b8b2 a3a4 g1f1,0.11652398109436035
M4,2,htgKx,4,failed,False,False,d6d5 h7g7 g8g7 g3h4 d5g2,0.09055876731872559
M4,2,LMUVM,4,failed,False,True,d2d1 f3f7 g7h6 f7g6 h6g6 c7g7 g6g7 h1g1,0.13328981399536133
M4,2,NBJY1,4,failed,False,False,e6f6 d8d6 f6d6 h1h6 g7h6 h7h6 g6h6 f2f3,0.23380684852600098
M4,2,ra10c,4,solved,True,True,g8h8 h1h7 h8h7 f1h1 e5h2 h1h2 d7h3 h2h3,0.07411527633666992
M4,2,dKdbs,4,failed,False,True,b4d3 g1g7 g8h8 g7g8 c8g8 f4f6 d7f6 e5f6,0.1820659637451172
M4,2,p3RTh,4,failed,False,True,b1b2 c3c8 a8c8 c1c8 g8h7 c8h8 h7h8 f4h6,0.08082890510559082
M4,2,HiRHN,4,solved,True,True,c8b8 c3c8 b8c8 c1c8 e6c8 e7d8 a4e8 d8e8,0.07331728935241699
M4,2,7vJFd,4,failed,False,True,f6g6 f7g7 g6h5 b7f7 h5h4 f7h5 h4h5 g7h7,0.12642788887023926
M4,2,Ud3yF,4,solved,True,True,b5c6 g3b8 b6b8 b1b8 f6d8 b8d8 c6e8 d8e8,0.07493305206298828
M4,2,CfwMA,5,failed,False,False,h7g6 h4h6 g6h6 g5f7 f8f7 f1f6 f7f6 a1f1 c6g2,0.1858820915222168
M4,2,qSxmF,4,failed,False,False,g8h7 b8h8 h7h8 e1h4 h8g8 h4h8 g8h8 g2g4,0.08162403106689453
M4,2,rEUbZ,4,failed,False,True,e6c4 g3g7 g8g7 g2g7 h7h8 g7h7 h8h7 a7a8,0.1257798671722412
M4,2,dLjWe,4,failed,False,False,b8a8 d6c7 h8e8 c7b6 a7b6 c4c5 c6b4 a2a3,0.21611595153808594
M4,2,A3ucE,4,failed,False,False,h7g6 g4h3 h8g8 h3h4 g6f5 h4h7 g8h7 d2h6,0.24302196502685547
M4,2,kQd6f,4,solved,True,True,e2e3 g6h7 g8h8 d6f7 f8f7 d1d8 f7f8 d8f8,0.07579708099365234
M4,2,c6hA0,4,solved,True,True,f8f6 h1h8 g8h8 d1h5 h8g8 h5h7 g8f8 h7h8,0.07127809524536133
M4,2,C09Al,4,failed,False,False,b8a8 f4c7 g6e6 c7b7 a8b7 a4a5 h6g4 a5a6,0.23798894882202148
M4,2,mMxoZ,4,solved,True,True,a8c8 h6h7 g8h7 a1h1 g3h4 h1h4 h7g8 h4h8,0.07446002960205078
M4,2,zhiqo,4,solved,True,True,f6e4 h3h7 g8h7 d3h3 e7h4 h3h4 h7g8 h4h8,0.07335710525512695
M4,2,hmNOF,4,failed,False,False,h7g6 f3f5 g6f5 f8f7 d6d3 g3g2 d3d2 g2f3,0.1564319133758545
M4,2,F9AtD,5,failed,False,False,f6g5 f4f6 g5f6 f7f6 b5h5,0.09171319007873535
M4,2,jZSNF,5,failed,False,False,b7a7 h1h7 b4b3 c2c1 b3c3 c1d1 c3a1 d1e2 b8b2 e2d3,0.3143770694732666
M4,2,aqt4y,5,solved,True,True,e8e3 d1h5 h8g8 h5h7 g8f8 h7h8 f8e7 h8g7 e7e6 g7f7,0.09365510940551758
M4,2,hGPl0,5,failed,False,False,h7h6 d7h3 e4f4 c7g7 f4f1,0.0927128791809082
M4,2,nZ1wl,5,failed,False,False,a3g3 g2b7 g3h2,0.01954483985900879
M4,2,x2cO6,5,failed,False,True,g8f7 g4h5 g7g6 h5h7 f5g7 h7g7 f7g7 f6e8 g7h8 e8f6,0.20072412490844727
M4,2,13qoZ,5,failed,False,True,c3d4 d3h7 g8f8 h7h8 f8e7 h8f6 e7d7 f6d8 d7d8 h5h8,0.14589214324951172
M4,2,bejqV,5,failed,False,False,a4f4 c3c8 f4f2 g1h1 f2f3 h1h2 g4g3 h2g1 f3f2 g1h1,0.22780108451843262
M4,2,gysZN,5,failed,False,True,a8d8 d1d6 f6g5 d6d4 c5d4 h2h4 g5h6 e1h1 d4d3 h1h3,0.2555968761444092
M4,2,KcLdf,5,failed,False,True,e5g4 f7h6 e3h6 c7f7 g8h8 f7e8 g7f8 e8f8 h6f8 f1f8,0.15119004249572754
M4,2,Sj5PL,5,solved,True,True,d2c3 f2f7 f8f7 a7a8 d3d8 a8d8 e5e8 d8e8 f7f8 e8f8,0.09319615364074707
M4,2,9d05D,5,failed,False,True,f6g5 f2f3 e4d4 e3g4 e6g4 e2e1 g4f3 c2c3 d4c3 e1f1,0.26063108444213867
M4,2,tm4c9,5,failed,False,True,a8d8 d3g3 g8f8 c3f6 d8d1,0.039659738540649414
M4,2,INUWE,5,failed,False,False,f5g4 c4f7 f8f7 e2e7 g4f3,0.041274070739746094
M4,2,lbYYf,5,solved,True,True,d7d6 f5f7 g8h8 e7e8 d8e8 e1e8 a8e8 f7e8 d6f8 e8f8,0.0911569595336914
M4,2,t1dL2,5,failed,False,True,g6e6 a4a8 c8d7 c1c7 d7c7 a8d8 c7d8 f2f4 e6e3 g1h1,0.254713773727417
M4,2,LkIYK,5,failed,False,True,h6h4 f2a7 b8a7 c6b5 a7b7 b5c6 e7c6 b2b3 c6e5 c2b2,0.26180005073547363
M4,2,Y4Y6t,5,failed,False,False,f8e7 h4f4 d8h8 f1f3 e4f3 f4f6 f3g2,0.17154598236083984
M4,2,91KQs,5,failed,False,True,b5c6 h4f5 h6h5 b7g7 c3h3 h2h3 f1h1 h3g3 h1g2,0.09441900253295898
M4,2,0CYaa,5,failed,False,True,a5c7 h1h7 h8h7 e6h6 g7h6 g5g6 h7g6 g2h3 f8f2 c1g5,0.25482821464538574
M4,2,wZWPs,5,solved,True,True,b5d3 f5h6 g8h8 h6f7 f8f7 g4c8 e5e8 c8e8 f7f8 f1f8,0.09148788452148438
M4,2,uSzIy,5,failed,False,False,d7f6 h5g6 g7h6 h3h6 h8g7 h6h7 f6h7 g6f7 c8e6 g2g3,0.3139529228210449
M4,2,mLGJu,5,failed,False,False,h7g6 g5e6 c2d1 f5h4 g6h7 e6f8 d7f8 h4g6 f8g6 f1e1,0.31232309341430664
M4,2,Z4xKn,5,failed,False,False,c8b7 f8b8 b7b8 c3c6 d7c6 a1b1 g3g1 b1a2 c6c4 b2b3,0.23833703994750977
M4,2,M8AGJ,5,failed,False,False,c6d4 g5f7 e5f7 h6g7 g8g7 h4h6 d4f5 g1h1 f5g3 h1h2,0.3128540515899658
M4,2,H99Xx,5,failed,False,False,c7f4 e2h5 f4c1 e6e1 c1e1,0.08075404167175293
M4,2,tSJ5x,5,solved,True,True,a5a4 e6e8 a8e8 e1e8 g8h7 f3f5 g7g6 f5f7 d4g7 f7g8,0.09506702423095703
M4,2,5QhCb,5,failed,False,False,c6d5 e7e6 f5e6 c1c8 e6c8 g3g4 d5d4 e3g5 f6g5 a2a4,0.314755916595459
M4,2,BEbnT,5,failed,False,False,g8h8 g5h6 f8g8 h6g7 g8g7 h4h6 g7g8 h6g7 g8g7 f6g7,0.31275320053100586
M4,2,8w26u,5,failed,False,False,g6h5 g2g4 g7g4 g1h1 b4e1,0.09633684158325195
M4,2,fjcH6,5,failed,False,False,c5d4 f4e5 g4e5 d1d3 e5d3 f2f3 a3b2,0.13489794731140137
M4,2,bN81B,5,failed,False,True,d7d3 h2h8 g7h8 h1h8 g8h8 c3b4 d3f1 c1c2 h8g8 b4h4,0.2023470401763916
M4,2,8eA8t,5,solved,True,True,c6b8 a8b8 c8b8 a1a8 b8a8 f5a5 a8b8 a5a7 b8c8 a7a8,0.09418916702270508
M4,2,Xgfa1,5,failed,False,False,h8e8 e3e7 e8e7 g1g8 e7e8 g8e8 d8e8 c4b5 e8f8 b5c6,0.3129887580871582
M4,2,9jjpc,5,failed,False,False,f5g4 a7a8 g4f3 g2h1 g5c1,0.09021592140197754
M4,2,PpHU1,5,failed,False,True,a3c1 g4g6 f7g6 f5g6 h7g8 d3e4 c1f4 g2g3 f4f2 e4g2,0.1535651683807373
M4,2,f6JCI,5,failed,False,False,d6d2 g5g6 h7g6 e7e8 e2f4 f2g1 d2g2,0.16675901412963867
M4,2,NyVHG,5,solved,True,True,c5c1 f3f7 f8f7 d7d8 f7f8 b7d5 e1e6 d5e6 g8h8 d8f8,0.0924990177154541
M4,2,laSoq,5,failed,False,False,f6f5 f7g7 f2c2 g7h7 h8h7 h5f6 h7g6 d6g3 c8c3,0.24066996574401855
M4,2,57meS,5,failed,False,True,h6h5 g4h5 g5g4 h5h6 g4g3 h6h7 g3g2 h7h8q g2g1q h8a8,0.09231996536254883
M4,2,3iqEX,5,failed,False,True,a6c4 e7e8 g8g7 a3f8 g7f6 f8f7 f6f7 e8e6 c4f1 h1h2,0.2020120620727539
M4,2,S2vng,5,solved,True,True,c3a1 g4c8 c6e8 c8e8 f7f8 c2b3 c5c4 b3c4 g8h8 e8f8,0.09490704536437988
M4,2,LIhXS,5,failed,False,False,e4d3 f5e7 d6e7 e2h5 e7g5 h5h7 g8h7 h4g5 d3d2 g1h1,0.3095827102661133
M4,2,LWIrl,5,failed,False,True,d5f4 h7h8 f8e7 c1c7 d8d7 c7c8 g4d1,0.056401968002319336
M4,2,UocrA,5,failed,False,True,e8g8 d5e7 g8h8 h1h7 h8h7 a1h1 f3h4 h1h2 h7h6 h2h3,0.14447283744812012
M4,2,aFgpt,5,failed,False,True,g6d3 c6d5 g8h8 d6f7 f8f7 d5d8 b6d8 g2g3 d3f1 h3h4,0.2036600112915039
M4,2,iiQLi,5,failed,False,False,c7e5 h6h7 e7g5 h7h8 g8h8 g4h4 g5h4 d1h5 e5h5 g2g3,0.3157989978790283
M4,2,qefz1,5,solved,True,True,f8g7 g1g7 g8f8 g7g8 f8g8 e2g4 g8f8 g4g7 f8e8 g7g8,0.09997272491455078
M4,2,klux9,5,solved,True,True,a1c1 f7g7 g8h8 g7h7 h8h7 g5e7 f8f7 e7f7 h7h8 f7g7,0.08824610710144043
M4,2,in0DY,5,failed,False,True,f8f7 h1h8 g8h8 d5f7 e7e3 c1b1 e3g1 c3d1 g1d1,0.10823893547058105
M4,2,1dLBs,5,failed,False,False,f5f4 g2g3 f4g4 e5f5 g4f5 h2h3 d8g5 g3g4 f5f6 d4d5,0.311995267868042
M4,2,DEa6t,5,failed,False,True,f8e8 e4f6 g8f8 c2h7 e8e1,0.04138803482055664
M4,2,XWp70,5,solved,True,True,d8h4 c7f7 f8f7 a6a8 g4c8 a8c8 h4d8 c8d8 f7f8 d8f8,0.09050893783569336
M4,2,Ff9ij,5,failed,False,True,d1h1 e5g7 h8g8 e3e8 g8f7 g7f6 h1h2,0.057874202728271484
M4,2,e2I1J,5,failed,False,False,h6f5 d6f8 g8f8 e5d7 b5d7 g3h5 f5h4 h5f6 f2g2,0.2202742099761963
M4,2,OxaTE,5,solved,True,True,f6h5 c3c8 b5e8 c8e8 g8h7 f3f5 g7g6 f5f7 h5g7 f7g8,0.09687995910644531
M4,2,61Tza,5,solved,True,True,d7c6 f3f7 f8f7 c7c8 c6e8 c8e8 f7f8 h3e6 g8h8 e8f8,0.0920860767364502
M4,2,7Tvo2,5,failed,False,True,a8f8 d3h7 g8h8 f1f8 d7f8 b2g7 h8g7 c2g6 f8g6 h7g6,0.25663208961486816
M4,2,t0k2I,5,failed,False,True,e7e5 f4f7 g8h8 f3h3 b6e6 f7g6 e6g6 f1f8 e8f8 h3g3,0.25827574729919434
M4,2,33yNm,5,failed,False,False,f7f2 h4f4 b8h8 h3g4 f2f4 g4g5 c2f5,0.08431291580200195
M4,2,RmXqC,5,failed,False,True,f7g8 h5e8 e7f8 e8f8 g8f8 c1h1 c3a4 b2b1 d4b2,0.186737060546875
M4,2,1JlV1,5,failed,False,True,h3g5 g6g7 h8g8 b1h7 g5h7 d6e5 b2b1q e5e6 b1d3 e6e7,0.26042699813842773
M4,2,G5CVQ,5,failed,False,False,g8g7 h6g7 h8g8 f4g5 d4c2 g3g4 c2a1 g1h2 a6d3 g5g6,0.3122711181640625
M4,2,gX5lj,5,solved,True,True,a8e8 h2h6 h8g8 h6h8 g8h8 e7h4 g7h6 h4h6 h8g8 h6h7,0.09416556358337402
M4,2,wMLax,5,failed,False,False,g8f8 b7e7 g3f2 g1h1 e8e7 e1b1 e6c5 b1b7 f2g1,0.24058318138122559
M4,2,yKDWu,5,solved,True,True,b8d7 g5f6 h5g6 g2g6 h7g6 h6h7 g8h7 d1h1 h7g8 h1h8,0.10268282890319824
M4,2,a04VG,5,failed,False,False,a2a1 f6f7 f8f7 f3f7 a1h1 f2h2 b7g2,0.11258101463317871
M4,2,mN4Bf,5,failed,False,False,g4h2 a2a3 b4b3 a7a4 g5g2 d2e3 b3a4 c8a8 a4b3 a8a4,0.3055441379547119
M4,2,lWqQA,5,failed,False,True,g3g2 f5f6 g7h8 a6a8 g2g8 a8b8 b3b8 h5h6 g8g6 h6h5,0.1512446403503418
M4,2,Mx4wp,5,failed,False,False,h7h6 e7f8 g8f8 g5h7 f8g8 h7f6 g7f6 e1e8 g8g7 f3d5,0.30333614349365234
M4,2,eBBm6,5,failed,False,True,b4c6 e2e6 f7f6 e6f6 g6h5 f6h6 h5h6 h1g1 a8f8 g1h1,0.20167088508605957
M4,2,hPYO8,5,solved,True,True,g8f8 g4g8 f8g8 e4g4 g8f8 g4g7 f8e8 g7g8 e8d7 g8f7,0.09175825119018555
M4,2,55XNq,5,failed,False,True,b1h1 c3f6 c2g6 f6g6 h6g6 c4d3 b4d3 g2g4 d3b2 h2h3,0.25635719299316406
M4,2,C6cQC,5,failed,False,True,b7a6 b6b7 a8a7 b7b8q e8b8 f4d6 b8b1 g1f2 g2g1b f2e2,0.11800789833068848
M4,2,TcdQg,5,failed,False,False,f2f3 e6e8 g8g7 e1e7 f3h1,0.09274983406066895
M4,2,Z3UHV,5,failed,False,True,g7g6 h1h6 g6g7 h6h7 g7h7 f3h5 h7g8 h5g6 e5g7 d1h1,0.2033553123474121
M4,2,xw7Dv,5,solved,True,True,g7g6 h1h6 g6h6 b2f6 h6h7 g1h1 c7h2 h1h2 h7g8 h2h8,0.0922708511352539
M4,2,U67bD,5,failed,False,True,g2b7 g1g7 g8h8 g7g8 h8g8 d1g1 b7g2 g1g2 e6g4 g2g3,0.09103202819824219
M4,2,8lKFD,5,solved,True,True,e8f8 c6e7 g8h8 d6f7 f8f7 c7c8 f6e8 c8e8 f7f8 e8f8,0.08925127983093262
M4,2,mVE37,5,failed,False,True,f5g4 f2f3 g4h5 g3g4 h5h4 f4e5 h4g5 e5g3 e1g3 h2h4,0.2590827941894531
M4,2,T8KSQ,5,failed,False,False,f4g5 a2e6 b6e6 f3f4 g5f4 g2g3 f4g3 h3h4 g3f4 h4h5,0.3237576484680176
M4,2,y4QNr,5,solved,True,True,b5a4 f4f7 f8f7 b7b8 a4e8 b8e8 f7f8 e4d5 g8h8 e8f8,0.09924101829528809
M4,2,XPX1f,5,failed,False,True,c6c2 g1g6 f7g6 f4g4 b2b1 g4g1 e2g2,0.0596158504486084
M4,2,BvypN,5,failed,False,False,g6f5 h6h7 f5h7 f3g3 h7g6 g3g6 f7g6 h5f6 h8f6 d1a1,0.3186030387878418
M4,2,MtQzL,5,failed,False,True,c4c3 d1d8 b4f8 d8f8 g8f8 e3e7 f8g8 e7e8 c6e8 f1g1,0.12935209274291992
M4,2,DRRge,5,failed,False,True,b3b2 e5g4 h6h5 c7h7 h5g4 h7h4 g4f3 h4g4 b2b1q,0.13401508331298828
M4,2,0TDcA,5,failed,False,True,e4f3 g1g5 g8f8 g5g8 f8g8 e3e4 d8d1 h3f1 d1f1,0.09981989860534668
M4,2,i9oTw,5,failed,False,False,e8f7 c7f7 f8f7 f1f7 g8f7 g4e6 f7e8 e6c8 b5b1 g1f2,0.31836509704589844
M4,2,NxTqy,5,failed,False,True,d8c8 b7b8 c8c7 b1b7 c7c6 b8e8 a6a2 b7b2 a2b2 f2e1,0.18248701095581055
M4,2,K7qyp,5,failed,False,False,b5b4 f6b6 c7b6 e4c5 g2f2 e3e4 f2e1 e4f5 b2f2 f5g4,0.27901220321655273
M4,2,H6vzK,5,solved,True,True,g4f6 c5e6 g7h8 d7d8 f6g8 d8g8 h8g8 d6d8 h6f8 d8f8,0.09171390533447266
M4,2,SZ2q3,5,failed,False,True,h7g6 d8g8 g6h5 g3g4 e4g4 g8e8 c6g2,0.11325263977050781
M4,2,0CbHm,5,failed,False,False,d4e3 e5g6 f7g6 f4g6 h8h7 g6f8 h7g8 b1h7 g8f8 h7h8,0.31603503227233887
M4,2,MrbfS,5,failed,False,True,b3b2 e2e7 f7g8 e7e8 g8g7 e1g1 d4d3 d1e1 h8e8,0.08374786376953125
M4,2,2qNag,5,solved,True,True,d3f4 f5e7 g8h8 d6f7 f8f7 b7b8 c2c8 b8c8 f7f8 c8f8,0.10785102844238281
M4,2,Yxy1D,5,failed,False,True,d4c4 f7h6 g8g7 e1g1 f8f5 g1g2 f5f1 g2g1 c4e4,0.13923883438110352
M4,2,9NxUO,5,solved,True,True,b2e5 d6f7 f8f7 d5d8 c6d8 d1d8 e5e8 d8e8 f7f8 e8f8,0.09427189826965332
M4,2,YcqHj,5,failed,False,False,c5d4 b1a1 a4a1 c7c1 a1c1 f1e2 b6d5 e2f3 d5e3 f3e2,0.3078889846801758
M4,2,fI74U,5,failed,False,True,b7e4 f7f6 e4g6 f6f3 d3f3 g2g4 g6e4 h3h4 f3g2,0.13440895080566406
M4,2,5XaER,5,failed,False,False,d4b6 a5a7 b6a7 c1c2 d8d2 a3b4 d2c2 b4a5 c7c8 e2b5,0.31595587730407715
M4,2,euP7A,5,solved,True,True,g6f4 d3h7 g8h8 g5f7 f8f7 e3e8 f7f8 e8f8 f6g8 f8g8,0.09341597557067871
M4,2,tMD2S,5,failed,False,True,h8g8 h6g6 g8h8 g6h6 h8g8 h6g6 g8h8 g6h6 h8g8 h6g6,0.20691680908203125
M4,2,X9AlZ,5,failed,False,True,b6c6 h4h6 g7h6 h1h6 h8g7 h6h7 g7f6 g5e4 c6e4 h7f7,0.1450481414794922
M4,2,njaH6,5,failed,False,False,g4f3 c4f7 h3g2,0.021086931228637695
M4,2,SgS1S,5,failed,False,False,c3d3 h1h8 g7h8 e7f8 g8f8 f3g5 b2d2 g2h1 b7c7 g5e6,0.2733428478240967
M4,2,WEFzE,5,failed,False,False,f6d4 f1f2 d8e7 g5f7 f8f7 h6h7 h8h7 h2h4 d4f2 g1h1,0.26655006408691406
M4,2,3hWrt,5,failed,False,True,c2c1q e1e7 f7f6 g4g5 f6f5 e8d8 c1f4,0.056201934814453125
M4,2,mJzIB,5,solved,True,True,g8h8 e1h1 h8g8 h1h8 g8h8 b1h1 h8g8 h1h7 g8f8 h7h8,0.09182596206665039
M4,2,lW83D,5,failed,False,False,e4e3 g3g6 f7g6 f4f8 b2g2,0.09413313865661621
M4,2,RZrBB,5,failed,False,False,g5g3 d5f6 g7f6 d1g4 f2g4 e1e2 g3e3 e2f1 e3f2,0.1962449550628662
M4,2,WnrOE,5,failed,False,False,g8h7 f1f7 h7g8 c8e6 g3h2 g1f1 h2h1,0.11585187911987305
M4,2,Af0Kt,5,failed,False,False,b3d3 a7g7 g6g7 h4h5 d3d5 f4f3 d5d3 f3g2 d6c4 g2f2,0.31233835220336914
M4,2,IFnYq,5,failed,False,True,c5d4 d3g6 h7g6 f3g5 d7f6 e6e7 d8e7 g5e6 e7e6 g1h1,0.26226377487182617
M4,2,xGFTN,5,failed,False,False,a8g8 f7g7 g8g7 d6f7 b6e6 h3h4 g7f7 h2g3 e6g4 g3h2,0.2878110408782959
M4,2,7VFVW,5,failed,False,True,f3e2 c6b6 c7b6 b5b6 b8a8 b6b7 d7b7 b1a1 d8d3 a1a2,0.2035081386566162
M4,2,QaHho,5,failed,False,False,h2f4 e4c3 f4h6 b3b6 a7b6 h1g1 h6d2 g1h1 b8e5 f1g1,0.31402087211608887
M4,2,HDBSs,5,solved,True,True,b2a3 c6e7 g8h8 e5f7 f8f7 c5c8 f6e8 c8e8 f7f8 e8f8,0.09241509437561035
M4,2,BVO6o,5,failed,False,False,e7e8 c3h8 f4e3,0.01883411407470703
M4,2,3Ekrz,5,solved,True,True,e4f4 h2h8 g8h8 d2h2 g4h5 h2h5 h8g8 h5h7 g8f8 h7h8,0.09184813499450684
M4,2,5uHu6,5,failed,False,True,e6b3 d3b5 a5c6 d2d8 a8d8 b5c6 b7c6 d1d8 e8d8 h6g5,0.25792884826660156
M4,2,SsOsw,5,solved,True,True,f6h4 b7f7 f8f7 a7a8 h4d8 a8d8 f7f8 f5e6 g8h8 d8f8,0.0928187370300293
M4,2,7calb,5,failed,False,False,b6b8 a8b8 c7b8 g5g6 b8h2 f2f3 d1f1 e2f2 h2f2 f3e4,0.2589149475097656
M4,2,hzz2R,5,failed,False,False,c7c6 h3h7 c6d5 h7h8 g7h8 g1h1 f6c3 h1h8 c3h8 g6g7,0.2603578567504883
M4,2,LuAg6,5,failed,False,True,a5a4 f8g8 g6h5 g8f7 f5g6 f7g6 h5g6 f2f4 g5f4 g3g4,0.2586660385131836
M4,2,GZ2A0,5,failed,False,False,a8f8 e7f7 f8f7 e5f7 c4b2,0.04613494873046875
M4,2,ApRxi,5,failed,False,False,e6c5 h8f8 f6g5 f8f7 f1d3 d2c1 c5b3,0.1159968376159668
M4,2,kfA5W,5,failed,False,False,d3c2 f4f7 d6f7 g6h7 g8g7 g4g5 c2b1q g1g2 c6g6 h7h8q,0.3161489963531494
M4,2,veA7y,5,failed,False,False,a8b8 h3f4 f6f4 d1d2 c8c3 b2c3 b8b7 h1e1 b7b1,0.24112796783447266
M4,2,wFsKv,5,failed,False,True,d7c6 c2h7 g8f8 h7h8 f8e7 h8g7 c6f3 g7f7 e7f7 b1g6,0.2593879699707031
M4,2,6ZJx1,5,failed,False,True,a8g8 h6g7 g8g7 f7f8 g7g8 f1f7 h4g5 f8g8 g5g8 f7g8,0.2070159912109375
M4,2,IP2aZ,5,failed,False,False,c8c1 h5g6 h7g6 h6h7 a2e2 g2g3 c1c3,0.11643433570861816
M4,2,CitXu,5,failed,False,True,g7f6 h3h8 g8g7 e3h6 g7h8 d2c2 f5c2,0.05706214904785156
M4,2,cSzwm,5,failed,False,False,a6a3 d8f8 g8f8 c7e7 b2c3 f3f2 a3a2 f2g1 c3c1,0.18683600425720215
M4,2,rFVHs,5,solved,True,True,f4h4 g3g6 f7g6 g1g6 g8f7 b2g7 f7e8 g6e6 h4e7 g7e7,0.09317874908447266
M4,2,OQZ84,5,failed,False,False,c7b8 e6e8 h4d4 g1h1 c8e8 e1e8 c6d8 e8d8 d4d8 f7f8,0.30977606773376465
M4,2,97S6K,5,solved,True,True,e3c1 e2c4 d7d5 c4d5 c8e6 d5e6 f8f7 g6f7 g8h8 f7h5,0.0937049388885498
M4,2,FojuG,5,solved,True,True,d7b5 f4f7 f8f7 c5c8 d3d8 c8d8 b5e8 d8e8 f7f8 f1f8,0.09676074981689453
M4,2,YGsIr,5,failed,False,True,g3b3 g1g7 g8g7 h5g5 g7h8 g5f6 f8f6 c1c8 a8c8 d5d6,0.21036314964294434
M4,2,PsUTK,5,failed,False,False,e8e2 b3b8 g7f8 b8f8 g8f8 c5b6 e2e1 g1f2 a6f1,0.19231700897216797
M4,2,gnJ8m,5,failed,False,False,f8g8 g3g7 g8g7 h6g7 h8g8 g1g6 h7g6 d1d8 e8d8 c2c4,0.3108987808227539
M4,2,kLCcO,5,solved,True,True,h6h1 e3e7 f7g6 e8g8 g6h6 g4g5 h6h5 e7h7 f6h6 h7h6,0.09204602241516113
M4,2,obzzO,5,solved,True,True,f8g8 g3g8 b8g8 g1g8 h8g8 a7a8 f6d8 a8d8 e6e8 d8e8,0.08967900276184082
M4,2,yBlVm,5,failed,False,False,e8g7 d3h7 g8h7 g1g7 h7h6 h4f5 d7f5 g7g6 f7g6 h3h4,0.1241919994354248
M4,2,KkOil,5,failed,False,True,d8d7 h3h8 g8h8 e6h6 g7h6 e2h5 d6f5 g5g6 d7e7 h5h6,0.2593841552734375
M4,2,pRMlF,5,failed,False,False,e5f5 h5h8 g6h8 h3h8 g8h8 f4e5 d4e5 b5e8 d8g5 a4b6,0.30095601081848145
M4,2,nmrxb,5,failed,False,True,f4d2 g2g8 f8e7 g8e8 e7e8 g1g8 e8e7 g8d8 f5h3 h1g1,0.09702706336975098
M4,2,LYDzo,5,failed,False,True,f8e7 f1f7 e7f7 h8h7 f7f8 b1g6 d2d1 g1f2 d6d2 f2g3,0.25900697708129883
M4,2,xl4O5,5,failed,False,False,h8h7 g5h5 h7g6 h5h6 g7h6 g2e4 g6h5 e4f5 g8g3 g1h2,0.3153500556945801
M4,2,aNzCr,5,failed,False,False,f1e1 e4e7 e1e7 c6c8 f2f5 g3g4 e7e3 h3h4 f5f2,0.1690664291381836
M4,2,PwUXS,5,failed,False,False,f8f7 f3h5 g1g6 c1g5 g6h5 g5f6 h5h1,0.1672220230102539
M4,2,cvzLh,5,failed,False,False,a3a2 g7g8 a2b3 e4c3 b3c3 g3g4 a6e2,0.1167752742767334
M4,2,cKI0l,5,failed,False,True,a8a2 e7g7 g6h5 g3g4 h5h4 g7h7 d5g2,0.11139488220214844
M4,2,LhQlK,5,failed,False,True,c5c3 h5h7 g8f8 h7h8 g6h8 h2h8 f8e7 f1f7 e7f7 g5g6,0.25762295722961426
M4,2,xIH8c,5,failed,False,False,g6f7 f5d7 f7f8 d7f7 f8f7 h3g5 f6g5 e4e5 c2g2,0.24410104751586914
M4,2,9IWo3,5,failed,False,True,c7c2 b3f7 g8f7 d3g6 h7g6 d1h1 c2c1 h1c1 f2b2,0.1368567943572998
M4,2,wxhog,5,failed,False,False,f8c8 g3g6 f7g6 h4h6 h7h6 g2g3 c8c1,0.1137552261352539
M4,2,I2Z1W,5,failed,False,False,a6b6 c5c7 h7c7 c1c7 b6c7 e8a8 a7a8 h1g2 d3d2 g2h1,0.22916913032531738
M4,2,omdGx,5,solved,True,True,c6c4 h2h7 g7g8 h7h8 g8f7 h1h7 f7e6 h8e8 c7e7 h7e7,0.09289979934692383
M4,2,X5eEt,5,failed,False,False,e8d8 h5f7 e7f7 h2h7 g8h7 f2f7 e6f7 g1h1 g5h4 h1g1,0.2592902183532715
M4,2,3B2ft,5,solved,True,True,c6f3 e1e8 g8h7 f1d3 f3e4 d3e4 f7f5 e4f5 g7g6 e8h8,0.09341192245483398
M4,2,PYP9f,5,failed,False,True,e8d8 g7g8 h8g8 c3d5 g8f8 f7f8 c5f8 d5f6 c6d4 a2a4,0.2576639652252197
M4,2,TyGDz,5,failed,False,True,h6h5 f7h7 g6h6 g3g4 f5g4 h3g3 e7f5 g3g2 f5e3 f2e3,0.2605602741241455
M4,2,8I95K,5,solved,True,True,h6g5 f5g5 g8f8 g5g7 f8e8 g7g8 e8d7 g8f7 d7d6 f7e7,0.09328198432922363
M4,2,4sMLN,5,failed,False,True,b4c3 g3h5 c3b2 c1b1 c7c2 d3c2 e7f8 h6h7 g8h7 h5f6,0.14504575729370117
M4,2,SViB2,5,failed,False,True,h5f4 c1c8 g8g7 c8f8 a2g2,0.040075063705444336
M4,2,u6Nm7,5,failed,False,False,g5h5 e5g6 f8e8 e1e6 b8b1 g1h2 f6g4,0.15081214904785156
M4,2,rx3CA,5,solved,True,True,a4a2 f3f7 f8f7 d7d8 f7f8 f1c4 h6e6 c4e6 g8h8 d8f8,0.09310507774353027
M4,2,9XPZz,5,failed,False,False,g2f2 d1g1 f2g2 d6f7 g8f7 d4g4 g2g4 g1g4 f3f2 g4e4,0.31152892112731934
M4,2,AEMJD,5,failed,False,False,d3f4 e2a6 g6g2,0.02158498764038086
M4,2,XA2eK,5,failed,False,False,h7h6 g5g6 f7g6 f6g6 h6g6 e2h5 g6h5 g2g4 h5h4 g4g5,0.2628159523010254
M4,2,N5Gcd,5,failed,False,False,d6e5 d5e6 e7e6 f4f5 g5g4 g1g2 e6f5 g2h2 d7d2 h2g1,0.23551321029663086
M4,2,oUdNx,5,failed,False,True,e8e5 d6f7 f8f7 d5d8 b6d8 d1h1 f7f3 d3d4 h2f4,0.13248896598815918
M4,2,JUk12,5,failed,False,True,f6f2 d3d6 c7c8 d6f8 f2f8 h5f6 f8f6 c4g8 f6f2 g8e6,0.21125292778015137
M4,2,N4hGv,5,failed,False,False,g6h6 f3g5 f7f6 g5f7 f8f7 c3f6 f7f6 f2f4 b6e3 g1h1,0.3151359558105469
M4,2,o8GJt,5,failed,False,True,e5c7 d8h8 h6g5 f2f4 e4f3 h8e5 c1c2 h2h1 c2g2,0.07911992073059082
M4,2,e0Ims,5,solved,True,True,c3e1 b7f7 f8f7 a7a8 f7f8 e4d5 e2e6 d5e6 g8h8 a8f8,0.09251713752746582
M4,2,6IHi0,5,failed,False,False,d4c6 a4a5 b6a5 e3c4 a5b4 c4b6 h6e3 e1f1 f5d3,0.21954798698425293
M4,2,d3Nub,5,solved,True,True,g6g5 f4f6 c2g6 h4g5 h6h5 f6f3 h5g5 f3f4 g5h5 f4h4,0.09334301948547363
M4,2,bGWnQ,5,failed,False,False,b8a8 f2f7 b5c6 d4c4 a2a1 c1b2 a8a2,0.13477611541748047
M4,2,XXnHB,5,solved,True,True,a3e7 h1h8 g8h8 f1h1 h8g8 h1h8 g8h8 d1h1 h8g8 h1h7,0.09527087211608887
M4,2,ysMWx,5,failed,False,True,h7h8 h5h6 h8g8 h6h8 g8h8 c1c8 g7g8 c8g8 h8g8 g2g4,0.25658607482910156
M4,2,BdBWT,5,failed,False,False,d7f6 e4f6 e6f6 d3d8 f6d8 b1b2 d8d1,0.16550183296203613
M4,2,KID1i,5,failed,False,True,f1d3 d6f5 e7d7 b4d6 d3d6 f5e7 d6d2 h2g3 d7e7 c4c5,0.2574901580810547
M4,2,5hFUV,5,solved,True,True,g8g7 h7h8q g7h8 b1h1 e2h2 h1h2 h8g7 h2h7 g7f6 h7f7,0.09436273574829102
M4,2,WgCFR,5,failed,False,False,e6f5 d6d5 a2d5 h2h3 c3e5 e3e2 f5f4 g2g4 a6b5 a3c5,0.312255859375
M4,2,gEbkY,5,failed,False,False,f8e8 h6h8 e7f8 h8f8 e8f8 c1h6 f8g8 h6g7 e2f1q g1f1,0.3242497444152832
M4,2,jSwtC,5,failed,False,False,b7g2 f5g6 g2c2 d1e1 h7g6 a4a8 f8a8 a1d1 a8a2 h6h7,0.2887301445007324
M4,2,ZbdA5,5,failed,False,True,d7c8 b6c6 d5d4 c6c5 d4e3 c5c6 e3e2 c6c5 e2e1q c5c6,0.25638413429260254
M4,2,UM60x,5,failed,False,True,b3c1 h6g7 h8g7 f3f6 d7f6 g1g4 c1d3 e1e2 b1c2 e2f3,0.21413087844848633
M4,2,VHLmb,5,solved,True,True,b8b2 h5f7 f8f7 a7a8 b2b8 a8b8 g5d8 b8d8 f7f8 f1f8,0.08968687057495117
M4,2,JOEK6,5,failed,False,False,a8f8 g4f6 g8h8 g3h4 b2g2,0.0914759635925293
M4,2,5TqPW,5,solved,True,True,f6c3 e6e8 a8e8 e3c5 e8e7 e1e7 f8g8 e7e8 d7f8 e8f8,0.09678292274475098
M4,2,LWoJx,5,solved,True,True,g8h8 d1h5 h8g8 h5h7 g8f8 h7h8 f8e7 h8g7 f6f7 g7f7,0.0918431282043457
M4,2,7FvPL,5,failed,False,False,b7c6 b3b4 c7d6 c1c5 b5a4 b4b5 d6c5 f6d4 d8d4 g1f1,0.311600923538208
M4,2,G7QVH,5,failed,False,True,d4c4 g1g7 g8h8 g7g8 h8g8 d1g1 b7g2 g1g2 c4g4 g2g3,0.09238505363464355
M4,2,sJe6o,5,failed,False,True,b6d4 h7h8 f8e7 e4d6 d4e5 h8e8 e7d6 e8d8 d6e7 d8d7,0.2555241584777832
M4,2,Ee48r,5,failed,False,False,h5h2 d4d5 a2a1,0.024735212326049805
M4,2,Y8WK9,5,failed,False,False,e6f6 h2h4 e8e1 h1h2 d3d2,0.04287004470825195
M4,2,B2ZCj,5,failed,False,False,h6h2 g4g5 c2b2,0.02017498016357422
M4,2,sm1C1,5,failed,False,False,f5e7 d8f8 c1h1,0.019974946975708008
M4,2,Yg3ZH,5,failed,False,True,h5e2 g3g7 g8h8 g7h7 h8h7 a1g1 e2h2,0.10046887397766113
M4,2,g98bi,5,failed,False,True,d3d2 g1g8 h8h7 g8h8 h7h8 a8c8 d2d1q,0.05965900421142578
M4,2,lPSHz,5,failed,False,False,a7a6 f7b7 b8b7 a4c6 b7c6 f1b1 d3b1,0.16615009307861328
M4,2,UDHjt,5,failed,False,True,h4g2 d5e7 g8h8 h2h7 h8h7 a1h1 g2h4 h1h3 f4h3 f2g3,0.15127992630004883
M4,2,dZrPH,5,failed,False,True,f7e8 f4f8 e8d7 f8d6 d7c8 d6b8 b7b8 a3d6 a1a2 f2g3,0.23518800735473633
M4,2,eHHNc,5,failed,False,True,h8e8 e1e8 b8a7 e8a8 a7b6 a8a6 b6b5 a6c6 h2f2,0.0772247314453125
M4,2,7NV69,5,failed,False,False,g8g3 c3e5 d6e5 c1h6 e2g2,0.0913541316986084
M4,2,9En7w,5,solved,True,True,a4b2 h1h8 g8h8 d1h1 h8g8 h1h8 g8h8 c1h1 h8g8 h1h7,0.09474873542785645
M4,2,KiNcJ,5,failed,False,False,g8h8 d6f7 f8f7 d5d8 g5d8 d1d8 a8d8 h2h4 b2c1,0.22248506546020508
M4,2,cHUb8,5,solved,True,True,d8f8 f4f7 f8f7 c7c8 f7f8 g2d5 e2e6 d5e6 g8h8 c8f8,0.09467196464538574
M4,2,gD4i0,5,failed,False,True,c6d4 g5g7 g8h8 g7h7 b1h7 h5e5 e8e5 c1h6 h7c2,0.1810760498046875
M4,2,64uIK,5,failed,False,False,f8e8 h3h7 f6h7 g6h7 g8h8 e3d4 e5d4 c4c5 d6c5 d1d4,0.3152461051940918
M4,2,4mne6,5,failed,False,True,h8g8 f7g7 g8h8 g7g5 e6e5 c3e5 h2e5 g5g8 f8g8 e3e4,0.2610459327697754
M4,2,7eMrg,5,failed,False,False,e8g8 g5f6 e5f6 h6g7 g8g7 h1h7 g7h7 g1h1 d5d3 b1c1,0.26677799224853516
M4,2,tfUlD,5,failed,False,True,c7d8 f5g5 e5g6 f6g6 h7g6 h5g6 d8g5 g6g7 g8g7 d5f7,0.2566258907318115
M4,2,lz2lh,5,solved,True,True,g4e2 c4f7 f8f7 c1c8 d2d8 c8d8 e3e8 d8e8 f7f8 f1f8,0.0933222770690918
M4,2,66iky,5,failed,False,True,e4e2 c3f6 g6h5 f1f5 d5g2,0.037012338638305664
M4,2,6ibzT,5,solved,True,True,c8c2 b7f7 f8f7 b5b8 c2c8 b8c8 h4d8 c8d8 f7f8 f1f8,0.09067606925964355
M4,2,LI2iZ,5,solved,True,True,g6g5 f4f6 f7g6 f6f8 h6h5 g2g4 h5h4 f8h6 g6h5 h6h5,0.09010124206542969
M4,2,nsUOv,5,failed,False,True,e7e3 f3f7 g8h8 f7e8 e3e8 f1f8 e8f8 g5g6 c4c1,0.1410839557647705
M4,2,YSVNq,5,failed,False,False,f7g6 d7e6 c2g2 g1h1 d5h5 e6h3 h5h3,0.10056185722351074
M4,2,XBii0,5,failed,False,False,h6g7 e3h6 g7h6 e7g6 d8d2 h2h3 d1h1 h3g4 h1h5,0.1666700839996338
M4,2,J92G1,5,failed,False,True,g8h8 f1h1 d6h2 h1h2 h8g8 h2h7 f6g6 h7h8 g8h8 d1h1,0.20003414154052734
M4,2,tBJwL,5,failed,False,False,a8d8 f1f7 e7f7 b6c6 h4e1 g1g2 h5f4,0.11340904235839844
M4,2,lceeZ,5,failed,False,True,a8e8 b7g7 g8g7 f1g1 e8e5 g1f1 e5f5 f1f2 c4f1 f2f1,0.20971012115478516
M4,2,pwU1U,5,failed,False,True,c7b7 h5h7 g8h7 h2h3 h7g8 h3h4 f7f8 d2g5 f6g5 g6e7,0.25493717193603516
M4,2,pgzZe,5,failed,False,True,f8e8 f5h6 g8g7 f1f6 g7f6 h6f7 d6g3 d2g5 f6f7 g5f6,0.19649314880371094
M4,2,5txLd,5,failed,False,False,f8e7 h8g7 d8f8 g7f7 f8f7 d4f5 f7f5 e5e6 c5c3 a4f4,0.31268310546875
M4,2,fF00p,5,failed,False,True,h7g6 h5g6 g7f8 g6f6 d4f6 f5e6 f6f2 g1h1 e8e6 e4e5,0.17769813537597656
M4,2,bg5vX,5,failed,False,False,c3d4 c1c6 f8d7 b1c1 e8g8 b7c8 d8c8 a6c8 d7c5 h4g6,0.3143470287322998
M4,2,6tcFH,5,failed,False,False,d8a5 h7h8 a5a1 b1c2 c6d4 c2c3 b2b1q c3d2 b1a2,0.19135499000549316
M4,2,lIjJV,5,solved,True,True,e6d5 h3h7 h8h7 f4h4 g5h5 h4h5 h7g6 h5h6 g6g5 f2f4,0.09089183807373047
M4,2,hfqzY,5,solved,True,True,e8e2 c1c8 f6e8 c8e8 e2e8 e1e8 f7f8 e8f8 g8h7 f8h8,0.08968687057495117
M4,2,cl4DD,5,failed,False,False,c3d2 e5f7 f8f7 g1h1 f7g7 h7g6 c8c2 h1f1 g7g6 f1h1,0.30808210372924805
M4,2,jK0K6,5,failed,False,True,f6e4 b3f7 f8f7 c7c8 f7f8 d1b3 a6c4 c8f8 g8f8 b3a4,0.14585399627685547
M4,2,1GsHc,5,failed,False,True,e1e4 d8g8 h8h7 h5g6 f6g6 g8h8 h7h8 e7g6 e4g6 h3h4,0.2557859420776367
M4,2,68kEb,5,failed,False,False,d3d4 c1c7 d5c7 g5g7 f8g7 f5f6 g7h7 f6f7 h6h2 f7f8n,0.3139011859893799
M4,2,a2TxH,5,failed,False,False,c8h3 d4c5 f8g7 c5e7 h3g2,0.09226799011230469
M4,2,oGteV,5,failed,False,False,e3e5 f5g5 e5g5 b3f7 e7f7 d3d8 f7f1,0.16701197624206543
M4,2,fgmvL,5,solved,True,True,b4b2 d5e7 g8h8 e5f7 f8f7 a1a8 b2b8 a8b8 f7f8 b8f8,0.0962839126586914
M4,2,CJfNH,5,solved,True,True,c2b2 f5f7 f8f7 a7a8 d2d8 a8d8 f7f8 g4e6 g8h8 d8f8,0.09226822853088379
M4,2,udngN,5,failed,False,True,g7g6 c7h7 h6g5 f3f4 g5f5 a7a5 f5e4 h7c7 b2g2,0.18562817573547363
M4,2,9OsFv,5,failed,False,False,d7g4 b4e7 g4d1 f6f1 d1f1,0.04640984535217285
M4,2,ZWh6M,5,failed,False,False,d8e7 d2b4 b6b4 c2c3 b4b2 e6g5 b2d2 e1f1 d2f2,0.15552306175231934
M4,2,S5t5i,5,failed,False,False,g7h8 f6h6 f7f6 h6h7 c7h7 h5h7 h8h7 f4g4 e6f5 h4h5,0.3108358383178711
M4,2,9sdNR,5,failed,False,True,g7h6 d4g7 h6h5 d1h1 h5g4 h1h3 d8f8 h3h4 g4h4 g7e5,0.2604520320892334
M4,2,gd7im,5,failed,False,False,d7d2 f8f7 h7g6 f4f5 g6f7 f1f3 d2g2 g1h1 g2h2 h1g1,0.313662052154541
M4,2,J9RCx,5,solved,True,True,d7a4 e1e6 f6g5 e7g7 g5h5 g2g4 f5g4 h3g4 h5h4 e6h6,0.09610199928283691
M4,2,lNIgU,5,failed,False,False,g8g3 d4h4 g3g5 f5e4 e5c4 e4d3 b2d2,0.13841891288757324
M4,2,q6Dtk,5,failed,False,False,h4g4 f6f5 g4f5 g2g4 h5g4 h2g1 d5d2 g1h1 c5c1,0.1115262508392334
M4,2,rH6fk,5,failed,False,True,b8b1 g2g4 h5g6 f3e5 g6f6 g4g5 f6f5 e5f7 f5e4 f7d8,0.25509190559387207
M4,2,FAK7x,5,failed,False,True,h3g2 a8b8 c8b8 a1a8 b8a8 c2a2 e6a2 f3g4 e7h4 f2f3,0.20513463020324707
M4,2,VvuYG,5,solved,True,True,a8c8 h6g7 h8g7 h3h7 g7h7 d5f7 h7h8 g1h1 e7h4 h1h4,0.09720897674560547
M4,2,fXuxP,5,failed,False,False,c8d7 g7f7 f1f7 e7f6 h8g8 f6d8 a2g2,0.13666510581970215
M4,2,6jXzx,5,failed,False,False,d7b7 h1h8 g8h8 e2h5 g6h5 d2h6 g7c3 e1f1 b7b1 h6c1,0.2952539920806885
M4,2,VMYh0,5,solved,True,True,e3f1 e2h5 h8g8 h5h7 g8f8 h7h8 f8e7 h8g7 e7d6 g7e5,0.09733390808105469
M4,2,sEI2f,5,failed,False,False,a6b5 e3a3 b7d5 e8e4 d5e4 a3f3 e4f3,0.08465385437011719
M4,2,Lf1ix,5,failed,False,True,e5e1 g2g7 g8h8 g7h7 h8h7 g1g7 h7g7 a2a4 b4b3 b1a1,0.1900038719177246
