system,seed,case,n,status,solved,first_ok,moves,sec
M1,2,hqIoM,1,failed,False,False,e5g4 d5f6,0.11202597618103027
M1,2,k6dpr,2,solved,True,True,d6a3 e3h6 h8g8 h6g7,0.1600780487060547
M1,2,TyQfi,1,failed,False,False,f7f6 e8f7,0.0193936824798584
M1,2,lh6m9,2,failed,False,False,f6g5 b6g6 g5g6 d3f5,0.0736231803894043
M1,2,afUS9,1,solved,True,True,e4d3 g4g7,0.01853799819946289
M1,2,2fYsq,1,failed,False,False,h6g5 d4f5,0.018800973892211914
M1,2,VmW3s,1,solved,True,True,d7e6 h6h7,0.018899202346801758
M1,2,A4SSD,1,solved,True,True,f7e7 h5h7,0.019391298294067383
M1,2,lbYsA,1,solved,True,True,h1a1 d2g5,0.018253087997436523
M1,2,eeAhw,1,solved,True,True,c4b4 d1d6,0.018256187438964844
M1,2,Bjwtw,3,solved,True,True,c8f5 e4a8 f5c8 a8c8 e7d8 c8d8,0.16991877555847168
M1,2,ujt4M,2,solved,True,True,d4a1 e5g6 h7g6 e3h3,0.05411982536315918
M1,2,K6TqV,2,solved,True,True,f1h2 d3h7 g8f8 h7h8,0.05092978477478027
M1,2,XR5LT,1,solved,True,True,d7c5 b5c7,0.019234895706176758
M1,2,NKIvR,3,solved,True,True,h7h5 h3h5 g6h5 h1h5 f4h6 h5h6,0.08458209037780762
M1,2,qZiGr,1,failed,False,False,h2e2 a7a8,0.018298864364624023
M1,2,X6rPL,2,solved,True,True,a8g8 e6g8 h8g8 f1f8,0.0519711971282959
M1,2,DOKo1,1,solved,True,True,e8d8 e5b8,0.01810479164123535
M1,2,ggHID,2,solved,True,True,g8g7 d3h7 g7f8 h7h8,0.049807071685791016
M1,2,2TwW1,1,solved,True,True,d7e5 c2h7,0.018403053283691406
M1,2,dxy0q,1,solved,True,True,f6g8 h6f7,0.01885819435119629
M1,2,AYNH5,1,failed,False,False,g5f4 b7f7,0.01871204376220703
M1,2,r2KUG,1,failed,False,False,e7e6 d5c5,0.018543243408203125
M1,2,u6YDW,2,solved,True,True,g8g7 f7f8 g7g8 g5f7,0.05060386657714844
M1,2,aQXoi,2,solved,True,True,c7c6 b5c6 e7c7 a6a8,0.04978203773498535
M1,2,7Ucx1,2,solved,True,True,e7f5 e4f6 d8f6 h6h7,0.04943513870239258
M1,2,556fD,1,solved,True,True,g8g7 a8h8,0.01861095428466797
M1,2,D0VJR,1,solved,True,True,a8a7 d1d8,0.018542051315307617
M1,2,qkNI2,3,failed,False,True,b6d4 d3h7 g8h7 d1h5 h7g8 e5g6,0.07913899421691895
M1,2,8LWk6,1,failed,False,False,e6d5 a4c6,0.01806783676147461
M1,2,4fSbf,1,failed,False,False,e7e5 d1d8,0.018392086029052734
M1,2,whsmx,1,failed,False,False,e7c8 f6g6,0.019031047821044922
M1,2,fcsLs,2,failed,False,False,c1g1 f3f7 g8f7 d5e7,0.10596990585327148
M1,2,IVkAk,1,solved,True,True,f6g6 h5h8,0.01882195472717285
M1,2,sKHQB,2,solved,True,True,a8c8 e7f7 g8h7 f7g7,0.05147218704223633
M1,2,albPE,2,failed,False,False,e3d2 f7c7 d5c7 g3c7,0.1042788028717041
M1,2,vXiIM,2,solved,True,True,e4c3 d1d8 e6e8 d8e8,0.048365116119384766
M1,2,suxCB,2,failed,False,False,g7g6 f5f6 d7f6 e1e8,0.10537505149841309
M1,2,C151V,3,solved,True,True,d7e7 a1a8 b7b8 a8b8 e7e8 b8e8,0.07811784744262695
M1,2,SbU9r,2,failed,False,True,f2g3 d7f7 g8h8 f7f8,0.050595998764038086
M1,2,I26jB,2,solved,True,True,b1f1 e4f6 h7h8 f7f8,0.048660993576049805
M1,2,oppgy,1,failed,False,False,d6c5 b7a8,0.01826000213623047
M1,2,BB8jl,1,solved,True,True,e3b3 b4f8,0.018837928771972656
M1,2,W9VuK,2,failed,False,True,h4f5 d3e4 f4g3 e4d5,0.05110311508178711
M1,2,AobjA,2,solved,True,True,g2a2 f1h1 a2h2 h1h2,0.0499567985534668
M1,2,R9nbR,4,failed,False,False,g8h7 g6h6 d2h6 f1f5 h6h3 h1g1 h3g2,0.13979601860046387
M1,2,0TyOf,1,solved,True,True,f5e4 f8f3,0.01827716827392578
M1,2,FUDbs,5,solved,True,True,g8h8 d1h5 h8g8 h5h7 g8f8 h7h8 f8e7 h8g7 e7e6 g7f7,0.3026707172393799
M1,2,891DR,1,solved,True,True,c8c2 a4e8,0.018846988677978516
M1,2,P3ioK,2,failed,False,True,d2b2 c8a8 e6a6 a8a7,0.0514528751373291
M1,2,SP9ub,2,failed,False,False,e7d7 g8a8 d7f7 f5e4,0.10454177856445312
M1,2,hhbSf,3,failed,False,False,c6b5 c5c7 f6d7 c7c8 h8c8 a5d8,0.19276881217956543
M1,2,o4YuC,2,solved,True,True,c2d4 h3h8 e3e8 h8e8,0.046777963638305664
M1,2,qaFdI,2,solved,True,True,f4g3 b4f8 c8c7 f8d8,0.04870176315307617
M1,2,uYu2z,1,failed,False,False,f7e6 h5h7,0.01875782012939453
M1,2,DiKTi,2,failed,False,True,a6c7 e2h5 h7g7 h5h6,0.05107998847961426
M1,2,K1xcc,2,failed,False,False,e5g4 h3g4 h5g4 f6f5,0.10425233840942383
M1,2,pjTL2,1,solved,True,True,c5d4 c6e7,0.018406152725219727
M1,2,ZGn4Y,1,solved,True,True,g6g5 f3f4,0.01822185516357422
M1,2,kEsGW,1,failed,False,False,h5d5 c6a8,0.01871514320373535
M1,2,FU3dp,3,failed,False,False,f7g6 d7e6 b2e5 e6f5 e5f5 g4f5,0.1953258514404297
M1,2,PgNHa,1,solved,True,True,c7c4 d4g7,0.018450021743774414
M1,2,mCD3O,2,failed,False,False,d2d1 e3e5 d7d3 e5g5,0.10718703269958496
M1,2,lR1Ch,1,solved,True,True,h7h5 g4g6,0.018028974533081055
M1,2,RkToJ,2,solved,True,True,f5h3 d6f8 f7f8 f1f8,0.05178999900817871
M1,2,5k7Fh,2,solved,True,True,d8f8 e4f6 g8h8 h6h7,0.04911494255065918
M1,2,ICNA0,2,solved,True,True,d2c4 d1d8 f6e8 d8e8,0.04950404167175293
M1,2,xXU0e,1,failed,False,False,b5b4 f2a7,0.017853975296020508
M1,2,37WT3,3,failed,False,False,e7d6 d5e7 d6e7 e4h7 g8h7 h2h3,0.19441509246826172
M1,2,HdZqe,1,solved,True,True,e7e6 g3g7,0.01815199851989746
M1,2,Q7rli,3,solved,True,True,c3e3 b7f7 g8h8 f7f8 c8f8 f1f8,0.07835912704467773
M1,2,9v2ib,2,solved,True,True,d8d2 b7f7 f8f7 e1e8,0.04848837852478027
M1,2,QTQbI,1,failed,False,False,c8f5 h4h7,0.01733684539794922
M1,2,lUAza,2,solved,True,True,a6b5 a5a7 b8c8 a7a8,0.05023622512817383
M1,2,9RL87,2,failed,False,False,d7d6 e3f4 h5h4 a4c6,0.10418820381164551
M1,2,N6oJK,2,failed,False,False,e2g2 h7h8 d7a4 d2b3,0.10697484016418457
M1,2,R0NAX,1,solved,True,True,a4c6 g3g7,0.01862192153930664
M1,2,WDvdd,2,solved,True,True,g3f2 d3d8 f8d8 d2d8,0.05297112464904785
M1,2,cljRD,2,solved,True,True,b4d4 c7f7 g8h8 f7f8,0.04930591583251953
M1,2,Prbnl,1,solved,True,True,f8e7 h8g7,0.018014907836914062
M1,2,AcIoO,2,failed,False,False,h4g3 d1h1 g3f2 a7h7,0.10752511024475098
M1,2,N7p9r,2,solved,True,True,c8c7 b7b8 c7c8 b8c8,0.04878377914428711
M1,2,LRl9k,1,failed,False,False,e5e3 h4g6,0.017534971237182617
M1,2,wdUVx,2,solved,True,True,e8e5 c4a6 c8b8 a6b7,0.05128216743469238
M1,2,D6Kkv,1,solved,True,True,d3b3 e5e8,0.01834416389465332
M1,2,aewA4,2,solved,True,True,f6e4 f3f7 f8f7 d1d8,0.051017045974731445
M1,2,ovBcf,2,solved,True,True,e4g3 e2e8 g8e8 e1e8,0.05014991760253906
M1,2,PjdmG,1,solved,True,True,g7h6 f4h6,0.017570018768310547
M1,2,rGV71,1,failed,False,False,a6c6 d7e8,0.017961978912353516
M1,2,ON3Kf,2,failed,False,False,d8c8 b5a7 c8b8 d4d8,0.10443282127380371
M1,2,6LtSH,2,failed,False,False,c6d4 d6e7 f6g6 e7f6,0.10568594932556152
M1,2,zYLh3,1,failed,False,False,f5f8 h7f6,0.018568992614746094
M1,2,M8GeZ,2,failed,False,False,b7b6 d8f8 d7f8 g6e7,0.10891103744506836
M1,2,CXelK,2,failed,False,False,f7f5 c3b5 e8e4 d4d5,0.10538101196289062
M1,2,9LZ3U,3,solved,True,True,h7g8 h3h8 g6h8 e4f6 g8f8 d2h6,0.07373785972595215
M1,2,OhIcy,1,failed,False,False,g8f7 g2g7,0.01766800880432129
M1,2,aqEaD,3,solved,True,True,h8h7 g3g6 h7h8 g6h5 f8h6 h5h6,0.07706809043884277
M1,2,Y7NgO,3,failed,False,False,e3e2 e5g7 h8g7 f1f7 b3f7 g3g4,0.13454103469848633
M1,2,5LaYP,2,failed,False,False,f3f1 e7c7 c6c7 d4e5,0.10582399368286133
M1,2,jks1R,2,solved,True,True,b5e2 f3f7 g8h8 f7g7,0.04608893394470215
M1,2,rfydj,2,solved,True,True,h8g8 h5h7 g8f8 h7h8,0.04795694351196289
M1,2,I240S,1,failed,False,False,e7f7 c8f8,0.017949819564819336
M1,2,YhMcy,2,failed,False,False,g4e3 d1d8 e8d8 h4h5,0.10392975807189941
M1,2,rW7nv,2,failed,False,True,c1f1 h1h8 g8f7 b6b8,0.04854917526245117
M1,2,AeUbM,2,failed,False,False,d2f2 h6h8 g8g7 h4f6,0.10361194610595703
M1,2,SQgg8,1,failed,False,False,a3b5 g3g7,0.018337011337280273
M1,2,mwg1y,4,solved,True,True,h6h5 a7h7 h5g4 h7h4 g4h4 f8h6 h4g4 h6g5,0.10564780235290527
M1,2,7OsyB,2,failed,False,False,e7d6 c6a8 c8d7 a8c6,0.10579204559326172
M1,2,5mlgE,2,failed,False,False,b2f2 g4g7 f8g7 h6g7,0.10478425025939941
M1,2,h3Lp3,2,solved,True,True,b6c6 g4f6 g7f6 c2h7,0.051201820373535156
M1,2,C0HGb,2,failed,False,False,b8c7 a6b5 e7f6 b5c6,0.10298800468444824
M1,2,RYVDe,2,solved,True,True,f4h6 e4f6 h7h8 f7e8,0.048604726791381836
M1,2,sCRZa,3,solved,True,True,d1d2 b7f7 g8h8 f7f8 d8f8 f4f8,0.07765793800354004
M1,2,mn0py,1,solved,True,True,e8e7 c7e7,0.01823282241821289
M1,2,jbgxG,3,failed,False,False,d5f4 g5h6 c6h6 e7e8 a8e8 e1e8,0.18997502326965332
M1,2,wY0ck,2,failed,False,True,a3d6 g4g5 f6f5 c7h7,0.04985308647155762
M1,2,ymsSe,3,failed,False,False,h5g6 c5c8 a2f2 f1g1 f6d7 e5e8,0.1920030117034912
M1,2,O2QMj,2,failed,False,True,e1c3 g5g6 f7e7 g6g7,0.04814267158508301
M1,2,XRKFi,3,solved,True,True,d3c3 e8f8 g8f8 e5d7 f8g8 e1e8,0.07355308532714844
M1,2,gMpO0,1,solved,True,True,c7d6 h4h7,0.01792287826538086
M1,2,Nt4a1,1,solved,True,True,a8e8 g7f7,0.017756223678588867
M1,2,6Fk2R,2,solved,True,True,d7b6 d6d8 e7e8 d8e8,0.05004596710205078
M1,2,cADfn,2,solved,True,True,f7f6 e1e8 g8f7 e8f8,0.04517984390258789
M1,2,AKlb4,2,failed,False,False,c8f8 f2f8 g8f8 c2c7,0.10517191886901855
M1,2,Vptjp,1,solved,True,True,e7g5 e4h7,0.019754886627197266
M1,2,UWrxT,1,solved,True,True,a8d8 e4h7,0.01884293556213379
M1,2,WMgW7,3,solved,True,True,d8g5 f3f7 g8h8 f7f8 e8f8 f1f8,0.08029913902282715
M1,2,54Pcp,2,solved,True,True,f8f7 h6h8 f6h8 h4h8,0.05048513412475586
M1,2,lDlWS,3,failed,False,True,f7f4 h4g6 h7g6 d5g8 h8g8 b3b8,0.13381600379943848
M1,2,24zdl,1,solved,True,True,g7h7 f6f7,0.01903986930847168
M1,2,y97oA,2,failed,False,False,f3b3 g2g6 h7g6 h6g7,0.10323095321655273
M1,2,1yfsa,2,solved,True,True,f8e8 h4h7 g8f8 h7f7,0.05178213119506836
M1,2,hqhZp,3,solved,True,True,c5g5 d7f7 f8f7 e1e8 f7f8 e8f8,0.07592272758483887
M1,2,8ixfI,2,failed,False,False,f7c7 e3e6 c7c1 b1a2,0.0721747875213623
M1,2,eABG8,1,solved,True,False,b2a1q g4h6,0.018446922302246094
M1,2,mwVmn,2,solved,True,True,h7h5 c1c8 g8h7 c8h8,0.04996180534362793
M1,2,jbF3R,4,failed,False,True,g6f5 h1h7 g7h7 d1h1 h7g6 h1h6 g6h6 e6f6,0.22916507720947266
M1,2,3himt,2,failed,False,True,e3e2 e4e8 h8g7 e8f8,0.04960513114929199
M1,2,aZW7R,3,solved,True,True,b3b6 e6e8 g6e8 e2e8 d7f8 e8f8,0.07610607147216797
M1,2,M9HjN,1,solved,True,True,a6d6 e4h4,0.017015695571899414
M1,2,DQjJH,1,solved,True,True,e5f4 g3g7,0.017506122589111328
M1,2,wy8aP,1,failed,False,False,h8g8 a8f8,0.018134117126464844
M1,2,8FXQx,2,failed,False,False,g8f8 e7g6 f8f7 g6e7,0.10518503189086914
M1,2,IS8Wv,3,failed,False,False,a5a6 d6e6 a6e6 f6g7 e6g6 g7h8,0.19482994079589844
M1,2,BTlQJ,2,solved,True,True,f8g8 g3h3 f6h5 h3h5,0.057967185974121094
M1,2,11Xl6,1,solved,True,True,d7e8 f7f8,0.01847696304321289
M1,2,tuqMX,3,failed,False,False,a8b8 d1d8 c6d8 e4c6 d8c6 h1h7,0.1925508975982666
M1,2,ZJb73,2,failed,False,False,f8f7 g2g6 e3h3 h2g1,0.053388118743896484
M1,2,uaGZk,1,solved,True,True,h3h7 b1b8,0.01758289337158203
M1,2,JcEph,3,solved,True,True,d2e2 f4f7 g8h8 f7f8 e8f8 f1f8,0.08010292053222656
M1,2,lxXLD,2,failed,False,False,b4d2 h7f6 d2h6 h4h6,0.10638785362243652
M1,2,IRN5e,1,solved,True,True,c4e6 g4g7,0.018347978591918945
M1,2,dOXsp,1,failed,False,False,a8d8 f1a6,0.017913103103637695
M1,2,ZUWtt,3,failed,False,True,b6c5 e3e8 d8e8 e1e8 g8h7 d4g7,0.07908320426940918
M1,2,4KjKs,1,solved,True,True,g8e7 c2c7,0.018379926681518555
M1,2,CfKgq,2,solved,True,True,f8h6 e1e7 d8c8 e7c7,0.05021810531616211
M1,2,KH78K,2,solved,True,True,g3f2 f3f7 g8h7 f7g7,0.051377058029174805
M1,2,qwodg,2,failed,False,False,d7d5 e5f6 f8f6 d2h6,0.10536766052246094
M1,2,YUH9Q,1,failed,False,False,f4h2 e6f6,0.01798105239868164
M1,2,a4zeM,4,failed,False,True,f8f7 d1d8 f7f8 d8f8 g8f8 h5f7 f8f7 f4d6,0.1653602123260498
M1,2,TCEyG,2,solved,True,True,b2a1 d1d7 e8f8 d7f7,0.05501198768615723
M1,2,f3jwf,2,failed,False,False,c6c3 b2b5 a6b5 c1a1,0.10787725448608398
M1,2,qNhbF,3,solved,True,True,f8e8 e2e8 d8e8 e1e8 g6e8 b7g7,0.0863199234008789
M1,2,x0jFP,2,solved,True,True,b2a2 h4h6 g7h6 g6h6,0.05402112007141113
M1,2,i4ENZ,3,failed,False,False,a8e8 f4f7 e8e1 f7f1 e1f1,0.055403947830200195
M1,2,PtZsv,2,solved,True,True,f5c2 f3f7 e8d8 g5e6,0.04893898963928223
M1,2,HvMnE,2,solved,True,True,h6f8 f2f8 d6d8 f8d8,0.05183100700378418
M1,2,5HceD,2,solved,True,True,f7g7 e6e8 d8e8 e1e8,0.06283402442932129
M1,2,AeY7B,2,failed,False,False,g4h3 c4h4 h3h4 e2e4,0.10760498046875
M1,2,mOM2L,1,solved,True,True,g6d3 g4g7,0.018561124801635742
M1,2,PKNgE,1,solved,True,True,f6d5 f5h7,0.019608259201049805
M1,2,DM5OK,2,solved,True,True,d4d3 g6h6 g7h6 b6h6,0.052024126052856445
M1,2,QaTBd,1,solved,True,True,b1b2 f7e8,0.01778411865234375
M1,2,iepMy,2,failed,False,False,c6e4 d3e4 e5e4 g6g7,0.10586810111999512
M1,2,DUHs5,1,solved,True,True,a7g7 f6g7,0.01863884925842285
M1,2,rBDof,2,solved,True,True,b7f3 h4h6 f6h7 h6h7,0.05313992500305176
M1,2,l6Kvs,1,solved,True,True,e6e5 f4g6,0.01919102668762207
M1,2,dpWj7,1,solved,True,True,h4f5 f2f4,0.01911783218383789
M1,2,EDcEo,2,failed,False,False,e7e6 h6f7 f8f7 g5g8,0.10808515548706055
M1,2,duwNx,2,solved,True,True,b4a4 c7f7 g8h8 f7f8,0.05141186714172363
M1,2,oN5X9,2,failed,False,False,d8d2 b1b8 a8b8 g7g8,0.10537219047546387
M1,2,giysy,2,solved,True,True,f8g8 d1h5 g7h6 h5h6,0.0525357723236084
M1,2,4nUz6,2,solved,True,True,f7e6 d1g4 g8f7 g4g7,0.05005216598510742
M1,2,OqiEo,3,failed,False,False,e7e3 h6h7 c1e1,0.019748926162719727
M1,2,O3zKp,3,solved,True,True,b6d4 f3f7 g8h8 f7f8 d8f8 f1f8,0.07914900779724121
M1,2,oddiT,2,failed,False,False,f6e5 b4f8 e8f8 h4g6,0.1033029556274414
M1,2,K0nDx,2,failed,False,True,f4g3 e1e8 g7g8 e8g8,0.05004596710205078
M1,2,6OXTJ,1,solved,True,True,g8f7 h6g7,0.01868891716003418
M1,2,okIau,1,failed,False,False,c4a4 f6f8,0.0200958251953125
M1,2,aKdQx,2,solved,True,True,b2a3 g4g5 h6g5 h4g5,0.052539825439453125
M1,2,Ci1ei,4,solved,True,True,c4b3 e7f7 f8f7 d1d8 c6e8 d8e8 f7f8 f4f8,0.11033511161804199
M1,2,5h4cd,2,solved,True,True,c8g4 f3f7 g8h7 f7g7,0.05055522918701172
M1,2,Sx3Uj,2,failed,False,False,d2d4 e6f7 g6f7 g4g5,0.10540390014648438
M1,2,hQpfH,4,solved,True,True,g8h8 g5f7 h8g8 f7h6 g8h8 d5g8 f8g8 h6f7,0.1119081974029541
M1,2,zIj73,1,solved,True,True,a3g3 f4f5,0.018758058547973633
M1,2,ICWp6,2,solved,True,True,e8f8 d7d8 a8d8 d1d8,0.05408906936645508
M1,2,0DYF0,1,failed,False,False,c6d5 g4g5,0.018939971923828125
M1,2,om3XR,1,solved,True,True,g8g7 a8f8,0.01904892921447754
M1,2,9QAcc,3,solved,True,True,g8g7 h1h7 g7h7 d2h2 h7g7 h2h6,0.07858610153198242
M1,2,OWKQ3,3,failed,False,False,f7g8 d5e7 d6e7 d7e8 e7f8 e8f8,0.19357824325561523
M1,2,GoTJy,1,solved,True,True,g8h8 d2h6,0.019147157669067383
M1,2,7Iha7,2,failed,False,True,e2f2 b7b8 g8h7 b8h8,0.05176496505737305
M1,2,GrSXs,1,solved,True,True,f6g5 c2h7,0.01801896095275879
M1,2,b6uPl,1,failed,False,False,h5c5 b6d7,0.01890397071838379
M1,2,wDmxs,3,failed,False,True,e7e8 c4d6 e8f8 d7d8 f8e7 d6f7,0.08021187782287598
M1,2,iNuEI,2,failed,False,False,e6d5 b7f7 d5f7 f1f7,0.10753607749938965
M1,2,xLnum,2,failed,False,True,g7h8 d2h6 f6h7 h6h7,0.05061006546020508
M1,2,4k6AO,2,failed,False,False,g8h8 g5f6 b4b3 g6g7,0.10518908500671387
M1,2,3JoDy,1,solved,True,True,e8e7 d1d6,0.01889491081237793
M1,2,XVp5w,1,solved,True,True,g4d1 c4f7,0.019259929656982422
M1,2,KZjas,1,solved,True,True,e8d7 g6e6,0.02037811279296875
M1,2,9Jpq0,1,solved,True,True,f7e6 d3g6,0.019214153289794922
M1,2,2hIXp,2,failed,False,False,c6d4 f4f7 e8f7 e4d6,0.1041560173034668
M1,2,yThwa,2,failed,False,True,g7a1 f2f7 g8h8 f7f8,0.05020594596862793
M1,2,8vzsS,2,solved,True,True,a8a2 b6b8 e7e8 b8e8,0.050911903381347656
M1,2,V5TwO,2,failed,False,True,e8e6 f2f7 g8h8 f7f8,0.05027318000793457
M1,2,IaUQu,2,solved,True,True,d5e3 h4g6 h7g6 g3h4,0.04985785484313965
M1,2,9BDr3,3,solved,True,True,d6a6 d5e7 c8b8 d2d8 h8d8 d1d8,0.0756080150604248
M1,2,SQz5N,2,failed,False,False,d6c5 f1f8 g8f8 g3d6,0.10858488082885742
M1,2,yjspP,2,failed,False,False,e5f4 e7e4 b1e4 g2g3,0.10406994819641113
M1,2,W3TgF,1,failed,False,False,c6f3 h8f8,0.019601106643676758
M1,2,827li,2,failed,False,False,b8c6 e5g6 h7g6 f7g6,0.10741114616394043
M1,2,p7QbV,1,failed,False,False,e3e2 h3c8,0.01833486557006836
M1,2,ivwub,2,failed,False,False,b3d4 g6h6 h7h6 f3g5,0.1058809757232666
M1,2,xetqG,1,solved,True,True,d8c6 h3e6,0.018635034561157227
M1,2,Msiau,2,failed,False,True,b2c3 h6h7 g8h8 h4h6,0.05218911170959473
M1,2,JDC1l,2,solved,True,True,a5e1 d1d8 e7e8 d8e8,0.0499117374420166
M1,2,UTdcK,1,solved,True,True,e8e7 h5f7,0.017664194107055664
M1,2,huc0d,1,solved,True,True,d8d7 e4h7,0.018124103546142578
M1,2,lfySZ,2,failed,False,False,e5h5 a6e6 f7e6 d7d8q,0.10662508010864258
M1,2,YaEzG,2,failed,False,True,f5d3 f3f4 e5e4 a6c6,0.05202889442443848
M1,2,nFwPL,1,solved,True,True,d8d7 e4e8,0.019634008407592773
M1,2,G2KkV,3,failed,False,False,g8f8 e5h8 f8e7 h8g7 b2c1 g1h2,0.19539403915405273
M1,2,SkqW5,1,solved,True,True,f1b5 b7f7,0.019170045852661133
M1,2,eovaS,3,solved,True,True,a8g8 h1h7 h8h7 f3h3 h7g6 h3h6,0.08246684074401855
M1,2,fUlaZ,2,failed,False,False,f6g7 f5h5 g7h6 h5h6,0.10473179817199707
M1,2,1fZTC,2,solved,True,True,b3a2 e6h6 g7h6 d2h6,0.05008101463317871
M1,2,EEXmu,3,solved,True,True,d2d1q b6b7 a8a7 b7b8q a7a6 b8b6,0.07358407974243164
M1,2,qWlsh,1,failed,False,False,f7g6 d5f6,0.018391132354736328
M1,2,q0paG,2,solved,True,True,e4f2 h4h7 g8f8 h7h8,0.04996824264526367
M1,2,TYdr2,1,failed,False,False,g6f6 g5e4,0.01765894889831543
M1,2,a5ozU,1,solved,True,True,g8b8 a6c7,0.018006086349487305
M1,2,QLBAg,2,failed,False,False,h3g2 h5g6 f7g6 f6f7,0.10670590400695801
M1,2,eei8y,2,failed,False,False,a8e8 b7g7 g6g7 e3e8,0.10607099533081055
M1,2,GhGXq,2,solved,True,True,f8b8 c4f7 h7h8 f7g7,0.0510411262512207
M1,2,tvUBH,2,failed,False,False,b2h2 e3d4 b3d4 c3d4,0.10490179061889648
M1,2,1jiv2,2,solved,True,True,g4d1 c4f7 e8e7 c3d5,0.04897880554199219
M1,2,AapBt,1,solved,True,True,f6e4 f3f7,0.018140077590942383
M1,2,MXYI8,2,solved,True,True,h5f5 b7h7 h6g5 h7h4,0.04986429214477539
M1,2,A2xeZ,1,solved,True,True,e5g3 f5h7,0.018156766891479492
M1,2,OiuCc,1,solved,True,True,f6h5 c4f7,0.019329071044921875
M1,2,GVepH,2,failed,False,False,d4d3 f6f3 c6f3 e1e4,0.10551285743713379
M1,2,T9Vbs,1,solved,True,True,c3a5 g2g7,0.019526004791259766
M1,2,mCTtL,2,solved,True,True,e6d5 e3e8 c8e8 e1e8,0.053637027740478516
M1,2,llvLC,2,failed,False,False,e7g5 f4f7 e8f7 b5d6,0.10732221603393555
M1,2,PyJyb,2,failed,False,False,a8d8 b7d7 d8d7 h3d7,0.10366106033325195
M1,2,6Mh5o,2,failed,False,False,d8e8 e1e8 c6e8 a7a8,0.10732913017272949
M1,2,2A2zz,2,failed,False,True,e8d7 g8f7 d7c6 f7e6,0.04719209671020508
M1,2,gDyew,2,failed,False,False,f6e8 b2g7 e8g7 h3g5,0.10532498359680176
M1,2,7ofzl,2,solved,True,True,f7g6 c2g6 g7f8 g6g7,0.04986310005187988
M1,2,tsL31,1,solved,True,True,f8f6 h4f6,0.01781773567199707
M1,2,6MkYR,3,solved,True,True,g8h7 c2h2 e6h3 h2h3 h7g8 h3h8,0.07737302780151367
M1,2,5xLiE,1,failed,False,False,b7b6 h5f7,0.018225908279418945
M1,2,jHUiB,1,failed,False,False,c8c7 b1b7,0.018124103546142578
M1,2,NrNIt,2,solved,True,True,a8e8 e1e8 d7f8 d5e7,0.050727128982543945
M1,2,QmnyR,3,failed,False,True,f8f4 h3h8 f4f8 c5a5 f8h8 a5a6,0.13545775413513184
M1,2,JReTK,4,solved,True,True,a8d8 h1h7 g7h7 c7f7 h7h8 d1h1 e5h2 h1h2,0.10651898384094238
M1,2,7Wa0y,2,solved,True,True,f4d3 d2h6 g7g8 h6h8,0.05093193054199219
M1,2,My1Ts,1,solved,True,True,c5d4 h5e8,0.01843094825744629
M1,2,WNVP9,3,failed,False,True,b4c3 e6e8 g8f7 e4e6 f7g6 e6f6,0.1407029628753662
M1,2,CYEq0,3,failed,False,True,g8g7 h5e8 g7g8 e8g8 h8g8 g5f7,0.13405585289001465
M1,2,D0YsM,2,failed,False,False,f5g4 c1f4 h2f4 f7h5,0.10280489921569824
M1,2,nfyqk,1,solved,True,True,f5g7 g8h8,0.017794132232666016
M1,2,7KZt5,2,failed,False,False,e5d4 f3f6 f8g7 f6d8,0.10258889198303223
M1,2,0RXFe,1,solved,True,True,c5d4 c2h7,0.01817011833190918
M1,2,Uv56L,2,solved,True,True,a3a2 b4b8 e6c8 b8c8,0.049868106842041016
M1,2,1DZCV,2,failed,False,True,a8d8 d3g6 g8h8 g6g7,0.04982399940490723
M1,2,YYMmo,2,solved,True,True,f8g8 h6h7 h8h7 d2h6,0.04742026329040527
M1,2,pWmaP,2,failed,False,False,f2h1 g5e7 f8e7 e1e2,0.10358405113220215
M1,2,8Eaxa,1,failed,False,False,d6c5 f4c7,0.018322229385375977
M1,2,cfo50,1,failed,False,False,f8f6 g4h6,0.018464088439941406
M1,2,6iVFf,2,failed,False,False,f2b2 d3a6 e4f2 d1e1,0.10444808006286621
M1,2,XRhTS,1,solved,True,True,g8g7 c3g7,0.017673254013061523
M1,2,aAsR7,1,failed,False,False,e8e6 f6f7,0.018455982208251953
M1,2,WAoam,1,solved,True,True,g4h3 g3g7,0.017746925354003906
M1,2,Hpdzj,1,solved,True,True,d6b6 e4h7,0.018629074096679688
M1,2,sbwKs,3,failed,False,True,e8e7 d3d8 e7e8 d8e8 f8e8 e1e2,0.14009976387023926
M1,2,jtJog,2,solved,True,True,e8d6 g6f8 h7g8 e4h7,0.04798722267150879
M1,2,XPedG,1,solved,True,True,d7c6 e7c7,0.01957106590270996
M1,2,8Kinj,2,solved,True,True,h6e6 e8f8 f7f8 f1f8,0.05248570442199707
M1,2,VHzhe,3,failed,False,False,f8g7 f3f6 e6f6 g4h6 d7d1 h1h2,0.1911468505859375
M1,2,TcPki,2,solved,True,True,b5c4 c6e7 g8h8 f1f8,0.05104374885559082
M1,2,ikOoD,2,solved,True,True,e7d5 e3e8 d8e8 e1e8,0.047225236892700195
M1,2,pHbUy,2,failed,False,True,c6d7 h3h7 h8h7 e3h3,0.049469947814941406
M1,2,pzcAJ,3,failed,False,False,e5c4 h5f7 h7h6 f7f8 e8f8 f2f8,0.19445419311523438
M1,2,fEC86,1,solved,True,True,g8f7 a8f8,0.018480777740478516
M1,2,TX2F1,1,solved,True,True,e1e3 g4g7,0.01848912239074707
M1,2,4eBQg,1,failed,False,False,e8g8 g5e6,0.018954038619995117
M1,2,ygZv5,2,solved,True,True,f8d8 e7f7 g8h8 f7h7,0.05024576187133789
M1,2,u86DF,1,failed,False,False,e7c6 b4f8,0.018255233764648438
M1,2,log7U,3,solved,True,True,g6h7 g5g6 h7g8 a6a8 b3b8 a8b8,0.07908892631530762
M1,2,6YyWL,1,solved,True,True,g7f6 f7h7,0.01765608787536621
M1,2,JbfQP,1,failed,False,False,e5e4 g1g7,0.017837047576904297
M1,2,VdCgp,2,failed,False,False,a5a2 b2h8 g8h8 g4h6,0.10260200500488281
M1,2,zim1D,1,solved,True,True,e7e6 g5g7,0.0177001953125
M1,2,E3FRr,2,solved,True,True,f8f2 e6h6 h8g8 h6g7,0.05030012130737305
M1,2,suM2l,2,solved,True,True,h7g8 d1d8 e6e8 d8e8,0.0479731559753418
M1,2,cqWYR,1,solved,True,True,c1d1 g3b8,0.01778888702392578
M1,2,yRAlo,1,solved,True,True,f2f5 g8d8,0.018002986907958984
M1,2,DmRGe,1,solved,True,True,f6h7 c2h7,0.01816105842590332
M1,2,gF1ex,1,solved,True,True,g5g4 a7a8,0.018207073211669922
M1,2,thCqS,2,failed,False,True,f7f6 f2f4 e5f5 g5f6,0.050650835037231445
M1,2,5k5WX,2,solved,True,True,b3c4 b2b8 c6c8 b8c8,0.0488429069519043
M1,2,o8EWD,1,solved,True,True,f2h1 f3b7,0.01744389533996582
M1,2,RmoeX,3,solved,True,True,f8c8 h2h7 g8f8 h7h8 g6h8 h1h8,0.08292508125305176
M1,2,hqi90,3,solved,True,True,f7g7 h5h6 g7h7 h6f8 e7g8 f8g8,0.08197212219238281
M1,2,vSbAY,3,solved,True,True,a6b5 f3f7 g8h8 f7f8 e8f8 f1f8,0.08207106590270996
M1,2,T7KKz,3,solved,True,True,c7e5 f3f7 g8h8 f7f8 c8f8 f1f8,0.07775282859802246
M1,2,mhb0X,1,solved,True,True,h2d2 c7a7,0.018141984939575195
M1,2,SpitR,2,failed,False,True,d1a1 e2e8 g8g7 d2h6,0.05012202262878418
M1,2,LGjMw,2,failed,False,False,b5a4 e7d8 c8d8 f2c2,0.10264825820922852
M1,2,KcZy8,2,solved,True,True,e5d4 c6e8 d8e8 a8e8,0.04964613914489746
M1,2,72vv6,1,solved,True,True,d8e7 h6g7,0.017279863357543945
M1,2,FhX06,1,failed,False,False,c4c2 b7g7,0.018318891525268555
M1,2,ZuDr7,2,solved,True,True,f3h3 d1d8 h8d8 e7d8,0.05086088180541992
M1,2,rb7IX,1,solved,True,True,c6e7 g3g7,0.01764082908630371
M1,2,cAfHf,1,failed,False,False,b6a5 f4c7,0.017454147338867188
M1,2,lBM25,2,failed,False,False,e4c3 f3f7 e8f7 d1d7,0.10300016403198242
M1,2,Qb4i9,2,solved,True,True,d5d4 d7d8 c8d8 g5d8,0.051712989807128906
M1,2,w4rqO,1,solved,True,True,f6e4 g3g7,0.01854085922241211
M1,2,cfXhk,2,solved,True,True,f4f5 h7h8 f5f8 h8f8,0.04978370666503906
M1,2,CpZxv,1,failed,False,False,f7h6 d4e5,0.018008947372436523
M1,2,IaNfl,2,solved,True,True,a8f8 f1f8 h8h7 a2g8,0.051570892333984375
M1,2,viv5R,2,failed,False,False,f7g6 h4h7 h8h7 f5g7,0.10311698913574219
M1,2,fZHhN,2,solved,True,True,f8c8 d3d8 c8d8 d2d8,0.04998779296875
M1,2,y5Xa1,2,solved,True,True,f8f7 d1d8 e5e8 d8e8,0.049616098403930664
M1,2,uOBMr,2,failed,False,False,a2a1 f6g6 f7g6 g4g6,0.10563015937805176
M1,2,NFwzR,1,solved,True,True,g7h6 f7h7,0.018224000930786133
M1,2,EZ8tJ,2,solved,True,True,d4g4 f7f8 a8f8 f1f8,0.05073690414428711
M1,2,emjUY,2,solved,True,True,b3c3 e6e8 b8e8 d7e8q,0.04971909523010254
M1,2,HAodT,2,failed,False,True,f8b4 b5e8 b4f8 e8f8,0.04869818687438965
M1,2,6RM0c,2,solved,True,True,e6f5 e2a6 c8b8 a6b7,0.05159425735473633
M1,2,8MLCn,2,solved,True,True,b3b2 g6h6 g7h6 d5g8,0.0499722957611084
M1,2,4fS3J,1,failed,False,False,g7h6 e7f8,0.017138957977294922
M1,2,WqzRf,4,failed,False,True,f6g7 h1h7 g7h7 d1h1 h7g8 f4h2 c7c2 b1a1,0.21966290473937988
M1,2,y6AtZ,1,solved,True,True,g7f6 a7f7,0.01749897003173828
M1,2,8GKHU,2,solved,True,True,g8f8 h7h8 f8e7 h8g7,0.050798654556274414
M1,2,0NG5N,1,failed,False,False,f7f2 g5d8,0.01800227165222168
M1,2,I2QX5,2,failed,False,False,h6g5 d1h5 h8h5 d3g6,0.10191178321838379
M1,2,mfJPQ,1,solved,True,True,f6e8 e1e8,0.017342329025268555
M1,2,T7pUe,2,failed,False,False,b1c1 e6e8 d8e8 c7c8,0.10520815849304199
M1,2,X6EyY,2,solved,True,True,b4d3 g4c8 e1e8 c8e8,0.05010104179382324
M1,2,JNvJo,2,failed,False,False,g7f6 d3d7 b2c1 g1h2,0.10298919677734375
M1,2,muY2e,1,solved,True,True,d7f6 h7f7,0.018530845642089844
M1,2,nPnkc,1,solved,True,True,a8e8 f7e8q,0.017855167388916016
M1,2,rnAbM,2,solved,True,True,a2c1 f5e7 g8h8 f2f8,0.04896211624145508
M1,2,XlU3b,2,solved,True,True,f8e8 e4e8 c8e8 e2e8,0.04909992218017578
M1,2,BKyD2,2,failed,False,True,g6g5 f7h7 e4h7 d7e8,0.04918503761291504
M1,2,sHel1,3,solved,True,True,d8d7 g5d8 d7d8 d1d8 c6e8 d8e8,0.07386517524719238
M1,2,BBrYh,2,solved,True,True,e8f8 d1d8 e7e8 d8e8,0.050106048583984375
M1,2,LMZyj,1,failed,False,False,d8d6 f4d6,0.01722097396850586
M1,2,NqWAR,2,failed,False,False,a4d4 f6g6 f7g6 g3g6,0.10281801223754883
M1,2,SRg1e,1,solved,True,True,a3a2 d6d8,0.0174410343170166
M1,2,fWkuU,1,solved,True,True,b8c6 h5f7,0.017621994018554688
M1,2,vCNA0,2,solved,True,True,c6e5 b1b8 d7c8 b8c8,0.04880380630493164
M1,2,7q8bV,1,solved,True,True,g4f5 e7g7,0.017115116119384766
M1,2,zQnK4,1,solved,True,True,c6e5 e4h7,0.017966270446777344
M1,2,d5nDU,2,solved,True,True,d7b5 h5h7 h8h7 f4h4,0.0451960563659668
M1,2,9Poz4,1,solved,True,True,f7f8 c1h6,0.017722129821777344
M1,2,g4MHS,2,solved,True,True,b8d8 d1d8 f7f8 d8f8,0.04618978500366211
M1,2,w9AgU,3,failed,False,False,d7c7 g6e6 d6b4 e1d1 g2f1 d1c2,0.15087628364562988
M1,2,lolvy,4,failed,False,False,e7g6 g4g6 e3f4 g3h3 d3f3 g6g3 f4g3,0.14131689071655273
M1,2,bJbjR,4,failed,False,False,b6d4 f3g3 d4d1,0.01995110511779785
M1,2,4xWH0,2,solved,True,True,a8a2 b7b8 e6c8 b8c8,0.04921603202819824
M1,2,ZwTGZ,1,failed,False,False,g6g5 d6d1,0.017558813095092773
M1,2,WdEJ8,1,solved,True,True,f6h8 h1h8,0.01833820343017578
M1,2,P27V2,1,solved,True,True,f6e4 d1d8,0.017792940139770508
M1,2,4UcY2,1,solved,True,True,d6f8 h5f6,0.018171072006225586
M1,2,2TkUE,1,solved,True,True,f7f5 e4d6,0.018416881561279297
M1,2,i2NNB,1,failed,False,False,c5d4 e7e5,0.017858028411865234
M1,2,HT7S9,2,failed,False,False,g6g5 d8g8 d2f4 g8h8,0.10411500930786133
M1,2,gMr4N,3,failed,False,False,e2e1 d6b6 a7b6 d7a7 a8a7 b4a4,0.18743896484375
M1,2,d9814,2,failed,False,False,e3g5 f7g6 g5g6 g2g3,0.10168695449829102
M1,2,dYLUy,2,failed,False,False,c5d6 d7e8 e2e1q,0.019398212432861328
M1,2,S3ygv,2,failed,False,True,d5e4 f3f7 g8h8 f7f8,0.0494382381439209
M1,2,8AS0L,1,solved,True,True,e7d6 e5g6,0.017322063446044922
M1,2,NgZsP,1,failed,False,False,f6d5 c1c7,0.01801776885986328
M1,2,FRmo7,1,failed,False,False,f6e4 h6g7,0.018104076385498047
M1,2,qZFcI,2,solved,True,True,c6d4 e4f6 g7f6 c2h7,0.05004429817199707
M1,2,T0UO8,1,solved,True,True,h6g5 g6h5,0.017366886138916016
M1,2,OTNyh,1,solved,True,True,f6f8 f5f8,0.017555952072143555
M1,2,RMNaD,2,solved,True,True,e5a1 h5e8 c5f8 e8f8,0.04916501045227051
M1,2,uYNZq,2,solved,True,True,c2e1 c5f8 g8f8 d1d8,0.04704594612121582
M1,2,2J0BX,2,failed,False,False,c4f4 g2g7 f7g7 g1g7,0.10091304779052734
M1,2,YuFPl,1,solved,True,True,d4c3 d3h7,0.018253803253173828
M1,2,4FwTX,1,solved,True,True,d7c5 d3h7,0.017745256423950195
M1,2,DN51o,1,solved,True,True,g6f6 g8g5,0.018138885498046875
M1,2,JOFyZ,2,solved,True,True,e7f8 e4f6 g8h8 h6h7,0.048764944076538086
M1,2,q3YGy,1,solved,True,True,e7f6 f5h7,0.017264127731323242
M1,2,1hxX8,1,solved,True,True,c4d3 a8f8,0.01813673973083496
M1,2,KXLGy,1,failed,False,False,f8e8 e7d7,0.0178530216217041
M1,2,DZy56,1,failed,False,False,e7e6 c6d6,0.01841425895690918
M1,2,3tUpl,1,failed,False,False,c5b3 g3h4,0.01808786392211914
M1,2,3jyK4,3,failed,False,True,f8d8 d2d8 f6d8 d1d8 h8h7 h5f6,0.07662320137023926
M1,2,HzgIr,1,failed,False,False,g8h7 g5g7,0.018069982528686523
M1,2,ccbod,1,solved,True,True,f5d5 e7e8q,0.01825261116027832
M1,2,0wLoE,2,solved,True,True,e8e4 b2b8 e4e8 b8e8,0.0479433536529541
M1,2,mfbdl,3,failed,False,True,b7c6 b5c6 d8d7 c6d7 e8d7 b3a4,0.13271403312683105
M1,2,KQy1o,3,solved,True,True,c7c4 f3f7 f8f7 e6e8 f7f8 f1f8,0.07446479797363281
M1,2,2sNJQ,1,failed,False,False,g8f8 g5h7,0.017989158630371094
M1,2,Lv6Df,1,failed,False,False,a8a5 b6d6,0.018079042434692383
M1,2,1c6Nr,3,solved,True,True,c5c4 d7f7 g8h8 f7f8 a8f8 f1f8,0.07747983932495117
M1,2,I9Wne,1,failed,False,False,d4d6 b7b8,0.017904043197631836
M1,2,rC8Qy,2,solved,True,True,h7h6 e4h7 g8f8 h7h8,0.04979205131530762
M1,2,GcxoY,1,failed,False,False,g5f4 h5f5,0.017794132232666016
M1,2,LSevr,2,failed,False,False,e8f8 e3c5 a4a5 c5b4,0.1016080379486084
M1,2,1bd0m,2,solved,True,True,e5c7 h5e8 g7f8 e8f8,0.04737401008605957
M1,2,HAmyW,1,solved,True,False,f7f6 g5h5,0.018071889877319336
M1,2,a6egW,2,solved,True,True,g8g7 d1d8 g6f8 d8f8,0.050292253494262695
M1,2,pBrfK,2,solved,True,True,d8f8 f6f8 a8f8 f1f8,0.04796886444091797
M1,2,QMZ1H,2,failed,False,False,e2g3 b7g7 g8g7 b2f6,0.10184812545776367
M1,2,qSSE2,1,solved,True,True,a2a1q b7g7,0.01755499839782715
M1,2,PhBmK,3,failed,False,False,e1e8 d5d8 e8d8 d1d8 f8d8 a4e8,0.18663382530212402
M1,2,q8ppP,1,solved,True,True,d7c6 h5f7,0.018013954162597656
M1,2,HVA4K,1,failed,False,False,c8a6 b5c7,0.018369197845458984
M1,2,b9Zm9,1,solved,True,True,d6d5 e4f6,0.01818394660949707
M1,2,vmhFW,1,solved,True,True,h8g8 g4h6,0.01775836944580078
M1,2,UJmc3,2,failed,False,True,c7f7 h3h7 g8f8 h7h8,0.049095869064331055
M1,2,Yq5qy,2,solved,True,True,e5c3 d1d8 e6e8 d8e8,0.0485377311706543
M1,2,SIfZD,1,solved,True,True,c8c7 c3b5,0.017180204391479492
M1,2,NJAzn,1,solved,True,True,c7f7 h5h8,0.017793655395507812
M1,2,dXGD1,3,solved,True,True,b4c3 b7f7 g8h8 f7f8 d8f8 f1f8,0.07668900489807129
M1,2,2GxzK,2,solved,True,True,g7g5 c1c6 b7c6 d3a6,0.04839301109313965
M1,2,pEX7G,2,solved,True,True,g8f8 f4h6 f8g8 e1e8,0.048809051513671875
M1,2,2wtKU,1,failed,False,False,g6f6 e8e4,0.017075061798095703
M1,2,TIiy5,3,failed,False,False,f8g8 f5f6 g8g4 d3f5 g4g1,0.10703396797180176
M1,2,yhtQE,1,failed,False,False,c6b4 d5f7,0.017557144165039062
M1,2,9uFnv,2,solved,True,True,d2g5 f7g8 e8g8 h6f7,0.04751110076904297
M1,2,pEtON,2,solved,True,True,h3g3 h4h5 h7g6 d2h6,0.047857046127319336
M1,2,g7f71,1,solved,True,True,e7d6 g7d7,0.017034053802490234
M1,2,Jx9zz,3,solved,True,True,c7f7 g4c8 f7f8 h3e6 g8h8 c8f8,0.07557010650634766
M1,2,S3wxR,2,solved,True,True,g6c2 f3f7 f8f7 b7b8,0.04744696617126465
M1,2,CZexk,2,solved,True,True,h4h3 d5f7 f8f7 d6d8,0.048326730728149414
M1,2,nk9f8,1,failed,False,False,a7c8 d6c5,0.017107009887695312
M1,2,BpNIo,1,failed,False,False,g5h5 h7f7,0.017436981201171875
M1,2,5hW1E,2,failed,False,False,g6g5 c4e6 c8e6 f2f4,0.10307621955871582
M1,2,8oSPA,2,failed,False,False,a8c8 h7h8 f8f2 f1e1,0.10156488418579102
M1,2,pj035,1,failed,False,False,c6c5 d4d8,0.01819014549255371
M1,2,cNyG3,2,solved,True,True,g5h4 d1g4 g8h7 g4g7,0.05067610740661621
M1,2,MUEPn,2,failed,False,False,c7e5 g4e6 e5e6 f1f7,0.10171389579772949
M1,2,rfDaz,2,failed,False,False,b2c3 g6g7 c3g7 f5h6,0.10400509834289551
M1,2,AMvpD,3,failed,False,True,c7d7 h4g5 h6h5 g2g4 f6g4 f5g4,0.07869195938110352
M1,2,84Jz9,2,solved,True,True,d5g2 h5h6 h8g8 h6g7,0.0499730110168457
M1,2,gmFzR,2,solved,True,True,a5c3 d7d8 b8d8 d1d8,0.049494028091430664
M1,2,fiqAX,2,failed,False,False,d6e5 h7h8 c4f1 d2d1,0.10368990898132324
M1,2,cOlXB,2,failed,False,False,f7e8 f5f8 g8f8 c7e7,0.10274386405944824
M1,2,V6xxe,2,failed,False,False,f6d5 d1h5 g7g6 h5h7,0.10428404808044434
M1,2,BGnUV,2,solved,True,True,e8e7 h3h7 g8f8 h7h8,0.04742312431335449
M1,2,pFQfC,2,solved,True,True,a3c3 h4h7 h8h7 g5h5,0.04895329475402832
M1,2,BhONs,1,solved,True,True,a4b2 e1e8,0.017225980758666992
M1,2,d7fi5,1,solved,True,True,g7g6 d5f6,0.01764702796936035
M1,2,KQmRx,2,solved,True,True,c4c3 b3f7 g8h7 f7g7,0.05642390251159668
M1,2,2ENRv,1,solved,True,True,e5d3 g3g7,0.023376941680908203
M1,2,c2Fhq,1,failed,False,False,g5f4 f7d7,0.018806934356689453
M1,2,K1zvZ,2,solved,True,True,a2e2 f5d6 f7g6 c8f5,0.05098700523376465
M1,2,TbK53,2,failed,False,False,g7g8 e1e8 g8f7 c2g6,0.10148477554321289
M1,2,LHa1p,1,solved,True,True,d8f6 h6h7,0.018459081649780273
M1,2,w7ce2,3,failed,False,False,b7b6 d5a8 a7a8 d1d8 c7d8 g2d5,0.18865013122558594
M1,2,wVW1c,2,solved,True,True,f8e8 e3e8 g8f7 e1e6,0.046476125717163086
M1,2,d67uH,2,failed,False,True,d2c2 f7f6 g8g7 f6f8,0.04778099060058594
M1,2,9cAcu,2,failed,False,False,d7d6 e3h6 f6h6 e5d7,0.1026160717010498
M1,2,1bKQj,1,solved,True,True,g7g6 d2h6,0.018208742141723633
M1,2,QWxHM,1,solved,True,True,g6h7 g4g7,0.017846107482910156
M1,2,HSyMs,2,solved,True,True,g5f4 d1h5 e8e7 h5f7,0.04964709281921387
M1,2,xCXFq,2,solved,True,True,c8c2 b7b8 c2c8 b8c8,0.048632144927978516
M1,2,lEWlo,2,failed,False,False,b1b2 f8d8 d7d8 d6d7,0.05150103569030762
M1,2,Zc5Jx,1,solved,True,True,a7f2 e5h8,0.017244815826416016
M1,2,0hJ4j,1,solved,True,True,b6b4 f3f5,0.018290281295776367
M1,2,siJUX,2,solved,True,True,h6g5 h4g5 f6f7 g5g7,0.05057191848754883
M1,2,fNkNF,1,solved,True,True,f8e7 c3f6,0.017024993896484375
M1,2,tuRUi,2,failed,False,False,c4e6 e7f8 g8f8 e5h8,0.1036078929901123
M1,2,bdVoE,3,failed,False,False,c6e5 a4a7 a8a7 a2a3 f5f4 f2e2,0.11803221702575684
M1,2,3u6vR,2,solved,True,True,h8g8 e2e8 a8e8 e1e8,0.04923200607299805
M1,2,m25hU,1,solved,True,True,f7e6 h6g7,0.0179290771484375
M1,2,fu3FT,2,solved,True,True,g6b1 c6c8 g8h7 f3h5,0.04996299743652344
M1,2,9IFaH,2,failed,False,False,f6g5 h3h4 g5h5 c6g6,0.10135602951049805
M1,2,tC3v9,1,solved,True,True,e7g6 e5g7,0.017929792404174805
M1,2,tpneB,1,failed,False,False,b7b5 d7d5,0.01908397674560547
M1,2,98IkQ,2,solved,True,True,f8f7 d1d8 f7f8 f1f8,0.050575971603393555
M1,2,iyKOK,2,failed,False,False,h5f4 d4d8 f4e6 d8f8,0.10236024856567383
M1,2,sMZlk,2,solved,True,True,f5d6 d8f8 g7h7 d7f6,0.04975175857543945
M1,2,7qbwG,1,failed,False,False,h6f4 d4g7,0.017856121063232422
M1,2,brEWJ,1,solved,True,True,h5f7 c3g7,0.018053054809570312
M1,2,ebcvS,2,failed,False,False,g6f7 h3d7 f7g8 f4g6,0.10408806800842285
M1,2,DsxhC,1,failed,False,False,e7d6 e2e6,0.01784992218017578
M1,2,zxL1K,2,failed,False,False,d7e5 g4h6 g8f8 g6g7,0.10314202308654785
M1,2,WXxjR,2,solved,True,True,e8e7 b7b8 e7e8 b8e8,0.04922914505004883
M1,2,Z2GWw,2,solved,True,True,e7f8 d3h7 f6h7 h6h7,0.04925990104675293
M1,2,YkaBf,2,solved,True,True,d4c3 a4c6 c8b8 c6b7,0.0483088493347168
M1,2,SJ66l,1,solved,True,True,e7f5 h6h7,0.017883777618408203
M1,2,vbAzV,2,failed,False,False,g7f6 d4g4 e5h5 g4g5,0.10507822036743164
M1,2,zEtfQ,2,failed,False,False,f2b2 e5e6 e7e6 e1e6,0.10350894927978516
M1,2,Opm7m,1,solved,True,True,a7a6 d5b6,0.018397092819213867
M1,2,FQrO9,2,failed,False,False,g6g7 h5g6 g7g6 h1h6,0.10437607765197754
M1,2,qWF5J,1,failed,False,False,e3c2 c6e4,0.017721891403198242
M1,2,oMtRl,1,solved,True,True,a8f8 f1f8,0.017702102661132812
M1,2,CylTZ,2,solved,True,True,g8h8 g5h6 h8g8 h6g7,0.05064868927001953
M1,2,jNgeI,2,solved,True,True,g8f8 h7h8 g6h8 h1h8,0.04758930206298828
M1,2,18sGF,2,failed,False,True,d8b7 b3b6 a7a8 b6b7,0.05018281936645508
M1,2,adM06,1,solved,True,True,h8g8 h2h7,0.017197847366333008
M1,2,tYopO,5,failed,False,False,d2d1q g4g5 h6g6 b3d1 e2d1 e6f5 g6f5 f2f4 f5f4 g5g6,0.3650400638580322
M1,2,4rFfB,3,solved,True,True,e8e5 f3f7 g8h8 f7f8 c8f8 f1f8,0.07385611534118652
M1,2,3kkne,1,solved,True,True,h7h6 g4h4,0.01834893226623535
M1,2,yfjHN,1,failed,False,False,e8f6 c4d6,0.017841100692749023
M1,2,5x2V7,2,solved,True,True,c7h2 b4f8 h8h7 f8g7,0.047165870666503906
M1,2,uzcbe,2,solved,True,True,e3d3 f6g7 h8g8 d7f6,0.04727792739868164
M1,2,Q9Jfa,2,failed,False,False,e6c8 a6b7 c8b7 e3e8,0.1040642261505127
M1,2,OytOw,2,solved,True,True,d8d4 g3b8 d4d8 b8d8,0.05043816566467285
M1,2,6DH9Z,2,failed,False,False,g8h8 e6e8 c8e8 h1h2,0.10133504867553711
M1,2,7BrGj,1,solved,True,True,b7b6 d4g7,0.018252134323120117
M1,2,NtOqK,1,solved,True,True,g4e2 e5f7,0.017590999603271484
M1,2,jGmSM,3,failed,False,False,a5c7 f3g5 h6g5 f2f3 e3f3 b8h8,0.19132113456726074
M1,2,dpXfT,2,solved,True,True,c1c2 d7d8 g8f7 d8f8,0.05019998550415039
M1,2,oR6nF,2,solved,True,True,f8h6 f1f7 g8h8 f7h7,0.0490870475769043
M1,2,vEWpq,2,failed,False,False,b8b7 e6c8 b7c8 d2d8,0.10135507583618164
M1,2,o5psP,1,solved,True,True,b3a3 f7h7,0.018053770065307617
M1,2,8N06a,2,failed,False,False,c6d4 c2h7 f6h7 h1g1,0.10261034965515137
M1,2,OgTJt,2,failed,False,False,c5d4 f4f7 b7f7 f2f7,0.10579371452331543
M1,2,3j4wa,2,failed,False,True,g7f6 b4f8 f6e6 f8e7,0.04973888397216797
M1,2,oyXcX,2,failed,False,False,f7f6 e2e6 b6e6 f1f6,0.10198616981506348
M1,2,ZYfgb,1,failed,False,False,b8h8 g4g5,0.018052101135253906
M1,2,2jn63,2,solved,True,True,f4g3 b7f7 g8h8 f7f8,0.051279306411743164
M1,2,iSVJg,1,solved,True,True,g8f7 b8f8,0.017774105072021484
M1,2,X33Gm,1,solved,True,True,e4f5 g2g7,0.017288923263549805
M1,2,cQ6VM,2,solved,True,True,b6b5 d7d8 c8d8 d1d8,0.04778909683227539
M1,2,WNPIq,2,failed,False,False,d2c3 e1e7 g5h4 e7g7,0.10547924041748047
M1,2,JRdGR,1,solved,True,False,d7e5 h5h7,0.017964839935302734
M1,2,PqH9y,2,failed,False,True,g7h7 f1f7 h7h8 f7h7,0.04900503158569336
M1,2,HtgzO,2,solved,True,True,g7f8 h4d8 f8g7 d8h8,0.048667192459106445
M1,2,cV4qK,1,failed,False,False,b7e4 e5g6,0.0176239013671875
M1,2,7NyCu,2,solved,True,True,h8g8 f7h6 g8f8 b3g8,0.04761815071105957
M1,2,VcBNU,2,solved,True,True,e7e5 a4e8 e5e8 e1e8,0.04735302925109863
M1,2,bPBjm,2,failed,False,False,h3g2 d5b7 a1f1,0.019210100173950195
M1,2,3lGMT,2,failed,False,False,g8f6 f4g6 f6g4 c4f7,0.1036980152130127
M1,2,4AygM,3,failed,False,False,d8h4 g2d5 g8h8 f1f7 g7d4 f7f2,0.19065093994140625
M1,2,75Mc8,3,solved,True,True,e6e2 f4f7 g8h8 f7f8 e8f8 f1f8,0.07388424873352051
M1,2,9SiwC,2,solved,True,True,e2c2 d1d8 g8h7 d8h8,0.04939413070678711
M1,2,pYLKe,3,solved,True,True,d3e2 b3f7 g8h8 f7f8 d8f8 f1f8,0.07553482055664062
M1,2,CQKT6,1,solved,True,True,h7g8 f5e7,0.017639875411987305
M1,2,u5KZ4,1,failed,False,False,e7f8 e6f7,0.018177032470703125
M1,2,fGlfn,2,solved,True,True,e1e2 g4g5 h6h5 d7h7,0.04924297332763672
M1,2,9hMzF,2,solved,True,True,h6h5 e5e8 h8g7 e8g8,0.04737710952758789
M1,2,b5Pi9,1,solved,True,True,d7d6 f5h7,0.017488718032836914
M1,2,HrYaa,2,solved,True,True,h7g6 h6h7 g8g7 h3h6,0.04798102378845215
M1,2,oO0ie,1,solved,True,True,d7c6 b7c8,0.01760697364807129
M1,2,zAlr5,1,solved,True,True,c8d8 d1d8,0.018033981323242188
M1,2,XjFiT,2,solved,True,True,e8e7 b4b8 e7e8 b8e8,0.051136016845703125
M1,2,pWBif,2,solved,True,True,d8d7 c1c8 d7d8 c8d8,0.04733419418334961
M1,2,XdaI5,1,failed,False,False,e8c8 b7b8,0.017805814743041992
M1,2,jgJve,2,failed,False,False,f7e6 g4e6 g8f8 h1h8,0.10360598564147949
M1,2,INaqh,1,solved,True,True,a5a2 d3d8,0.018989086151123047
M1,2,nonsf,1,failed,False,False,g8g7 g3f5,0.018039226531982422
M1,2,IaoWt,2,failed,False,False,g6h7 g4f6 f7f6 d4f6,0.10377383232116699
M1,2,JsneM,2,solved,True,True,f2f1q h1h8 f1f8 h8f8,0.04894900321960449
M1,2,vOBQw,1,solved,True,True,e8e5 g2g8,0.017754793167114258
M1,2,lrOlr,2,solved,True,True,e1e7 a6c8 e7e8 c8e8,0.05228614807128906
M1,2,mqF7Z,1,failed,False,False,a8c8 c6e6,0.018118858337402344
M1,2,GHceJ,2,solved,True,True,c4c2 e8f8 g8f8 b2h8,0.04743814468383789
M1,2,DD4x1,1,solved,True,True,c7c6 g5g7,0.01757025718688965
M1,2,bpnMU,3,solved,True,True,h5g5 b6b8 e7c8 b8c8 g8h7 c8h8,0.0745687484741211
M1,2,unnAU,2,solved,True,True,h5h4 g1h1 f4h2 h1h2,0.04735684394836426
M1,2,c63Ou,1,solved,True,True,f8f7 e1e8,0.017566919326782227
M1,2,vyIM8,1,solved,True,True,h8h7 f4h4,0.018091917037963867
M1,2,fqHBM,3,failed,False,False,a8e8 g4g6 d3g6 g1h2 g6f5 e1e4,0.19061803817749023
M1,2,lihGw,1,solved,True,True,e7e5 g6h6,0.0179750919342041
M1,2,80pGZ,1,failed,False,False,c7b8 a8b8,0.018020153045654297
M1,2,u6Vpo,1,solved,True,True,d7d6 a4c6,0.01807689666748047
M1,2,xE9Cz,2,solved,True,True,c6c4 f3a8 c4c8 a8c8,0.05024600028991699
M1,2,aeRuh,1,failed,False,False,a1h1 c5e5,0.01758122444152832
M1,2,gcIgU,1,solved,True,True,c3d4 d5b7,0.018307924270629883
M1,2,n3eMx,3,solved,True,True,f8f6 c4c8 e8e7 c8d8 e7e6 d8e8,0.07509398460388184
M1,2,cTjG0,2,failed,False,False,h5h4 d4a7 h4c4 c3b2,0.10215210914611816
M1,2,GOriB,3,failed,False,False,a5a6 f7b7 g2h2 h1h2 g5g2,0.05574393272399902
M1,2,xmFMJ,1,solved,True,True,h6g5 d3h7,0.018078088760375977
M1,2,yjFng,1,solved,True,True,f8e8 e5f7,0.018312931060791016
M1,2,khaFI,1,solved,True,True,f7g6 h5g6,0.018336057662963867
M1,2,N7rG6,3,solved,True,True,c5f8 f5f7 g8h8 f7f8 e8f8 f1f8,0.0800323486328125
M1,2,LqfWI,1,failed,False,False,f1g1 f3f7,0.017596006393432617
M1,2,xDrzD,3,solved,True,True,e6e5 h4h7 g8h7 f3h3 h7g8 h3h8,0.0767829418182373
M1,2,MoUz0,1,failed,False,False,b4b3 c6e6,0.017527103424072266
M1,2,1fU15,2,failed,False,False,d7e5 d3h7 g8h7 h3h4,0.10227727890014648
M1,2,U0mYq,2,failed,False,False,e7d8 c7c8 b7c8 h6f8,0.10299897193908691
M1,2,GM8Ai,1,solved,True,True,a8a7 c7b7,0.018014907836914062
M1,2,01aBw,2,failed,False,False,a6b5 a7e7 b5c6 e7e8,0.10141110420227051
M1,2,RQzog,1,solved,True,True,d7f6 h5f7,0.01784968376159668
M1,2,N7eWC,2,failed,False,False,g8h8 e5f7 f8f7 h3h6,0.06137585639953613
M1,2,JYtiY,1,solved,True,True,f8f3 g2g8,0.01744532585144043
M1,2,6gnnQ,1,solved,True,True,c8e6 h1h7,0.018339872360229492
M1,2,IL9m1,2,failed,False,False,e8e1 h3h7 d3h7 h2h3,0.10642194747924805
M1,2,JVIRC,1,failed,False,False,c4c3 a2a1,0.017967700958251953
M1,2,CNZ8d,1,solved,True,True,b8d7 g7e7,0.017630815505981445
M1,2,hwYAn,2,failed,False,False,b7c6 g4c8 b8c8 d1d8,0.10441803932189941
M1,2,47pvu,2,failed,False,False,b3b2 e5h8 c4f1 g1f1,0.10393404960632324
M1,2,9d6BV,2,failed,False,False,g8e8 f4c7 e8e7 g6e7,0.10183596611022949
M1,2,asDEl,2,failed,False,True,c8c2 b6a6 a2b1 d4e3,0.049139976501464844
M1,2,UiCQ6,2,solved,True,True,f4f3 h5h7 h8h7 g5h5,0.04549980163574219
M1,2,Kgr7k,2,failed,False,False,e6e5 d1h5 c8h3 e4f6,0.10595083236694336
M1,2,RzFSX,1,failed,False,False,d5f3 h6h8,0.018053054809570312
M1,2,ksU7D,2,solved,True,True,e8e7 b7b8 e7e8 b8e8,0.047930002212524414
M1,2,Pzocm,2,failed,False,False,c2a4 d5f7 g8h8 e1e8,0.10298705101013184
M1,2,Ytw4u,2,solved,True,True,e4f3 e1e8 f6e8 f4b8,0.05039215087890625
M1,2,ZMNm9,1,solved,True,True,d5c3 e4h7,0.01760268211364746
M1,2,kd3Nc,2,solved,True,True,g7h6 h4h6 f7h7 h6h7,0.05101203918457031
M1,2,lLwtd,2,solved,True,True,d2d1q g4g5 h6h5 b7h7,0.04515695571899414
M1,2,QtKhC,3,failed,False,False,a6f6 c3c7 g7g6 c8d8 f6a1 c7c1,0.19023609161376953
M1,2,UrL77,1,solved,True,True,f5d4 e1e8,0.017931222915649414
M1,2,tL0m9,4,failed,False,False,d4c5 e6c6 b7c6 b2b4 c5c4 b4b5 c4c3 b5b6,0.1670680046081543
M1,2,u680L,2,solved,True,True,g8f8 f3f8 g6f8 f1f8,0.04770994186401367
M1,2,Cb4j3,1,solved,True,True,d7e5 d1d8,0.017930030822753906
M1,2,Iq7BK,1,solved,True,True,h7g6 e1h4,0.018232107162475586
M1,2,xPYWC,2,solved,True,True,e7d5 e4g4 g8h8 g4g7,0.048279762268066406
M1,2,0uPqG,1,failed,False,False,f7h7 h6f8,0.017583131790161133
M1,2,gtKWK,1,failed,False,False,d8e7 f7c4,0.017908811569213867
M1,2,hElpR,1,solved,True,True,g4d1 b3f7,0.01804494857788086
M1,2,zJpGU,1,solved,True,True,f6h8 h1h8,0.01765608787536621
M1,2,x4Pao,2,solved,True,True,c7c6 d3g6 h7g6 c2g6,0.05018281936645508
M1,2,3FmCV,2,solved,True,True,g7f6 e1e8 g8g7 f4h5,0.04933500289916992
M1,2,RgFev,3,solved,True,True,e8e2 d5d8 f6d8 d1d8 e2e8 d8e8,0.07465863227844238
M1,2,gb4j4,3,failed,False,False,h8f8 f6f8 a8f8 g5h6 g7h6 f1f8,0.18981099128723145
M1,2,rDudu,3,failed,False,False,h3c3 d5f7 g6f7 e5e8 d8e8 e1e8,0.09435510635375977
M1,2,w0LcZ,2,solved,True,True,f2d3 b4f8 f6f8 f1f8,0.049533843994140625
M1,2,97ycS,2,solved,True,True,a2a1 e4h7 g8f8 h7h8,0.04993796348571777
M1,2,S1f8B,3,failed,False,True,h6g7 d8g8 g7f6 g8d8 f6g7 d8h8,0.1313779354095459
M1,2,ZM7hc,1,solved,True,True,g2f3 d7d8q,0.017698049545288086
M1,2,0ta1H,2,solved,True,True,f7f5 d3a6 c8b8 a6b7,0.04983806610107422
M1,2,1gHZ8,1,solved,True,True,f7g6 d5f5,0.017834901809692383
M1,2,hmC8y,1,solved,True,True,e8f8 f1f8,0.01800704002380371
M1,2,zasCs,1,failed,False,False,d8b8 e5h8,0.01801896095275879
M1,2,PaCkV,1,failed,False,False,g7g8 h4d8,0.01803898811340332
M1,2,VXVy7,3,solved,True,True,f8g8 c3g7 g8g7 e1e8 c5f8 e8f8,0.07698416709899902
M1,2,mCcVd,1,solved,True,True,a6b5 d2d8,0.017564058303833008
M1,2,K81Zg,1,failed,False,False,d5e3 d1d8,0.018430233001708984
M1,2,yPUY1,1,failed,False,False,e4d3 e5g5,0.018019676208496094
M1,2,CsAKg,1,failed,False,False,b8c8 d6c8,0.017931222915649414
M1,2,bvnXU,3,solved,True,True,g7g8 a7a8 f6e8 a8e8 c5f8 e8f8,0.07717490196228027
M1,2,xRsBS,1,failed,False,False,f6d5 e6d6,0.017756938934326172
M1,2,R8Ms9,3,solved,True,True,d8d7 f4f7 f8f7 e7e8 f7f8 e8f8,0.07748198509216309
M1,2,0Maij,1,solved,True,True,d8e8 c3g7,0.01786494255065918
M1,2,5sf9n,3,failed,False,True,b8c8 c1c8 d7f8 c8f8 h8h7 f8g8,0.07749199867248535
M1,2,Xt5ry,1,solved,True,True,g4f3 b3e6,0.018259763717651367
M1,2,zv96X,3,solved,True,True,b7f3 e5f6 f8f6 d1d8 f6f8 d8f8,0.0776221752166748
M1,2,V442v,1,solved,True,True,f8g8 h6f7,0.017754077911376953
M1,2,QDYdm,1,solved,True,True,e7d7 b4f8,0.017937898635864258
M1,2,pL4u3,1,solved,True,True,b1h1 g7c7,0.01798701286315918
M1,2,oiOv0,3,failed,False,True,d1e1 h1h7 g7f8 h7f7 f8f7 f3f4,0.13420629501342773
M1,2,ZJ9Fh,1,solved,True,True,c7c6 d5f7,0.018135786056518555
M1,2,R1yG4,1,failed,False,False,h5g7 g6g7,0.018039226531982422
M1,2,UmggE,1,solved,True,True,a6d6 f8g8,0.018153905868530273
M1,2,BI5ga,1,solved,True,True,h8g8 d4h4,0.01832103729248047
M1,2,cqVwG,1,failed,False,False,h7f6 c1h6,0.017581939697265625
M1,2,J9qad,1,solved,True,False,b2d2 g6h7,0.017421245574951172
M1,2,sVEoy,1,failed,False,False,d7d3 e4c6,0.017549991607666016
M1,2,ye7Xd,1,solved,True,True,h7h8 h4g6,0.01786494255065918
M1,2,gm9lv,1,failed,False,False,h2h1q e1e2,0.017436981201171875
M1,2,Zq9Kl,1,solved,True,True,h5h6 f1h1,0.018134117126464844
M1,2,l0Hh6,4,failed,False,False,f6f3 a3f8 g8f8 d4c5 f8g8 c7c8 g8h7 c8h8,0.14153194427490234
M1,2,5x1mm,1,failed,False,False,b3a4 c3b4,0.01764702796936035
M1,2,nl3Ay,3,solved,True,True,a2e2 d7f7 g8h8 f7f8 e8f8 f1f8,0.07639384269714355
M1,2,DwTQY,1,solved,True,True,b8c6 c4f7,0.017640113830566406
M1,2,36iXM,1,failed,False,False,c4a4 f2f7,0.018218040466308594
M1,2,QLiGo,1,failed,False,False,a2a1q f8g6,0.018098831176757812
M1,2,xRb4y,1,solved,True,True,g8f8 f7h7,0.017538070678710938
M1,2,wJKzP,1,failed,False,False,f7h5 f5e6,0.01806497573852539
M1,2,oPpl1,1,failed,False,False,g6g5 d7e8,0.01744389533996582
M1,2,FX6FI,3,failed,False,True,h4h3 b7b8 h8b8 a6b7 b8b7 c6b7,0.1359100341796875
M1,2,MZxtE,1,solved,True,True,f8g8 h5h6,0.018369197845458984
M1,2,LPkIe,3,failed,False,False,g8f8 h5h8 f8e7 h4g6 e7d6 h8e8,0.18935203552246094
M1,2,RWOSs,1,solved,True,True,d5e3 d3h7,0.018338680267333984
M1,2,tubIf,3,solved,True,True,c8c7 f3f7 f8f7 e7e8 f7f8 f1f8,0.0798029899597168
M1,2,XlHEZ,1,solved,True,True,e4e3 g8h8,0.017963886260986328
M1,2,YToma,4,failed,False,False,c2e1 d5b7 c8d7 b7c7 d7c7 b1b7 c7b7 h2h4,0.17490482330322266
M1,2,0t9e4,1,solved,True,True,a8e8 e4h7,0.018239974975585938
M1,2,StvCF,1,solved,True,True,e7f8 h6h7,0.018173933029174805
M1,2,uRlBj,1,solved,True,True,d8f6 e4h7,0.01778101921081543
M1,2,mb3nO,1,solved,True,True,g8f8 e6e8,0.01760697364807129
M1,2,AsDHq,1,solved,True,True,c8e6 h3h6,0.018023252487182617
M1,2,TZU3m,1,solved,True,True,g6f5 c1h6,0.018581628799438477
M1,2,dw70h,1,solved,True,True,f7f6 d1h1,0.017934083938598633
M1,2,iTzTt,4,failed,False,True,e5e4 h3h8 g8h8 e2h5 h8g8 h5h7 g8f8 h7h8,0.16068792343139648
M1,2,z0JEX,3,failed,False,True,d8d7 c6c8 d7d8 c8d7 d8d7 c3b5,0.13522601127624512
M1,2,EugGr,1,solved,True,True,d6g3 e4h7,0.01814103126525879
M1,2,Z44TU,1,solved,True,True,g6h4 h5h7,0.018032312393188477
M1,2,yvwfq,1,failed,False,False,d3c5 e4b7,0.018358707427978516
M1,2,lfbkp,1,solved,True,True,f8f6 g6h7,0.01813507080078125
M1,2,am3XH,1,solved,True,False,a8a6 f7e8,0.017892122268676758
M1,2,sBSQY,3,failed,False,True,e7d5 b5e8 c8b7 e8d8 d4b4,0.0513308048248291
M1,2,56uJi,3,solved,True,True,d1d5 c4c8 d5d8 c8d8 f6e8 d8e8,0.0768880844116211
M1,2,iEto3,1,solved,True,True,d5f3 f4f7,0.017589092254638672
M1,2,i3brm,3,failed,False,False,f8c8 d3d8 c8d8 d2d8 b8d8 c6e8,0.19142985343933105
M1,2,Kfcvd,3,solved,True,True,d8d2 c7f7 g8h8 f7f8 e8f8 f1f8,0.07779407501220703
M1,2,3sb56,1,solved,True,True,g7h6 g6h6,0.017941951751708984
M1,2,402ut,1,solved,True,True,d5d4 a7f7,0.018388986587524414
M1,2,YnIrF,1,solved,True,True,d8e8 e1e8,0.01779317855834961
M1,2,YfV9C,3,solved,True,True,a8a4 c7f7 f8f7 e1e8 f7f8 f4f8,0.0757439136505127
M1,2,boBB1,3,failed,False,True,e4f4 g3g6 h7g6 a7g7 g8g7 g1g6,0.1319870948791504
M1,2,P0wm9,1,failed,False,False,h5f3 d5f5,0.018004179000854492
M1,2,68HOL,1,solved,True,True,g8h8 g4g7,0.018466711044311523
M1,2,IPgOY,1,solved,True,True,e6e8 e2e8,0.01832103729248047
M1,2,3vecy,1,solved,True,True,c7e5 c2h7,0.018509864807128906
M1,2,CdXNO,3,solved,True,True,d8g8 g7h7 h8h7 f4h4 f6h6 h4h6,0.07587194442749023
M1,2,JHAIs,3,failed,False,True,d8e8 h5h7 h8h7 f5h5 h7g7 e1g1,0.07597208023071289
M1,2,EWI0q,3,failed,False,False,h7g8 e4g6 f8g6 f7f8 g6f8 f1f8,0.08576107025146484
M1,2,Z6fPx,3,failed,False,False,g7g5 e4d4 c6g2,0.020033836364746094
M1,2,QPXd5,3,failed,False,False,c4a6 a7d7 d8d7 c1c8 d7c8 f1c1,0.18866705894470215
M1,2,r1KhN,4,failed,False,False,h4h3 e6e7 d8d7 e7e8q d7e8 d5c7 e8f7 c7e6,0.27698779106140137
M1,2,G1aDi,3,failed,False,False,f5e4 c7f7 g8f7 d1d7 f7e8 d7d8,0.1872720718383789
M1,2,U67JB,3,failed,False,False,h8g8 g7d7 d5d7 e1e8 d8e8 b1a1,0.18872904777526855
M1,2,FcRoy,3,failed,False,False,e5f6 e3h3 g7g6 h3h7 h8h7 f5h3,0.18413996696472168
M1,2,XUX5u,3,solved,True,True,e7e6 h1h8 g8h8 d1h5 h8g8 h5h7,0.07564902305603027
M1,2,ZZSps,3,failed,False,False,c8c2 d7d8 g7f8 d8f8 g8f8 f1e1,0.15497398376464844
M1,2,Ro4Vv,3,solved,True,True,e6d7 a1a6 b7a6 b6b7 a8a7 b7b8q,0.07664799690246582
M1,2,pDqdx,4,failed,False,False,c7d7 g4g6 f7g6 f1f7 e7f7 g3g6 f7f1 g1h2,0.2714879512786865
M1,2,KlxPI,3,solved,True,True,g7g6 b7b8 d4d8 b8d8 g8g7 h5h6,0.07503890991210938
M1,2,po6BO,3,failed,False,False,h7h6 g5h6 h8g8 c7c8 g8f7 c8f8,0.1900010108947754
M1,2,atTVW,3,solved,True,True,f8e8 e4h7 g8f8 e3c5 e8e7 h7h8,0.07698607444763184
M1,2,68s2M,3,solved,True,True,b8d8 e4e8 d8e8 a8e8 d6f8 e8f8,0.0767979621887207
M1,2,1R86j,4,failed,False,True,b6c5 g7h7 g8h7 e4e5 d6e5 e7h7 h8h7 d3e4,0.21788430213928223
M1,2,UdV0q,3,solved,True,True,d5f5 e1e8 f7f8 e8f8 g8h7 f8h8,0.07438182830810547
M1,2,XABtp,3,solved,True,True,c5d4 h5h7 g8f8 h7h8 g6h8 h1h8,0.07559609413146973
M1,2,v7ZTF,5,solved,True,True,a8f8 g1g7 g8g7 f1g1 g7h7 e6g6 h7h8 g6h6 f7h7 h6f8,0.1309800148010254
M1,2,EPBo8,3,solved,True,True,g8h8 f4g6 h7g6 e3h3 e7h4 h3h4,0.07386302947998047
M1,2,FlW2B,3,solved,True,True,b2c2 c7c8 c2c8 c1c8 e2e8 c8e8,0.07543182373046875
M1,2,yLSzD,3,solved,True,True,h5g3 d3h7 g8h8 h7g8 g3h1 c2h7,0.07536005973815918
M1,2,ZBNw3,3,failed,False,False,d3e5 g7f8 e7g6 g5g6 e5g6 h6h7,0.19175410270690918
M1,2,kPXcy,3,failed,False,False,c8f5 c4e6 f5g5 h6g5 e7e6 f6e4,0.18737101554870605
M1,2,thruK,3,failed,False,False,f3h3 d4d6 e8g8 d6d7 h3h2 b2g7,0.19048690795898438
M1,2,KxkOf,5,failed,False,False,c8b8 a4a5 b7b6 a5a7 b8a7 c4e6 h3e6 g1b6 a7b6 d1d2,0.36368823051452637
M1,2,crSvA,4,failed,False,False,b7a8 b6b7 a8b7 d6d7 e3g3 d7d6 e4e3 d6d7,0.27610087394714355
M1,2,2vRoq,3,failed,False,False,d6d5 e1e5 g6e5 f7g5 d5c4 g5f7,0.18949604034423828
M1,2,KHiD0,3,solved,True,True,d8d4 c4c8 d4d8 c8d8 e5e8 d8e8,0.07529497146606445
M1,2,gu9V9,3,solved,True,True,h4e7 h1h7 h8h7 d1h1 e7h4 h1h4,0.07629990577697754
M1,2,y26Rh,3,solved,True,True,g8h8 h1h7 h8h7 d1h1 e7h4 h1h4,0.07672429084777832
M1,2,f17tO,3,solved,True,True,h8g7 f8f7 e7f7 h5h7 g7f8 h7f7,0.07619404792785645
M1,2,ibEyB,3,failed,False,False,f8f7 h1h8 g8h8 f3g5 d7f8 g6h7,0.18509531021118164
M1,2,XRWAO,3,failed,False,True,e7h4 d7g7 g8h8 g7g8 h8g8 e1g1,0.13198614120483398
M1,2,EbUQ9,3,solved,True,True,c5b3 f7f8 g8h7 f1f7 h7h6 f8h8,0.07646012306213379
M1,2,dTJ0B,4,failed,False,False,f7e6 h5f7 f8f7 f2f7 d6e5 f7f8 a8f8 f1f8,0.2776682376861572
M1,2,b15gx,4,failed,False,False,e3e2 d1h1 a2b2 h1h3 e2e1q h4h5 e1e6 g6g5,0.253093957901001
M1,2,rORau,3,failed,False,False,d6f7 g4g5 f7e5 e2c4 e5c4 f3f4,0.1868150234222412
M1,2,DoDFj,3,failed,False,False,b8b2 f3f7 b2c2 f7f8 g8f8 e2f2,0.18597817420959473
M1,2,JiUAY,5,failed,False,False,a7d7 d6d1 d7d1 h7h6 h5h6 a3e7 d8d2 f2g3 f5f4 g3h3,0.26972389221191406
M1,2,hy4Bi,3,solved,True,True,f8f7 e1e8 d7f8 e8f8 f7f8 f1f8,0.07719922065734863
M1,2,XxF57,3,solved,True,True,c5b3 f3f7 f8f7 e7e8 f7f8 e8f8,0.07838582992553711
M1,2,P1798,3,solved,True,True,c2e4 f3f7 g8h8 f7e8 d6f8 e8f8,0.07502484321594238
M1,2,o5u2i,3,solved,True,True,d4f4 e7g7 g8g7 b7b8 g7g8 b8g8,0.07522106170654297
M1,2,ta5gD,3,failed,False,False,c6c5 d4c6 c7c6 d1d8 h5e5 d8a8,0.18823909759521484
M1,2,OBQsv,4,failed,False,False,h8e8 d5b7 e3e1 a1e1 e8e1,0.05248308181762695
M1,2,UF41E,4,solved,True,True,d4c2 e7e8 g7f8 e8f8 g8f8 c1h6 f8g8 e1e8,0.10217809677124023
M1,2,iS3zS,3,failed,False,True,b7a8 a5a8 c8b7 a1a7 b7b6 a8b8,0.07667708396911621
M1,2,oGUiF,3,failed,False,True,e5g3 h5f7 g8h8 f7f8 e8f8 f1f8,0.11710500717163086
M1,2,b4l4V,3,solved,True,True,d8g5 b8f8 g8f8 a6c8 g5d8 c8d8,0.07473421096801758
M1,2,pgqty,3,failed,False,False,c7b6 d4e5 b6c5 e5f6 f8f6 e1e8,0.19068694114685059
M1,2,OmBUM,4,solved,True,True,d4e3 c4f7 f8f7 c1c8 g5d8 c8d8 f7f8 d8f8,0.10221076011657715
M1,2,IJWL5,3,solved,True,True,e4c2 a8e8 d7f8 d5e7 g8h8 e8f8,0.07381606101989746
M1,2,VPoqh,3,solved,True,True,e3d3 f4f7 g8h8 f7f8 d8f8 f1f8,0.07445096969604492
M1,2,F1Yvp,3,solved,True,True,a8a2 c5f8 g8f8 d4c5 b5c5 d1d8,0.07567596435546875
M1,2,zwRur,3,failed,False,True,g6h5 g4f6 h5h4 g2g3 f4g3 e5f7,0.13669109344482422
M1,2,JG4pb,4,failed,False,True,g7g6 d3h3 g5h6 h3h6 h7h6 a8h8 h6g5 h2h4,0.21667265892028809
M1,2,hKyz8,3,failed,False,False,d8d6 a6b7 e7b7 g2g8 b7c8 g8d8,0.1878371238708496
M1,2,Z33tV,3,failed,False,False,a7a6 a5c7 f2c5 c7b7 b8b7 e7h7,0.1884160041809082
M1,2,6xRDT,3,failed,False,False,d7d6 a8c8 d6c6 c8f8 g8f8 f1a1,0.18862223625183105
M1,2,2kIXc,3,solved,True,True,e5d4 h5f7 g8h8 f7f8 a8f8 f1f8,0.07714486122131348
M1,2,WaSz7,3,solved,True,True,h8g8 h5h7 g8h7 g3h3 h7g8 h3h8,0.07579517364501953
M1,2,xtvxQ,3,failed,False,False,e4g3 h5f7 g8f7 h4g6 f6g6 h1h7,0.18495678901672363
M1,2,Xwnwn,3,failed,False,False,e7f8 c2h7 h2h7 c5d7 d6d7 e1e8,0.18648791313171387
M1,2,o9oO0,3,solved,True,True,b2c2 h4h6 g7h6 h3h6 h8g7 h6h7,0.07738804817199707
M1,2,Sy7OK,4,solved,True,True,e3d2 c6e7 g8h8 e5f7 f8f7 c1c8 f7f8 c8f8,0.10383296012878418
M1,2,aiNe0,3,solved,True,True,a8a7 e2e6 g8h8 e6f6 e7f6 e1e8,0.07671618461608887
M1,2,tHZ7Z,3,failed,False,False,e8e7 d6f5 f8f5 f4g5 f5g5 d1e1,0.1875457763671875
M1,2,s0JkS,3,solved,True,True,c5d6 g7g8 d6f8 g8f8 e3e8 f8e8,0.07410717010498047
M1,2,VRXRC,3,failed,False,True,h8g8 e2e7 d8e7 e1e7 g8g2 g1f1,0.13117074966430664
M1,2,pls52,4,failed,False,False,g5f3 c4f7 d7c8 e1e8 c8b7 f7c7 b7c7 e8f8,0.21637201309204102
M1,2,M2JSe,3,solved,True,True,f6e4 b3f7 g8h8 f7f8 c8f8 f2f8,0.0764920711517334
M1,2,qhh0Y,3,failed,False,False,d4d3 c7c8 h8g7 c8g8 g7g8 e5e6,0.18782806396484375
M1,2,y7IOM,4,failed,False,False,d2f2 f7g6 h7g6 f1d3 g6f7 d3f5 e5e4 f5e6,0.2710089683532715
M1,2,42o6C,3,solved,True,True,a5c4 g3g6 f7g6 d3g6 g7h8 g6h7,0.07716989517211914
M1,2,E6bgX,3,failed,False,False,d7d3 c1c6 e7c6 a4a6 d3d1,0.10234785079956055
M1,2,KRm9H,3,failed,False,False,f6e5 d7e8 b8e8 f1f8 e8f8 g2g4,0.1871957778930664
M1,2,8w6Pt,4,failed,False,False,b4c3 d7f7 f8f7 d1d7 f7e8 d7d8 c8d8 e3c5,0.2720639705657959
M1,2,YTlwl,3,failed,False,False,a8f8 f5g6 g7g6 h5g6 f8f4 g4g5,0.18978285789489746
M1,2,XoVvb,4,solved,True,True,d2e2 c1c8 b6d8 c8d8 b4f8 d8f8 f6f8 f1f8,0.10349392890930176
M1,2,qQ4CH,3,failed,False,False,h5g4 d2d6 e4c2 b2a1 c2b1,0.05401897430419922
M1,2,TX64q,3,failed,False,False,c5f8 h6h7 g8h7 g3h3 f8h6 h3h4,0.18787384033203125
M1,2,biz3x,3,failed,False,False,e3f2 d7d6 b8a8 d6c7 h6c1 c7c8,0.18636584281921387
M1,2,1LTmC,5,failed,False,False,d5d6 e1e7 c8e7 f6g7 f8f2 g7f6 d6d5 f6g7 d5g2,0.22220897674560547
M1,2,m996n,3,solved,True,True,c7b6 c4c8 b6d8 c8d8 f7f8 d8f8,0.0762319564819336
M1,2,1OcBI,3,failed,False,False,h8g7 f5h3 a3a2,0.01950383186340332
M1,2,zDiH9,3,failed,False,False,g7h6 h4h6 h7g8 e6g6 f7g6 h6g6,0.19000029563903809
M1,2,hp85I,3,solved,True,True,g5e5 f7d7 c8b8 d7d8 e8d8 d1d8,0.07362198829650879
M1,2,hzX00,3,solved,True,True,a5a2 d6f7 f8f7 d1d8 f7f8 d8f8,0.07608675956726074
M1,2,aPA2a,3,failed,False,False,c7c8 a5d8 h8d8 e2a6 c8c7 d1d8,0.18925023078918457
M1,2,TCjp9,4,failed,False,False,a8e8 e2e7 c6e7 d5d8 a2a1 c1d2 e8d8 b5d7,0.27527403831481934
M1,2,5ZD7L,3,failed,False,False,c7b7 c6c8 b7c8 a5a6 h1e4 e5c6,0.1899268627166748
M1,2,SPRzX,3,failed,False,False,c2c1q e7g7 c1e1 f2f3 g1f1 f3g2,0.14144611358642578
M1,2,YsOKM,3,solved,True,True,f1c4 e5e6 f3f7 e6c8 f7f8 c8f8,0.07550907135009766
M1,2,Wxr6O,3,solved,True,True,f5f2 e1e8 f7f8 e8f8 f2f8 f1f8,0.07436990737915039
M1,2,3BgKn,3,failed,False,True,b7c6 c1c6 c8b7 e5c7 b7a8 c7c8,0.0753781795501709
M1,2,Bospg,3,failed,False,False,e8f8 d7f7 f8f7 d1d8 a2b2 c1d1,0.18960094451904297
M1,2,ogAf9,3,failed,False,True,f6e4 a4a7 b8a7 c6b7 a7b7 d4a4,0.13469219207763672
M1,2,RLzKR,3,failed,False,False,c3e5 f4f6 e7f6 g5f7 f8f7 g1g8,0.1870710849761963
M1,2,vfVM7,3,failed,False,False,b2g2 f7f6 a3c1,0.0197298526763916
M1,2,445iM,3,failed,False,False,h6h5 f4f8 d3e4 f1f7 e4g2,0.1064307689666748
M1,2,LOxcT,3,failed,False,False,c3e4 d8g8 a7f2,0.019665002822875977
M1,2,Vj5H2,3,failed,False,False,d3d4 f4b8 g8h7 b8h8 h7h8 e1e8,0.19359993934631348
M1,2,sltiX,3,solved,True,True,h8g8 h5h7 g8f8 h7h8 e6g8 h8g8,0.07282090187072754
M1,2,AOJIr,3,solved,True,True,h8g8 h3h7 g8f8 h7h8 f8e7 h8g7,0.07551407814025879
M1,2,zl5Hb,3,solved,True,True,a8a7 e4a8 a7a8 a1a8 e6c8 a8c8,0.07632803916931152
M1,2,cFBRU,3,failed,False,False,h7g8 e6e8 d8e8 e5f7 e8f7 g6g7,0.186798095703125
M1,2,Dy2ug,3,solved,True,True,c4c3 g4g5 f6g5 h4g5 h6h5 b7h7,0.07876300811767578
M1,2,YW03L,3,solved,True,True,g8h8 h6g7 h8g7 d2h6 g7h8 h6f6,0.07663488388061523
M1,2,NQqJh,4,failed,False,False,h5g4 d3h7 g8f7 h7g6 f7g6 h4h5 g6h5 h2h3,0.2720658779144287
M1,2,e8Osn,3,failed,False,False,f2f8 d8f8 g8f8 a1f1 f8e7 f1f8,0.189666748046875
M1,2,p6non,3,solved,True,True,c8d8 b7f7 g8h8 f7f8 d8f8 f1f8,0.07485318183898926
M1,2,DOHY1,4,solved,True,True,g7h7 h1h6 h7h6 e5h8 h6g5 h8h4 g5f5 h4f4,0.10110282897949219
M1,2,x278u,3,failed,False,False,h4g3 b5c7 g3h2 g1h1 g7g2,0.05200982093811035
M1,2,RIUDK,3,failed,False,False,h8f8 g7c7 d6c7 e6e8 f8e8 d2e3,0.16798090934753418
M1,2,b1h3k,3,solved,True,True,b3c3 e6c8 a4e8 c8e8 f7f8 e8f8,0.07765626907348633
M1,2,KCIG0,3,failed,False,False,h6h7 g2h2 g7h6 h2h6 h7h6 f7g6,0.18854022026062012
M1,2,yiInj,3,solved,True,True,h8g8 f7h6 g8h8 e6g8 f8g8 h6f7,0.07733511924743652
M1,2,LC9gO,3,solved,True,True,e5e4 f3f7 g8h8 f7f8 d8f8 f1f8,0.07471585273742676
M1,2,z99EA,3,failed,False,False,g8h8 d5g8 h8g8 e1h1 e7e5 h1f1,0.18689894676208496
M1,2,5eUmk,3,failed,False,False,f6e4 e5f7 d8e8 f7d6 f4d6 c3c8,0.19456219673156738
M1,2,jjfzi,3,failed,False,False,a5a4 h3c8 f7f8 c8f8 g8f8 b1b8,0.18895697593688965
M1,2,0XJ31,4,failed,False,False,a8d8 a2f7 f8f7 f4f5 b5e2 f1e1 e2e1 f5f1,0.27504682540893555
M1,2,N7uPV,3,solved,True,True,b2g2 f5g6 g2e2 b7b8 e2e8 b8e8,0.07710099220275879
M1,2,0ZH1W,3,solved,True,True,g8h8 c8f8 h8h7 d1h1 h7g6 f8f5,0.07496285438537598
M1,2,jFQlY,3,failed,False,False,f4c1 a3f8 g7f8 g4h6 c1g1,0.10487985610961914
M1,2,PWvJK,3,solved,True,True,e8e4 g4c8 c7d8 c8d8 e4e8 d8e8,0.07611799240112305
M1,2,jgLWF,3,failed,False,False,b5c4 f4f6 e7f6 f1f6 c5d5 f6f8,0.188493013381958
M1,2,BCSq5,3,failed,False,False,h7h6 f2f7 e8f7 b1h7 f8h7 g5e6,0.1878519058227539
M1,2,2mKxM,4,failed,False,False,h8e8 g3c7 e4e1 a1e1 e8e1,0.055084228515625
M1,2,4oRYZ,3,failed,False,True,f5g5 c5e6 g5h4 g7f6 f1f6 h2g1,0.1301579475402832
M1,2,Wp1Cn,4,failed,False,False,d2d7 c6f6 e7f6 e5f6 g7f8 e4e5 g6f5 f3a8,0.2770118713378906
M1,2,khDGK,3,solved,True,True,d8f8 c4f7 f8f7 e1e8 f7f8 f6f8,0.07621312141418457
M1,2,Op14G,4,failed,False,True,h7h8 f6g6 a2a1q a7a8 a1a8 g6h5 f2f4 g5g6,0.1871039867401123
M1,2,Md5iC,4,failed,False,False,a8g8 g3g8 h8g8 f4g5 f7h5 g5h4 h5h4 h2g1,0.22161579132080078
M1,2,WMdbZ,3,solved,True,True,b4b2 h1h8 g8h8 e2h5 h8g8 h5h7,0.07718706130981445
M1,2,ywseW,3,solved,True,True,e8e2 g4c8 f6d8 c8d8 e2e8 d8e8,0.07584309577941895
M1,2,GazQ0,3,failed,False,True,d8f8 g5g6 h7h8 g6h6 f8h6 g1g5,0.13543415069580078
M1,2,I2eYQ,4,solved,True,True,c4a2 b7f7 f8f7 b1b8 d2d8 b8d8 f7f8 d8f8,0.10291385650634766
M1,2,eewkv,3,failed,False,True,c2e2 d1d8 b4f8 d8f8 g8f8 c8e7,0.11527895927429199
M1,2,4S0iK,3,solved,True,True,f8g8 h1h7 h8h7 a1h1 d6h2 h1h2,0.07721781730651855
M1,2,Efg2U,3,solved,True,True,a3b2 h3h7 g8h7 c3h3 h7g8 h3h8,0.07595181465148926
M1,2,e7i5w,3,solved,True,True,f6b2 h2h6 g7h6 d5f7 b2g7 g5g6,0.07572197914123535
M1,2,71YRV,3,failed,False,True,f8f7 e2e8 g7f8 e8f8 g8f8 d5f7,0.13166189193725586
M1,2,eGeTh,4,failed,False,False,b6d8 f5d6 d8e7 d6f7 f8f7 b2e5 f6e5 e1e3,0.2774667739868164
M1,2,dl9KE,3,solved,True,True,e7e4 d2d8 c6d8 d1d8 e4e8 d8e8,0.07764720916748047
M1,2,88UOJ,3,failed,False,False,c3g3 f6h6 g7h6 f7f8 d8f8 f1f8,0.18826699256896973
M1,2,bbFP7,3,solved,True,True,d8c7 f3f7 e8d8 c1g5 c5e7 f7e7,0.0735468864440918
M1,2,AFUIy,3,failed,False,False,a6a7 d3a6 a7a6 c1a1 e5e3 g1g2,0.18622207641601562
M1,2,FqZrx,4,solved,True,True,a2b3 f3h5 h7g8 h5g6 g8f8 g6g7 f8e8 g7e7,0.10422587394714355
M1,2,kbBNS,4,solved,True,True,e6g4 f3f7 g8h8 f7f8 d8f8 f2f8 b8f8 f1f8,0.10101699829101562
M1,2,WB6zM,3,solved,True,True,c8c2 f5f7 f8f7 d7d8 f7f8 f1f8,0.07631397247314453
M1,2,vZ7zY,3,solved,True,True,h8g8 f7h6 g8h8 e6g8 f8g8 h6f7,0.07609224319458008
M1,2,di0sR,4,solved,True,True,b8a6 f3f7 g8h8 e7e8 a8e8 f7e8 g7f8 e8f8,0.10102200508117676
M1,2,1E9Li,3,failed,False,False,d7d8 e4e8 d8e8 g4g7 g8g7 h2h4,0.17336297035217285
M1,2,lXsPl,3,failed,False,False,f7g6 d5f5 g6f5 c8c6 e3d2 g2g3,0.13457322120666504
M1,2,1lhnQ,4,solved,True,True,c7c6 d5e7 g8h8 h1h7 h8h7 d1h1 e6h3 h1h3,0.10163021087646484
M1,2,1uiG1,3,failed,False,True,g8h8 f6g7 h8g7 c1h6 g7h6 e7f5,0.13248181343078613
M1,2,9SkdY,4,failed,False,False,c3d2 b7e7 e8e7 e1e5 e7f8 e5c5 f8g8 c5c8,0.2773251533508301
M1,2,lvtpI,3,solved,True,True,f7e6 f3f7 g8h8 f7f8 a8f8 f2f8,0.0772390365600586
M1,2,T1REZ,3,failed,False,False,a8a7 f4f8 e8f8 e5g5 g8f7 g5g7,0.189039945602417
M1,2,lBr5N,3,failed,False,True,g8f7 b8f8 f7g6 f8e8 g6g5 e8h5,0.07761096954345703
M1,2,HeY76,3,solved,True,True,f8e6 h4h6 g7h6 h3h6 f7h7 h6h7,0.07530093193054199
M1,2,OCiiE,3,solved,True,True,a7b8 a4a8 b8a8 e2a6 a8b8 a6b7,0.0733497142791748
M1,2,V2rei,3,solved,True,True,c4f4 g5e7 f8g8 e7e8 a8e8 e1e8,0.07603883743286133
M1,2,851vO,3,solved,True,True,f5d7 a1a6 b7a6 b6b7 a8a7 b7b8q,0.07561230659484863
M1,2,lq5fn,3,failed,False,True,b7b2 f2f7 g8h8 f7f8 a3f8 e5f7,0.13646888732910156
M1,2,EhtCA,3,failed,False,False,g8h8 f4h4 g2g5 h4h6 f7h6 h1h6,0.19012117385864258
M1,2,49Yi9,4,failed,False,True,f6a1 f4d6 f8e8 f3f7 c7d6 f7f8 e8f8 c4e6,0.21621131896972656
M1,2,Cfyfv,3,failed,False,False,b4c3 d2g5 f6g5 d3a6 c8b8 d1d8,0.1881401538848877
M1,2,4djFS,3,failed,False,False,f8e7 b8e8 e7e8 g4d4 c2b1 d4d1,0.13246798515319824
M1,2,lIPeH,4,solved,True,True,e7h7 h6g7 h7g7 h5f6 e6h3 h1h3 g7h7 h3h7,0.1024172306060791
M1,2,G7973,3,solved,True,True,d3f1 h5h6 g7h6 h4h6 h8g8 h6h7,0.07523584365844727
M1,2,XjrZa,3,failed,False,False,e3e2 h6h7 g8f8 a7a8 f8e7 a8a7,0.18372201919555664
M1,2,ArNru,3,failed,False,False,e4a4 e6e8 h8g7 e8f8 g7f8 f5f6,0.18720102310180664
M1,2,DAu6a,3,solved,True,True,e7e4 f3f7 g8h8 f7f8 e8f8 f1f8,0.07323193550109863
M1,2,7O5Kk,3,solved,True,True,c2e1 c1c8 d3d8 c8d8 e6e8 d8e8,0.07690119743347168
M1,2,HsnnQ,4,failed,False,False,b5b4 d6c6 a1b1 f1e2 b1a2 e2f3 b7c6 e6g4,0.27520298957824707
M1,2,rPdDn,4,failed,False,False,d8g8 h5g4 h7h6 g4g6 g8g6 g1f1 a8e8 f3f4,0.16918468475341797
M1,2,dlrqn,3,solved,True,True,g8h8 d2d8 g7f8 d8f8 h8g7 f8g8,0.07674527168273926
M1,2,iRWAn,3,failed,False,False,g8g7 d8h8 f3e2 f1f2 f5g4 g5f6,0.1824650764465332
M1,2,nuOSN,3,solved,True,True,g8g7 c4f7 g7h6 f7h7 h6g5 h7h4,0.07492733001708984
M1,2,epdXk,3,failed,False,False,g7f6 g5f7 g8f7 g3g7 f7g7 e5f6,0.19233489036560059
M1,2,9TYlG,3,failed,False,False,f6e4 c6c8 b8c8 c1c8 d8c8 d6b8,0.19091415405273438
M1,2,m5JSI,3,failed,False,True,f8f2 h5h6 d6h6 g4c8 f2f8 c8f8,0.13113188743591309
M1,2,XkVDL,3,failed,False,False,f7e6 h7e7 e8e7 h1e1 e6d7 e1e4,0.18760013580322266
M1,2,9890X,3,solved,True,True,d8d3 c2c7 b8a8 c7c8 h3c8 c1c8,0.07871699333190918
M1,2,v0SEZ,3,solved,True,True,d8c7 a7b8 c7b8 c1c8 b8c8 b7c8q,0.07168698310852051
M1,2,AUcHC,3,failed,False,True,d5c3 d2c3 b4c3 d6d1 c7e7 d1d8,0.13167309761047363
M1,2,JUKuo,3,failed,False,False,h4d4 d7c8 f8c8 c5c8 b8c8 b2b4,0.1905968189239502
M1,2,9ilXD,3,solved,True,True,d8d6 c3c8 d6d8 c8d8 g6e8 d8e8,0.0737752914428711
M1,2,vxoFy,3,solved,True,True,b2c3 d5f7 f8f7 e1e8 f7f8 e8f8,0.0763540267944336
M1,2,zs203,3,failed,False,False,d4c3 h6h7 g8h8 d2h6 a2b2,0.10449624061584473
M1,2,5nDBk,3,solved,True,True,h6g5 h3h4 g5g4 f8f3 g4h4 f3f4,0.07550168037414551
M1,2,HGVWh,3,failed,False,True,c6c5 d1d6 b6a5 d6a6 a5a6 e7e8,0.13345718383789062
M1,2,0XsiV,3,solved,True,True,e7e5 c4f7 g8h8 f7f8 e8f8 f1f8,0.07750082015991211
M1,2,YkbDu,3,failed,False,True,e2b2 d7f7 f8g8 d5e7 g8h8 f7f8,0.13470792770385742
M1,2,DtBy8,3,failed,False,False,g3e5 a4e8 e5e8 d1d8 e8d8 g2h3,0.18576598167419434
M1,2,bBI7e,3,solved,True,True,d7e8 d2h6 g7h6 f7g5 h7h8 c7h7,0.07454991340637207
M1,2,WNv6u,3,failed,False,True,g6c2 g4f6 g8h8 a3f8 c2a4,0.05131793022155762
M1,2,Y2TPL,3,solved,True,True,h7h8 g5g6 a1b1 a7a8 b1b8 a8b8,0.0751180648803711
M1,2,iMl7b,4,failed,False,True,d4a1 f6g6 g8h7 g6g7 h7h8 e5g6 f7g6 g7h7,0.1597580909729004
M1,2,FA5iT,3,failed,False,True,g7g6 a6a8 e6d8 a8c8 c4d4 d6e5,0.1347818374633789
M1,2,perlM,3,failed,False,False,a5b5 b7d5 g8d5 c3c4 d5c4 a3a4,0.18917179107666016
M1,2,Ly9lb,3,solved,True,True,d8d4 f4b8 d4d8 b8d8 c6e8 d8e8,0.07508397102355957
M1,2,blky2,3,failed,False,False,g3f1 f7f6 e8e1 c2g6 h3h2,0.10247302055358887
M1,2,gE7tP,3,solved,True,True,g8h8 d2h2 h8g8 h2h7 g8f8 h7h8,0.07728791236877441
M1,2,a0HWe,3,failed,False,False,g4h3 e5f5 c3b2 e6h6 h3g4 h6h3,0.1863570213317871
M1,2,ZYFzB,3,solved,True,True,d8d2 c1c8 d2d8 c8d8 f6e8 d8e8,0.07589101791381836
M1,2,PdX5i,3,solved,True,True,g8f8 e3e7 f8g8 e7e8 a8e8 e1e8,0.07426095008850098
M1,2,NkXRL,3,failed,False,False,g4f4 e5f7 f4f7 d1h1 f7f6 h1h7,0.1868877410888672
M1,2,sF4TW,3,solved,True,True,e5f3 g5g6 h7g6 g1g6 g8h7 d4g7,0.07733607292175293
M1,2,WD61j,3,failed,False,False,d8b6 c6a4 a6b7 a4a7 b6a7 b3c5,0.193695068359375
M1,2,d1X3R,4,solved,True,True,d6d5 f1f7 f8f7 d3g6 g7h8 g5h5 f7h7 h5h7,0.10287308692932129
M1,2,xjO0H,3,failed,False,True,d8c7 h5h8 g8h8 f4h4 h8g8 h4h7,0.13339805603027344
M1,2,tXNQL,3,failed,False,False,f5e4 f7h5 e3f2 h2h1 e4e3 h5h6,0.1896350383758545
M1,2,1bQOi,3,solved,True,True,e8e7 h3h6 g7h6 g6h6 e7h7 h6f8,0.07668876647949219
M1,2,eqVBc,3,solved,True,True,d8d2 f3f7 g8h7 f7g8 h7h6 g8h8,0.07647991180419922
M1,2,dph7Q,3,failed,False,True,d4a1 d3g6 e8e7 d1d7 e7d7 c1g5,0.13263511657714844
M1,2,gr7Qu,3,failed,False,True,f8e7 a5f5 g7g6 f5h3 h7g7 h3h6,0.07551264762878418
M1,2,oZodX,3,solved,True,True,e8e7 d1d8 f6e8 d8e8 e7e8 b7f7,0.07615208625793457
M1,2,W95CJ,3,failed,False,False,e8f8 d7d4 a8b8 d4c4 c5c4 d1d4,0.18370985984802246
M1,2,CNET2,3,solved,True,True,e1g3 d7d8 a8d8 e7d8 f1f8 d8f8,0.07485318183898926
M1,2,tCmtg,3,solved,True,True,e8e3 c4f7 g8h8 f7f8 d8f8 f2f8,0.07568979263305664
M1,2,EULJ2,4,failed,False,False,b5g5 f7g8 c8g4 e4g4 g5e3,0.10467100143432617
M1,2,ur9D8,3,solved,True,True,f6f5 h1h8 g8h8 e4h4 h8g8 h4h7,0.07911276817321777
M1,2,2NEIo,3,failed,False,True,h7f5 h4h6 g7h6 h3h6 h8g7 h6h7,0.13848495483398438
M1,2,3jfue,3,failed,False,False,g5g3 d5b6 a7b6 d1d8 g3e1,0.10777711868286133
M1,2,aCh5e,3,solved,True,True,e2d2 d6d8 g8h7 f3f5 g7g6 f5f7,0.07348012924194336
M1,2,4rACN,3,solved,True,True,e5h5 g7c7 b8a8 c7c8 h8c8 c1c8,0.07748675346374512
M1,2,OFTRr,3,failed,False,True,c6d4 f5h6 g8h8 h6f7 f8f7 g5d8,0.13495397567749023
M1,2,JdM2P,3,solved,True,True,d5e3 f7c7 b8a8 c7c8 e8c8 c1c8,0.07391786575317383
M1,2,nh7lN,3,failed,False,True,g8h8 h1h7 h8h7 g4h4 e1h4 g2g4,0.13439011573791504
M1,2,urOFL,4,solved,True,True,a8d8 d1d8 g8h7 d8h8 h7h8 b4f8 h8h7 f8g7,0.10166406631469727
M1,2,lw3id,3,failed,False,False,h5h4 g7h7 a7h7 c1e1 h7h5 f2f3,0.19007110595703125
M1,2,z7AUg,3,solved,True,True,g3e5 c4f7 g8h8 f7f8 d8f8 f1f8,0.07644295692443848
M1,2,eWALg,3,solved,True,True,b3a4 a7f7 g8h8 f7f8 c8f8 f1f8,0.07591104507446289
M1,2,o3xG2,3,failed,False,False,d4e5 g5f7 e7f7 d1d8 f6e8 d8e8,0.1874070167541504
M1,2,1rkWO,3,solved,True,True,d8e8 h3h6 h7h6 g3h3 f6h4 h3h4,0.0740511417388916
M1,2,Mfozz,3,solved,True,True,c8b8 e3e8 f7e8 e1e8 d5d8 e8d8,0.07609415054321289
M1,2,KVs8l,4,solved,True,True,d7h3 a7a8 c8d7 c4b5 c7c6 b5c6 b7c6 a8c6,0.10285282135009766
M1,2,16P7O,4,failed,False,False,c6b5 a2a4 b5a5 e6d6 g5e3 g1h2 d8h8 d6h6,0.27202510833740234
M1,2,gFMAe,3,solved,True,True,f8g8 h1h7 h8h7 a1h1 e6h6 h1h6,0.08710193634033203
M1,2,qT9kN,3,solved,True,True,e4d3 c4f7 g8h8 f7f8 d8f8 f1f8,0.07669997215270996
M1,2,UMfMx,3,solved,True,True,b8g3 f5f7 g8h8 f7f8 d8f8 f1f8,0.07460188865661621
M1,2,plPCF,3,solved,True,True,f7f5 h3h8 g8f7 h2h7 f7e8 h7g6,0.07526826858520508
M1,2,NyUgM,3,failed,False,False,f5e6 b4b7 c8b7 d2d8 h8d8 a4c6,0.18808317184448242
M1,2,LfsmX,4,failed,False,False,h4h3 d7f7 g7h6 f7h7 h6h7 f2f7 h7h6 f7h7,0.27531886100769043
M1,2,xGAyN,3,failed,False,True,b5b1 f3d5 g6f7 d5e6 b1e4 g2g3,0.13100814819335938
M1,2,5onQQ,3,solved,True,True,c3d3 h1h7 h8h7 d5h1 d3h3 h1h3,0.07497596740722656
M1,2,cmlYW,4,failed,False,False,b3d1 e4f6 h7h6 e5g5 h6g7 g5h6 g7h6 f6e4,0.27090907096862793
M1,2,1RQuj,4,failed,False,False,f7g6 d7e8 a8e8 e1e7 e8e7 h2h4 a2a1 c1d2,0.27501797676086426
M1,2,oGtUi,5,failed,False,True,f8g8 h1h7 f6h7 f5f6 d8f6 d1g1 d6e5 g1h1 f6g6 b1c1,0.3078739643096924
M1,2,TaluB,5,failed,False,True,g8h7 g3g7 f7g7 h5f6 h7h8 d2h6 e4h7 h6g7 c7g7 g1h1,0.1863560676574707
M1,2,HGFAs,4,failed,False,False,f8g8 e1e8 f6e8 d6f8 g8f8 c8e7 f5f2,0.18921113014221191
M1,2,l8p4e,4,solved,True,True,d4d3 e2e8 g7f8 e8f8 g8f8 c1h6 f8g8 e1e8,0.1058509349822998
M1,2,Kw0kB,4,solved,True,True,e4c4 f5e7 g8h8 h3h7 h8h7 f2h2 c4h4 h2h4,0.10178208351135254
M1,2,JLhoK,4,failed,False,True,f7g6 h6g6 g8h8 g6h6 e7h7 h6g7 h7g7 h3f5,0.15910768508911133
M1,2,tOWFG,4,failed,False,True,e7d6 d7h7 h8h7 b5b3 e5e3 e2f1 e3e1 f1g2,0.21724319458007812
M1,2,Wm2iA,4,failed,False,False,h6h5 f1f7 g3h4 e5g6 g8g6 c7c8 e8f7 c8f8,0.2729458808898926
M1,2,4Rs7I,4,failed,False,True,f7d6 g3g8 f8e7 g1g7 d6f7 g7f7 e7f7 c4e6,0.15985107421875
M1,2,x2kIh,5,failed,False,False,b6c7 h5f7 f2f7 g5h7 f8g8 h7f6 g7f6 e1e8 f7e8 b2f6,0.35732007026672363
M1,2,eooND,5,failed,False,False,e2f3 g5h6 g7h6 a8f8 h6h5 g2g4 h5g4 h2h3 g4g3 f8a3,0.17412900924682617
M1,2,S0BrG,4,solved,True,True,f6d5 f3f7 f8f7 a7a8 e5e8 a8e8 f7f8 f1f8,0.10499310493469238
M1,2,N5eYD,4,failed,False,False,e7f6 c6e7 a2g2 g4h5 e6f4 h5h4 g7g5,0.13372206687927246
M1,2,cVScr,4,solved,True,True,c7e5 f3f7 f8f7 d1d8 e5e8 d8e8 f7f8 e8f8,0.10547590255737305
M1,2,3b0ab,4,solved,True,True,d2a2 b7f7 f8f7 c1c8 e5e8 c8e8 f7f8 e8f8,0.10345911979675293
M1,2,rcVmU,4,failed,False,False,c3c2 d1d8 c8d8 f4d6 d8d6 e1e8 f8e8 a2a3,0.2753481864929199
M1,2,8H6xD,5,solved,True,True,g8h8 h4g6 h8h7 g6f8 e8f8 g4g6 h7h8 g6h6 f7h7 h6f8,0.13135576248168945
M1,2,X6RsA,4,failed,False,True,d5g5 e1e8 f6e8 f1f8 h7f8 g6f7 g8f7 d6c7,0.22066426277160645
M1,2,K01az,4,failed,False,False,g6h8 d5f7 g8f7 g4g5 e8e1,0.10659503936767578
M1,2,TTyCt,4,failed,False,False,d7e7 f3f7 e7f7 d1d7 f7g6 d7d6 b6d6 h8e8,0.27576708793640137
M1,2,H5LFr,4,solved,True,True,e6h6 d3h7 g8h8 g5f7 f8f7 e1e8 f7f8 e8f8,0.10246920585632324
M1,2,EJJsF,4,solved,True,True,b3c3 f4f7 f8f7 b1b8 d5d8 b8d8 f7f8 f1f8,0.1035468578338623
M1,2,r7fZD,4,failed,False,False,c8c1 h5h7 g8h7 g5h5 h7g8 h5h8 g8h8 f3g3,0.2721130847930908
M1,2,jRh9f,4,failed,False,False,d6d7 c4e6 e8e6 a2e6 d7e6 f4e5 g2g1 c1d2,0.2789318561553955
M1,2,Zj61b,4,failed,False,False,c7b6 g7c7 b6c7 g1g7 c7d6 g7d7 d6d7 e3e4,0.21842002868652344
M1,2,wzIj9,5,failed,False,False,h1f1 f5e7 f8e7 a4b6 c8c7 d1d7 c7c6 d7c7 c6c7 b6d7,0.3621490001678467
M1,2,EVuUv,4,failed,False,False,c7b6 e5e6 h7h2 g1f1 h2g2 f1e1 h8h1,0.10578775405883789
M1,2,KDBuW,4,failed,False,True,g6h5 f4f5 g7g5 f5g5 h6g5 g3g4 d1g4 g2h2,0.15402483940124512
M1,2,sP0g9,5,solved,True,True,h6g5 b4e7 g5h6 g4g5 h6h5 e7h7 h5g5 h7h4 g5f5 h4f4,0.13200616836547852
M1,2,BhJTW,4,failed,False,True,d3d2 f6e6 e8d8 e6d6 d8c8 d6d8 c8d8 e5c6,0.16667985916137695
M1,2,cTtGs,4,failed,False,False,e7e5 d3g6 f7g6 f3h5 g6h5 g1g7 f6g7 f2f3,0.27242398262023926
M1,2,H6u5Q,4,failed,False,False,f5e4 f1f7 d5f7 c2c4 e4d3 g2g4 d3d4 b2b4,0.27684497833251953
M1,2,NgmMM,4,failed,False,False,a2c4 d1d8 c8d8 f1h3 b4a2 h3e6 c4e6 h2h4,0.27659010887145996
M1,2,DldpV,4,solved,True,True,d5c4 h1h8 g8h8 d1h1 e7h4 h1h4 h8g8 h4h7,0.10520672798156738
M1,2,VSu8T,4,failed,False,False,e8c8 a5c7 c8c7 d7d8 f8d8 c3c5 g4d1,0.19385123252868652
M1,2,NqvFO,4,failed,False,False,c8b8 e5c6 b8a8 d7d8 a8b7 d8c8 e8d6 c8b8,0.27396392822265625
M1,2,a3Ccn,5,failed,False,True,d8d7 e2e6 g8h8 e7e8 g7f8 e8f8 a8f8 e6f6 f8f6 f3e5,0.24938106536865234
M1,2,wnkCb,5,failed,False,True,c8c3 b3f7 f8f7 d7d8 f6d8 d1d8 f7f8 d8f8 g8f8 f3d5,0.19120216369628906
M1,2,YEHBD,4,failed,False,False,f7f8 g6g7 f8g7 f3f6 g7f6 h7g6 f6g6 g2g4,0.2741818428039551
M1,2,eQyPB,4,failed,False,False,a8f8 e7f7 f8f7 c7c8 f7f8 c8f8 g8f8 e1e8,0.2764856815338135
M1,2,LZKsm,4,failed,False,True,f1e1 d5d8 c6d8 h4d8 e6e8 d8e8 e1e8 b3c3,0.16213011741638184
M1,2,A4UDP,5,failed,False,False,g7f6 e2g4 c8d8 g4d7 d4e5 e1d2 f8h6 d2d3 d8d7 f7f8,0.3617119789123535
M1,2,CjnZA,4,failed,False,False,e8f8 f1f5 e5e1 f5f1 e1f1,0.10678601264953613
M1,2,3NzHL,4,failed,False,False,h3h5 g1g8 h8g8 h6h7 h5h7 f7f8 g8f8 f6e6,0.24798178672790527
M1,2,HYNLQ,4,solved,True,True,c4a4 f4f7 f8f7 c2c8 a4e8 c8e8 f7f8 e8f8,0.10386919975280762
M1,2,DAh4p,4,solved,True,True,g6f7 e8f8 f7f8 c3g7 f8g7 e1e8 f2f8 e8f8,0.10331487655639648
M1,2,r0or7,4,failed,False,False,f5e3 b4f8 g8f8 e4d6 b2a2 d6f5 e6f5 f3g3,0.274461030960083
M1,2,G7tBT,4,failed,False,False,a5b5 f3f7 e6f7 d5e7 g8f8 f1f7 f8f7 e7g6,0.27474403381347656
M1,2,haIz7,4,solved,True,True,g4h3 f4f7 f8f7 d1d8 e2e8 d8e8 f7f8 f1f8,0.10258913040161133
M1,2,d3NsE,4,failed,False,False,d4f4 a4e8 h8e8 e6e8 c8d7 e8d8 a8d8 g5e6,0.2781379222869873
M1,2,n0oV8,4,failed,False,False,c7d6 h4h5 g2g1 c4f1 g1f1 c1d2 f1f4 a3e3,0.27457094192504883
M1,2,CvUW8,4,solved,True,True,c8c1 d7f7 f8f7 b7b8 c1c8 b8c8 f7f8 f1f8,0.10369420051574707
M1,2,H5Y2Z,4,failed,False,True,d8b8 c7b7 b8b7 f7f8 b6c8 f8d8 g1f2 c2c3,0.1618356704711914
M1,2,4n06s,4,solved,True,True,h7g6 h5g6 h8g8 h1h8 g8h8 e2h2 h8g8 h2h7,0.10511398315429688
M1,2,faRdB,4,failed,False,False,c8c1 f7g8 h8g8 b7b8 g7f8 b8c8 e1f1,0.18794584274291992
M1,2,3bBWE,5,failed,False,True,e5g4 f6g6 f7g6 h6g6 h7g6 b2g7 g8g7 h2h3 e7e5 g2g3,0.30547094345092773
M1,2,SyMTK,4,failed,False,False,c6c5 b2b4 c5b6 d7d6 c7d6 b4b5 e5c3 a2a3,0.2755908966064453
M1,2,10bVz,5,failed,False,False,a8a3 h2h6 a3e3 g3g2 f8f4 h6h7 g7f6 h7f7 g8f7 g5e4,0.35709595680236816
M1,2,wVzSB,4,failed,False,True,f8f1 h5e8 c6d8 e8d8 e7d8 d1d8 c8d8 e4d5,0.22034907341003418
M1,2,Rea07,4,solved,True,True,g6e5 d6f7 e5f7 d1d8 f7d8 e6e8 g7f8 e8f8,0.10246396064758301
M1,2,epkt9,5,failed,False,True,g8f7 e5e6 f7f8 e3f3 a2b1 g1h2 b1b8 e6d6 b8d6 f3g3,0.30364227294921875
M1,2,RkedQ,5,failed,False,False,f2d1 a4e8 d8e8 e5d7 f6d7 a6c5 d7c5 b2b4 e7e3 b4c5,0.3345649242401123
M1,2,20bky,4,failed,False,False,f6g7 h5h6 d3f1 h3h2 f1e2 h2g1 e2e3 g1g2,0.2754030227661133
M1,2,kMpLK,4,failed,False,True,e8g7 h1h8 g8h8 d2h2 e7h4 h2h4 h8g8 h4h7,0.22023820877075195
M1,2,9gpYC,4,solved,True,True,c3c7 g5g6 f7g6 h5g6 h7h8 b6b8 c7c8 b8c8,0.10294508934020996
M1,2,YRMlO,4,solved,True,True,e7g8 c4g8 h8g8 e5e8 g8h7 h5g6 h7h6 e8h8,0.10314512252807617
M1,2,0rD7x,4,solved,True,True,c2d2 f6g6 f7g6 f3f8 g8h7 f1f7 h7h6 f8h8,0.10254383087158203
M1,2,7fdKB,4,failed,False,False,d5d4 g4c8 d4d1 g1g2 f6f2 g2h3 f2f1 h3g4,0.2747352123260498
M1,2,3ADlb,4,solved,True,True,e2b2 b7f7 g7h8 f7f8 h8h7 f1f7 d4g7 f8g7,0.10027170181274414
M1,2,o3wmJ,4,failed,False,True,g2h2 f5g6 b2b1r b7b8 b1b8 f3f4 g5f4 g6f5,0.21339917182922363
M1,2,JctYE,4,failed,False,False,g6h5 h3h5 d7d4 g1f1 d4f6 h5c5 b6c5 g3g8,0.2742950916290283
M1,2,xYz0q,4,solved,True,True,c2c1q f7g8 h8g8 c7c8 c6d8 c8d8 g8f7 d8f8,0.10259103775024414
M1,2,IKL47,4,solved,True,True,h5h4 g5g6 h4h3 g6g7 h3h2 g7g8q h2h1q g8g7,0.10398387908935547
M1,2,0306X,4,failed,False,False,c2e4 g7f8 b4f8 d1d8 c8d8 h2h3 c3c1,0.13749289512634277
M1,2,X9Ftx,4,solved,True,True,g5f5 h1h8 g8h8 d5h1 f5h5 h1h5 h8g8 h5h7,0.10466217994689941
M1,2,lUzRZ,4,solved,True,True,d7f6 e5f7 f8f7 d5d8 f6e8 d8e8 f7f8 e8f8,0.10330700874328613
M1,2,ctUGE,4,failed,False,False,a8f8 c1g5 f8f2 e4g2 e6f5 h5e8 g7f8 e8f8,0.2720310688018799
M1,2,mq3ia,4,solved,True,True,c3b2 h1h8 g8h8 f1h1 f4h5 h1h5 h8g8 h5h7,0.10458183288574219
M1,2,AAo8r,4,solved,True,True,a8a6 f2f7 f8f7 b7b8 e5e8 b8e8 f7f8 f1f8,0.10261821746826172
M1,2,xO0AU,4,failed,False,False,f8f4 g4e6 e2e6 g2d5 f2e3 d5e6 e3e6 g1g7,0.2760632038116455
M1,2,QglcD,4,failed,False,True,h6h5 g2g4 h5h6 e5f3 f8a3 g4g5 h6h5 e4f6,0.21831321716308594
M1,2,JqYEl,4,failed,False,True,e8e4 c7a6 b7a6 b6c7 b8a8 b1b8 c8b8 c2c4,0.21430683135986328
M1,2,vb3lj,4,failed,False,False,d1c1 b3f7 g8f7 g5f6 e1f2 e5e6 f7f6 e6e7,0.2186129093170166
M1,2,R8N0W,4,solved,True,True,c2b2 f3g5 h6g5 e3h3 g6h5 h3h5 h7g8 c1c8,0.10410690307617188
M1,2,rCfW6,4,failed,False,False,c2d2 d7f5 a2a4 f5d7 a4d4 e7e8 d4f2 g1h1,0.21968698501586914
M1,2,i7vfL,4,failed,False,True,f3g4 e2e7 g7h8 d2h6 g4g2,0.05106520652770996
M1,2,YB4GB,4,solved,True,True,f7g6 c2g6 e8f8 f3g5 d8e8 g5e6 f8g8 g6g7,0.10190391540527344
M1,2,sXcAN,4,solved,True,True,c7c6 d5e7 g8h8 e5f7 f8f7 d1d8 f7f8 d8f8,0.10388994216918945
M1,2,6KiPI,4,solved,True,True,g8h8 e1h1 g4h2 h1h2 f5h3 h2h3 h8g7 h3h7,0.102142333984375
M1,2,SIfeb,4,failed,False,False,b8b7 d1d7 e8d7 b1b7 a6b7 g2h3 c6c5 h3g2,0.22137117385864258
M1,2,Tg5lg,4,failed,False,False,h6g5 h3h4 g5g4 f8f6 c7c2 f6f2 c2f2 g2f2,0.2752571105957031
M1,2,UBqMu,4,failed,False,False,c8f5 d2b4 c6b4 d1d8 a8d8 e1e8 d8e8 b2b3,0.278043270111084
M1,2,RAgub,5,failed,False,False,e4b1 a4e8 h8e8 f7d7 c8d7 d4e6 b1d1 e2f2 d5d2,0.22652482986450195
M1,2,9JyNV,4,failed,False,True,f8d6 e5d5 g8h7 d5f5 c8f5 g5g6 f5g6 f1f7,0.2184913158416748
M1,2,BO9nf,4,failed,False,False,f8g8 d2h6 g8g1 h6c1 g1c1 b1c1 h3h6 f3f4,0.27384090423583984
M1,2,MBXkW,4,solved,True,True,c5d4 d3h7 g8h8 e5f7 f8f7 e1e8 f7f8 e8f8,0.10576105117797852
M1,2,XF4dJ,4,solved,True,True,f8g8 e3h6 f5h7 h6h7 h8h7 g3h3 e5h5 h3h5,0.10289216041564941
M1,2,bPaZR,5,failed,False,False,g8f7 h8f8 f7f8 e4e5 h3f3 e5e6 h6h2 h1h2 f3h5,0.20792698860168457
M1,2,ChUtd,4,solved,True,True,g4e5 c6e7 g8h8 h1h7 h8h7 c1h1 c8h3 h1h3,0.10385012626647949
M1,2,ZRij9,4,failed,False,False,c2a4 d8f8 a4b5,0.01906609535217285
M1,2,QTPqa,5,failed,False,True,e4e5 c6c7 c8c7 d5e7 c7c1,0.052060842514038086
M1,2,IrFba,4,solved,True,True,f8a3 c2c8 b7c8 c1c8 f6d8 c8d8 a3f8 d8f8,0.10239100456237793
M1,2,03CZE,4,solved,True,True,e5f4 h1h7 h8h7 f3h1 c8h3 h1h3 h7g7 h3h6,0.10225367546081543
M1,2,YvUnq,4,failed,False,False,e7a3 g6e6 a8c8 h5f7 g8f7 e6e7 f7e7 d1h1,0.2720029354095459
M1,2,rxcNQ,4,failed,False,True,a7a6 h1h7 h8h7 d1h1 h7g7 h1h7 g7h7 e6f7,0.21763110160827637
M1,2,wyffn,4,failed,False,False,a7b6 c1c8 d8c8 b5d7 c8d7 g2g4 h8c8 h2h4,0.2782621383666992
M1,2,RRjnl,4,failed,False,True,g7g6 g4e6 g8h8 d7h7 h8h7 e6g6 h7g6 e1e8,0.21514606475830078
M1,2,3aNqS,4,solved,True,True,c6c2 f7g7 g8g7 d7d8 a8d8 d6d8 g7g8 b2f6,0.10206794738769531
M1,2,wg4LL,4,failed,False,False,g6h5 g2g4 f6g4 e5g4 h8f8 g4f6 f8f6 f2e3,0.2697169780731201
M1,2,pSHsU,4,solved,True,True,d5e6 f5h6 g8g7 f2f6 g7f8 f6f7 e6f7 f1f7,0.10554289817810059
M1,2,EmJVq,4,failed,False,False,g7f8 c3d5 c4d5 d6d8 f8c5 d1d4 c5d4 g1g2,0.2755258083343506
M1,2,L43X4,5,solved,True,True,d8f8 b7f7 f8f7 a7a8 f6e8 a8e8 f7f8 f1c4 g8h8 e8f8,0.1317739486694336
M1,2,TVwpx,5,failed,False,True,f7f5 h2h8 g8f7 h8g8 f7g8 h1h8 g8h8 g5g6 a6a2 b1c1,0.25008416175842285
M1,2,qUHE0,5,failed,False,True,c8c6 b4f8 h8h7 c4g8 h7g6 f8f7 g6g5 f7g7 f5g7 h2h4,0.18821001052856445
M1,2,lDQlx,4,solved,True,True,g8f8 d2b4 c6c5 b4c5 d7d6 c5d6 f8g8 e1e8,0.10236597061157227
M1,2,navmb,4,failed,False,True,e6g6 f7h7 h8h7 g4g6 h7g6 f1f7 g6f7 g2g3,0.21717500686645508
M1,2,WlWa2,4,solved,True,True,b3b6 f4f7 f8f7 c7c8 b6d8 c8d8 f7f8 d8f8,0.10106897354125977
M1,2,EhhrH,4,failed,False,False,c8c7 b7c8 d8c8 e2d2 c7c6 d2d7 f5f2 g1h1,0.27006077766418457
M1,2,9HdRF,4,solved,True,True,a8a3 b3f7 f8f7 c1c8 b5e8 c8e8 f7f8 e8f8,0.1030890941619873
M1,2,rmy5O,4,failed,False,True,b8b3 h1h8 g8h8 e5f6 e7f6 b2f6 d7a4 f6g7,0.2180192470550537
M1,2,DxtiN,4,failed,False,True,d3e4 h5f7 e7d6 f7d7 d6c5 d7e8 e4f4 g7g4,0.21858501434326172
M1,2,AyPHY,4,failed,False,False,g7h8 b4d4 e5d4 g4g8 h8g8 d1d2 c2c1 d2d1,0.21683788299560547
M1,2,TDhM5,4,failed,False,False,g8g7 h3h6 g7h6 d3f5 g4f5 f3g5 c3c2,0.18691301345825195
M1,2,iwPGB,4,solved,True,True,e7g5 c7f7 f8f7 b1b8 g5d8 b8d8 f7f8 f1f8,0.1044471263885498
M1,2,frvMh,4,failed,False,False,a8b8 h6h7 h8h7 g1h1 g8h8 f3h5 f4f3 h2g1,0.276749849319458
M1,2,UCem1,4,failed,False,False,e4f3 e2e7 c5e7 e1d1 g6f7 h1h2 h8e8 h2h4,0.2781360149383545
M1,2,dqX1c,4,failed,False,True,b3e6 c8h8 h7g6 g7f6 g6f6 h8f8 e6f5 f8g8,0.22147893905639648
M1,2,Q2O0t,4,failed,False,False,g8h7 g5g7 h7g7 a5b5 a6b5 a3b4 f8c8 a4a5,0.2797539234161377
M1,2,nbKQm,4,failed,False,True,d7e6 f3f7 e6d6 f7d5 d6e7 d5e6 e7e6 f1f7,0.12162327766418457
M1,2,Bpycp,4,failed,False,False,h2h5 f7g5 h6g5 f8h8 h7h8 e1f2 e7d7 f2f3,0.27306389808654785
M1,2,6mQX4,4,solved,True,True,d8g5 f3f7 f8f7 a1a8 g5d8 a8d8 f7f8 f1f8,0.10349702835083008
M1,2,fFEqQ,5,solved,True,True,c7d7 g2g7 g8g7 f2g2 g7h7 e6g6 h7h8 g6h6 f7h7 h6f8,0.13179898262023926
M1,2,hGgEA,4,failed,False,False,f5c2 c6c8 c2b1 g1h2 b1f5 g3g6 f5g6 c8h8,0.2729618549346924
M1,2,bCKKu,4,failed,False,False,c8g8 f7g8 h8g8 a6a8 g8f7 a8f8 f7e6 h6g7,0.2706477642059326
M1,2,bPqPV,4,failed,False,False,f8c8 c4c6 f6c6 b1b8 c8b8 e1e8 b8e8 a3a4,0.27680110931396484
M1,2,zHWds,4,failed,False,False,c8c1 b1b8 g8f7 a6c8 e1f1,0.1051321029663086
M1,2,9gfca,4,failed,False,True,e7c5 g4e6 f8f7 e6f7 g8h8 e5g6 e4g6 f7f8,0.1617281436920166
M1,2,GSGmi,4,solved,True,True,g6e5 h5h7 h8h7 f3h3 e8h5 h3h5 h7g8 d5e7,0.10332703590393066
M1,2,LffW0,4,solved,True,True,c7a5 d5e7 g8h8 h4h7 h8h7 d1h1 g4h5 h1h5,0.10321998596191406
M1,2,y59Dl,4,solved,True,True,h8g8 f5h7 g8h8 h7g6 h8g8 h6h7 g8f8 h7f7,0.10255789756774902
M1,2,R9rJu,4,failed,False,True,d4d3 g5g6 h7g6 h5g6 f7f8 e6e7 d3d2 e7f7,0.16380596160888672
M1,2,XTzgz,4,solved,True,True,e3b6 f5e7 g8h8 f1h1 f6h7 h1h7 h8h7 d1h1,0.10110807418823242
M1,2,qJcSs,4,failed,False,False,h6h5 e7g6 f7g6 h2h3 g7c3 h3h5 g6h5 h1h5,0.2709159851074219
M1,2,lNje2,4,failed,False,False,d5c4 d3d7 c5b5 b1c1 b5a4 d2d6 c7d6 d7d8,0.2739129066467285
M1,2,S2Wzk,4,failed,False,False,d1d7 e7e8 g7f8 e2e6 d7f7 e8f8 g8f8 f3a8,0.2675480842590332
M1,2,Lj2rB,4,solved,True,True,d7e6 h1h8 g8h8 f1h1 f4h2 h1h2 h8g8 h2h7,0.10385775566101074
M1,2,Zav7V,4,failed,False,False,a4a2 d5g8 g6g8 e4e8 g8e8 e1e8 b8a7 e8a8,0.2751789093017578
M1,2,VkYtg,4,failed,False,False,d5d1 b4d6 f8f3 a3b2 d1d4 c2c3 d4c3 b2b1,0.19934391975402832
M1,2,lRpfQ,4,failed,False,False,g7h6 e7f6 e8e3 f2f4 e3e1 g1g2 c8c2 g2f3,0.21000909805297852
M1,2,SWmZR,4,solved,True,True,g4e3 b7f7 f8f7 b3b8 c2c8 b8c8 f7f8 f1f8,0.10263299942016602
M1,2,3GqYo,5,failed,False,False,b2a2 f5h3 f6h5 h3h4 f8f1,0.10493683815002441
M1,2,SFdWT,4,failed,False,True,f8e8 h5h8 g8f7 g6e5 f7f6 h8g7 f6g7 e5g6,0.1594407558441162
M1,2,ckmOr,4,failed,False,False,e4d4 g7a7 h3c3 c6c3 d4c3 a7a4 c3c2 a4b4,0.2708280086517334
M1,2,13GNC,5,failed,False,True,f5e3 g4g7 g8g7 h5g6 g7g6 a1g1 g6h5 g1g4 b5f1 g4g1,0.28144407272338867
M1,2,eks8o,4,failed,False,False,e8e1 h2h6 g7a7,0.020455121994018555
M1,2,SGKIc,4,failed,False,True,f8f7 e7g6 h7g6 e1e8 f7f8 d4h4 h8g8 h4h8,0.1634519100189209
M1,2,ofvgi,4,failed,False,False,f7f6 h6f7 e8h8 h3f5 e5h2,0.10806083679199219
M1,2,FjFUR,4,solved,True,True,c8c2 e1e8 g8h7 e8h8 h7h8 f4h6 h8g8 h6g7,0.10753774642944336
M1,2,v7okF,4,failed,False,False,d8d4 c7c8 f5c8 c5c6 d4d1,0.1047220230102539
M1,2,nwYuU,4,failed,False,True,g8g2 f3f7 e8d8 f7f8 d8d7 f1f7 d7c6 f8c8,0.10193085670471191
M1,2,ehs1l,4,solved,True,True,e4e5 b3f7 f8f7 d4d8 e5e8 d8e8 f7f8 f1f8,0.1034083366394043
M1,2,te6WQ,4,failed,False,False,c4a4 e7e5 d4e5 h4h5 e5g3 f5f6 a4d4 f6f5,0.2736630439758301
M1,2,ydK9T,5,failed,False,False,h8c8 e7f8 f6e4 f8c8 b8c8 f7c7 c8c7 g5e7 c4c3 e7d6,0.35894083976745605
M1,2,d5mtE,4,solved,True,True,b8b4 h1h8 g8h8 e1h1 f6h4 h1h4 h8g8 h4h7,0.10168600082397461
M1,2,BSKIV,4,failed,False,True,d7c8 b7f7 g8h8 f7f8 g7f8 f1f8 d6f8 g5g6,0.22063398361206055
M1,2,KzaW7,4,solved,True,True,b2b1q g7g8 f8f7 g1g7 f7e6 g8e8 c6e8 g7e7,0.1042931079864502
M1,2,6molv,4,failed,False,True,f6f5 b7g7 g6f6 a7a8 f6g7 a8a7 g7g6 a7g7,0.2205369472503662
M1,2,mRvyG,4,failed,False,True,a4a3 d8h8 h7g6 h8h7 g6h7 b8g8 f7g6 g8h8,0.2163679599761963
M1,2,aX79S,4,failed,False,False,h6h5 d2h6 h7h6 d5f4 g3f4 c1c2 e8e4 h1g1,0.2728908061981201
M1,2,1lxvG,4,failed,False,False,f4g3 e8e3 e2e3 d5f4 g3f4 g2g3 f4g3 f1b1,0.22774100303649902
M1,2,rKZet,4,solved,True,True,a8a7 f3f7 f8f7 b7b8 a5d8 b8d8 f7f8 f1f8,0.10300207138061523
M1,2,KGC5O,4,failed,False,False,c8f8 d7f7 f8f7 f4g4 f7g7 g4g7 g8g7 g3g4,0.2697908878326416
M1,2,r7D8Q,4,failed,False,False,b2b1 c4b4 b1c2 b4b6 h1h4 b6f6 h4f6 e7d7,0.2769019603729248
M1,2,thO1D,4,failed,False,False,c3e1 h6h7 g8h7 g5h6 h7h6 h3h4 f7f6 g2g3,0.27064013481140137
M1,2,vQeWI,4,failed,False,True,e4f5 c5f8 g8f8 e3e8 f8e8 c1a3 f5f4 a3e7,0.22030282020568848
M1,2,tEa4B,4,failed,False,False,g7h6 b7f7 c3c2 g2h1 c2h2,0.07928109169006348
M1,2,Z83eu,4,solved,True,True,c4d4 g5h5 g6h5 g1g7 g8g7 d2h6 h7g8 h6g7,0.1030271053314209
M1,2,JUMSE,4,failed,False,True,h6g5 h5h8 g8h8 g3h3 e6h3 f2f4 f6f4 e3f4,0.2153470516204834
M1,2,NVUXz,4,failed,False,False,h6h5 e1h1 h5g6 h1h6 g6h6 e6c7 e2e1q g3h3,0.19856500625610352
M1,2,CZppM,4,solved,True,True,e7f8 h6h7 g8h7 f3h3 f8h6 h3h6 h7g8 h6h8,0.10498499870300293
M1,2,R5Pr1,4,solved,True,True,f8f7 a7a8 e5b8 a8b8 f7f8 f3d5 g8h8 b8f8,0.10279989242553711
M1,2,R23XZ,4,solved,True,True,f7e6 g4e6 e8f7 e6f7 g8h8 f7f8 a8f8 f1f8,0.1025090217590332
M1,2,2jYX5,4,failed,False,True,e3c3 e1e8 g8f7 f3e5 f7e8 f1f8 e8f8 e5f7,0.16216397285461426
M1,2,qCO74,4,failed,False,True,g5g4 f8f3 g4h4 f3f4 h4h5 f4g4 h5g4 g2g3,0.16430306434631348
M1,2,GwQJZ,5,failed,False,False,b3c3 g3d6 c4d6 f7f8 d7f8 f1f8 d8e7 f8g8 c3e1,0.2753579616546631
M1,2,RJsfa,4,failed,False,False,a2b1 e2e6 f6e6 f1c4 a1b2 c4e6 g8h8 e6c8,0.2790400981903076
M1,2,t2fbr,4,solved,True,True,b4d2 d5f7 f8f7 c1c8 d2d8 c8d8 f7f8 f3f8,0.10301494598388672
M1,2,XFPHh,4,failed,False,True,e5b2 e2a6 b7c7 a6a7 a8b7 a7b7 c7b7 a3a6,0.10431313514709473
M1,2,Nyf8z,4,failed,False,False,g5f6 f5e7 g8h8 b2f6 a5a2 b1c1 c5b3 c1d1,0.1790173053741455
M1,2,OSZvG,4,failed,False,False,d7e8 g3g7 f6g7 c7g7 g8h8 g7g8 h8g8 e5f6,0.27573084831237793
M1,2,SlAsE,5,failed,False,True,e6f6 d1d7 e8f8 d7f7 f6f7 c3b4 f8g8 e5g6 h7g6 b4c5,0.3053469657897949
M1,2,1755Q,4,solved,True,True,c8c7 a3a8 c7c8 a8c8 d7c8 e1e8 f6f8 e8f8,0.10503602027893066
M1,2,SLAwI,4,failed,False,False,c4b3 g5e7 g7c3 d2d3 b3a2 e7f6 c3f6 d7d8,0.27852892875671387
M1,2,NTcZB,5,solved,True,True,g8h8 d1h5 h8g8 g5g6 d7f6 e5f6 f8f6 h5h7 g8f8 h7h8,0.129713773727417
M1,2,QIrX9,4,failed,False,True,d6e5 b3f7 g6h6 f7g6 h6g6 g5f7 e5f4 f7e5,0.2204279899597168
M1,2,sNkQ4,4,solved,True,True,e8e4 b3f7 g8h8 f7f8 d8f8 f5f8 a8f8 f1f8,0.10421204566955566
M1,2,iWwLs,4,failed,False,False,d4a4 d1d8 c6d8 f1f6 h3h1 f6f1 h1f1 a1b2,0.25115013122558594
M1,2,ripDa,4,failed,False,False,a6c5 d6d7 c5d7 f7g6 f4g6 h5g6 h7g6 d1c2,0.26989006996154785
M1,2,U39nw,4,solved,True,True,c7c6 d5e7 g8h8 h1h7 h8h7 d1h1 c8h3 h1h3,0.10578036308288574
M1,2,vTDeI,4,failed,False,True,e2f2 h8g7 h6h5 g7f6 f2g2 g1h1 g2h2,0.08222317695617676
M1,2,pLClq,4,failed,False,True,d7e6 a7e7 e6f5 e7e5 f5g4 e5g5 g4g5 g3h4,0.16167092323303223
M1,2,k0a0N,4,failed,False,True,e1f2 c6c8 g8h7 g5g6 f7g6 f5g6 h7g6 c8e6,0.10518813133239746
M1,2,5VpR0,4,solved,True,True,c8e6 d5e7 g8h8 h4h7 h8h7 f1h1 e6h3 h1h3,0.10426592826843262
M1,2,rXzve,4,failed,False,True,g7g6 g2g6 f7g6 g1g6 g8f7 h6h7 f7e8 h7e7,0.22243499755859375
M1,2,qkdj5,4,solved,True,True,d7f5 d1d8 e7d8 f4d6 d8e7 d6e7 f8g8 e7e8,0.10194921493530273
M1,2,aehlj,4,failed,False,False,e8f7 g6g7 d7d1 g1d1 b7c6 g7f8 a3f8 d1d8,0.2756838798522949
M1,2,cLJ2Y,4,failed,False,False,c3d2 b3f7 g8f7 g2g7 f7f6 e1e7 d2d1q f1g2,0.2794623374938965
M1,2,iIrNE,5,failed,False,False,h8g7 d2c3 h1d1,0.019431114196777344
M1,2,EZ52V,4,solved,True,True,h8g8 g6h7 g8f7 d3g6 f7e7 h7g7 f8f7 g7f7,0.10414505004882812
M1,2,aNtI8,4,failed,False,False,g8h8 g5f7 e7f7 d1h1 h8g8 h1h8 g8h8 c1h1,0.27312684059143066
M1,2,TIbIM,5,solved,True,True,f6b6 c4f7 f8f7 a7a8 f7f8 f3d5 b6e6 d5e6 g8h8 a8f8,0.1312401294708252
M1,2,Hwy5O,4,failed,False,False,b8b7 b3e6 b7a8 e7g6 h7g6 b1b3 a3a6 h2h3,0.2723729610443115
M1,2,YABfN,4,solved,True,True,e3c2 h3h6 g7h6 f3h3 h6g7 h3h7 g7g8 e4f6,0.10371923446655273
M1,2,ZTlcV,4,solved,True,True,e3e2 f5f7 g8h8 f7f8 e8f8 f4f8 a8f8 f1f8,0.10277414321899414
M1,2,bF5s4,4,failed,False,True,f8f7 b1b8 a5d8 b8d8 f7f8 d7e8 f8f1,0.07801318168640137
M1,2,ygKA1,4,failed,False,True,g8h7 h3h6 g7h6 h1h6 h7h6 b3f7 e5e1,0.1337449550628662
M1,2,9tZwZ,4,solved,True,True,a8a2 g4h6 g8h8 h6f7 f8f7 g5d8 f7f8 d8f8,0.10426187515258789
M1,2,Uc1Ym,4,solved,True,True,e7e4 c4f7 g8h8 f7f8 e8f8 f4f8 d6f8 f1f8,0.10343289375305176
M1,2,BOqve,5,solved,True,True,e2f2 d5e7 g8h8 h1h7 h8h7 a1h1 f2h2 h1h2 g4h5 h2h5,0.13032817840576172
M1,2,4gC8A,4,failed,False,False,a2e2 h5h6 g7g8 e6g6 h7g6 h6h7 g8h7 c7a7,0.12814021110534668
M1,2,FLsj1,4,failed,False,False,b6b5 d7d8 a8d8 d1d8 f6d8 a2f7 g8f7 h2h4,0.2756378650665283
M1,2,kYosg,4,failed,False,False,h6g5 e5e8 d8e8 c6g6 f7g6 h5g6 d2d6 g6g5,0.21989011764526367
M1,2,w17mH,4,failed,False,False,b3b2 f4h4 f7f6 g6f8 f6f8 g2g6 d4g1 h1g1,0.28321003913879395
M1,2,Z7xEU,4,failed,False,True,f3e2 f5e7 g8h8 h1h7 h8h7 g1h1 e2h5 h1h2,0.10217809677124023
M1,2,abnJL,4,solved,True,True,c6b4 g4g7 f6g7 g3g7 g8h8 g7g8 f8g8 e5f7,0.10257101058959961
M1,2,BkHlF,5,solved,True,True,f4f2 d5e7 g8h8 h1h7 h8h7 a1h1 g4h3 h1h3 f2h4 h3h4,0.13311505317687988
M1,2,UZ1XA,4,solved,True,True,d7b5 h4h7 g8h7 f2h2 f8h6 h2h6 h7g8 h6h8,0.10341882705688477
M1,2,0KzLJ,4,failed,False,False,a3a2 f7f8 g7f8 f1f7 b2g7 d3e4 g7f7 e4g6,0.2721741199493408
M1,2,lNXwT,4,failed,False,True,g6h7 g2g7 h7h8 g7h7 h8h7 e7f7 h6f7 a2a4,0.21901202201843262
M1,2,xHggV,4,solved,True,True,f2d1 c4f7 f8f7 c7c8 f7f8 a6c4 g8h8 c8f8,0.1027061939239502
M1,2,VW5A4,4,failed,False,False,e1e2 f6g6 g8f7 g6g7 f7g7 h5f7 g7f7 a3a4,0.22292304039001465
M1,2,pkJ54,5,failed,False,True,b1d1 a4a7 b8c8 a7a8 c8d7 a8b7 f6d5 b7c7 d7c7 c5d6,0.24635720252990723
M1,2,b0xJg,4,failed,False,True,e3d2 h1h7 h8h7 a1h1 d2h6 h1h6 h7h6 f3g5,0.15955805778503418
M1,2,ZMk9g,4,failed,False,False,g7h6 e5h8 d8h8 c4h4 h6g7 h4h7 h8h7 f2f3,0.2735271453857422
M1,2,JguGt,4,solved,True,True,e7f7 h5f7 f8f7 c1c8 b6d8 c8d8 f7f8 f3f8,0.10592794418334961
M1,2,vAmBy,5,failed,False,False,g5f4 g7g8 f8g8 c4g8 a8g8 f5h4 f4e3 g1f1 e3e2 f1g1,0.2700779438018799
M1,2,mzeG1,4,solved,True,True,e6e5 h4h5 h7g8 h5h8 g8h8 g5h6 h8g8 h6g7,0.10493588447570801
M1,2,Klpjh,4,solved,True,True,e7a3 c7f7 g8h8 f7f8 a3f8 f2f8 a8f8 f1f8,0.10139822959899902
M1,2,7v2pJ,4,solved,True,True,d4d2 f2f7 f8f7 a1a8 b2b8 a8b8 f7f8 f1f8,0.10492682456970215
M1,2,Ia0fu,4,solved,True,True,g8h8 d6f7 h8g8 f7h6 g8h8 d5g8 a8g8 h6f7,0.10055208206176758
M1,2,Pt23e,4,failed,False,False,f8f7 g4g6 f7g6 d8g8 c5f2 g8e8 f5g3,0.17233991622924805
M1,2,gN73A,5,failed,False,False,e5e7 f1f7 f8f7 c7d7 e3g1,0.10396885871887207
M1,2,yTG39,4,failed,False,False,h7g6 d6f5 e6f5 g2g6 e5g6 c1h6 b8a8 g1g2,0.2782120704650879
M1,2,uNnW4,4,solved,True,True,e5e2 c7f7 f8f7 d1d8 e2e8 d8e8 f7f8 f1f8,0.10289192199707031
M1,2,3P4aK,4,failed,False,True,b7c6 b3b8 c8c7 b1b7 c7d6 b7d7 d6d7 e2b5,0.215590238571167
M1,2,hB8FR,4,failed,False,False,e5g6 g3h3 d6e5 h3h6 d5d2 c1b1 a3a2 b1a2,0.25234484672546387
M1,2,zIyZL,4,failed,False,True,d4d3 b1b8 c8b8 c2c5 d3f1,0.049054861068725586
M1,2,BNRnZ,4,failed,False,False,b6a5 a3b3 f2g2,0.020142078399658203
M1,2,dvDnD,4,solved,True,True,d8d2 b7f7 f8f7 c1c8 d2d8 c8d8 f7f8 d8f8,0.10484194755554199
M1,2,ZibI6,4,solved,True,True,g8h8 e2h5 h8g8 h5h7 g8f8 h7h8 e6g8 h8g8,0.10460186004638672
M1,2,NRfub,4,solved,True,True,c5e5 b3f7 f8f7 d1d8 e5e8 d8e8 f7f8 f1f8,0.10396695137023926
M1,2,lfZrQ,4,solved,True,True,b4c3 h6h8 g7h8 h1h8 g8h8 d2h6 h8g8 h6g7,0.10184597969055176
M1,2,1swa6,5,failed,False,True,h7g7 h1h7 g7h7 g3h3 h7g7 h3h6 e7g5 d3d2 g5d2 c1d2,0.24627900123596191
M1,2,XvM9l,4,failed,False,True,e6b3 h1h8 g8h8 d1h1 g7h5 d2h2 b3a4 c3b5,0.22215604782104492
M1,2,r1iUw,4,failed,False,False,e7c5 h6f6 c5d4 f6d4 e4e3 d4f6 e3e2 f6h6,0.2763960361480713
M1,2,M8rDN,4,failed,False,False,g6h5 g5g6 h7h6 a6c6 a3a2 c6c4 a1f1 c4f4,0.27120089530944824
M1,2,8QI1N,4,failed,False,True,h7g7 h6h7 g7h7 b3f7 b6f2 e2d1 f2e1,0.08040714263916016
M1,2,BADLU,4,failed,False,True,b2d4 g4f5 g7g6 f5f7 h7h6 c8h8 h6g5 f7f4,0.10237526893615723
M1,2,xLhHl,4,failed,False,False,h1g1 d6b8 b2b8 e3d4 b8b2 d4h8 g1f1,0.13410687446594238
M1,2,htgKx,4,failed,False,True,d6d5 h7h8 g8h8 g3h3 f4h3 g5f7 f8f7 f2f4,0.1694011688232422
M1,2,LMUVM,4,failed,False,True,d2d1 f3f7 g7h6 f7g8 e1f2 h1h2 h4g3,0.07941579818725586
M1,2,NBJY1,4,failed,False,False,e6f6 h1h6 g7h6 d8g8 g6h5 g8f7 f6f7 h7h6,0.2713930606842041
M1,2,ra10c,4,solved,True,True,g8h8 h1h7 h8h7 f1h1 e5h2 h1h2 d7h3 h2h3,0.10189104080200195
M1,2,dKdbs,4,solved,True,True,b4d3 g1g7 g8h8 g7h7 h8h7 f4f7 h7h8 f7g7,0.10548686981201172
M1,2,p3RTh,4,failed,False,True,b1b2 c3c8 a8c8 c1c8 g8h7 f4f7 b2f2,0.07479500770568848
M1,2,HiRHN,4,failed,False,False,c8b8 e7d8 b8d8 c3c8 d8c8 c1c8 e6c8 e2g4,0.25174999237060547
M1,2,7vJFd,4,failed,False,True,f6g6 f7g7 g6h5 b7f7 h5h4 g7h7 h4g4 h7h6,0.10349702835083008
M1,2,Ud3yF,4,solved,True,True,b5c6 g3b8 b6b8 b1b8 f6d8 b8d8 c6e8 d8e8,0.10287284851074219
M1,2,CfwMA,5,failed,False,False,h7g6 h4h6 g6h6 g5f7 f8f7 f1f6 f7f6 g2g3 c6g2,0.21985197067260742
M1,2,qSxmF,4,failed,False,True,g8h7 e1h4 e3h6 h4h5 g6h5 b8h8 h7h8 g2g4,0.11626005172729492
M1,2,rEUbZ,4,solved,True,True,e6c4 g3g7 g8g7 g2g7 h7h8 a7a8 f6e8 a8e8,0.10120701789855957
M1,2,dLjWe,4,failed,False,False,b8a8 d6b8 a8b8 a2a3 d1c2 c4c5 b6b5 e8d6,0.2713742256164551
M1,2,A3ucE,4,failed,False,True,h7g6 g4h4 h8g8 h4h8 g8h8 d2h6 g7h6 f5g6,0.2187519073486328
M1,2,kQd6f,4,solved,True,True,e2e3 g6h7 g8h8 d6f7 f8f7 d1d8 f7f8 d8f8,0.1062469482421875
M1,2,c6hA0,4,solved,True,True,f8f6 h1h8 g8h8 d1h5 h8g8 h5h7 g8f8 h7h8,0.10183095932006836
M1,2,C09Al,4,solved,True,True,b8a8 e6c7 a8b8 c7a6 b8a8 f4b8 d8b8 a6c7,0.10396003723144531
M1,2,mMxoZ,4,solved,True,True,a8c8 h6h7 g8h7 a1h1 g3h4 h1h4 h7g8 h4h8,0.10371994972229004
M1,2,zhiqo,4,solved,True,True,f6e4 h3h7 g8h7 d3h3 e7h4 h3h4 h7g8 h4h8,0.1026918888092041
M1,2,hmNOF,4,failed,False,False,h7g6 f3f5 b1f5 f8h8 d6d3 g3g2 f5f3 g2g1,0.18233704566955566
M1,2,F9AtD,5,failed,False,False,f6g5 f4g5 g1g5 f7h7 h6h7 e6f7 g5g1 f7g6 g1g6 h3h4,0.26447105407714844
M1,2,jZSNF,5,failed,False,False,b7a7 d5b7 b8b7 a1b1 h8h1 b1a1 b4b3 c2d2 b3b2 d2e3,0.26871800422668457
M1,2,aqt4y,5,solved,True,True,e8e3 d1h5 h8g8 h5h7 g8f8 h7h8 f8e7 h8g7 e7e6 g7f7,0.13224291801452637
M1,2,hGPl0,5,failed,False,False,h7h6 d7f7 a2f7 c7c8 f7f1,0.10526084899902344
M1,2,nZ1wl,5,failed,False,False,a3g3 g2c6 g3h2,0.019430160522460938
M1,2,x2cO6,5,failed,False,True,g8f7 g4h5 g7g6 h5h7 f5g7 h7g7 f7g7 f6h5 g6h5 g5g6,0.24861598014831543
M1,2,13qoZ,5,failed,False,True,c3d4 d3h7 g8f8 h7h8 f8e7 h8g7 d4g1 h2g2 b7b6 g7f7,0.24564194679260254
M1,2,bejqV,5,failed,False,False,a4f4 c3c8 f4f2 g1h1 f2f3 h1h2 g4g3 h2g1 f3f2 g1h1,0.2685680389404297
M1,2,gysZN,5,failed,False,True,a8d8 d1d6 f6g5 h2h4 g5h5 e1e4 f7f6 e4f4 d7e5 f3g3,0.24854397773742676
M1,2,KcLdf,5,failed,False,True,e5g4 f7h6 e3h6 c7f7 g8h8 f7f8 g7f8 f1f8 h6f8 g2f3,0.24710607528686523
M1,2,Sj5PL,5,solved,True,True,d2c3 f2f7 f8f7 a7a8 d3d8 a8d8 e5e8 d8e8 f7f8 f1f8,0.13221287727355957
M1,2,9d05D,5,failed,False,True,f6g5 f2f3 e4d4 e3f5 e6f5 f3f4 g5f4 e2e1 f4g3 c2c3,0.30362486839294434
M1,2,tm4c9,5,failed,False,False,a8d8 c3f6 e8e1,0.019659996032714844
M1,2,INUWE,5,failed,False,False,f5g4 c4f7 f8f7 e2e7 g4f3,0.05253291130065918
M1,2,lbYYf,5,solved,True,True,d7d6 f5f7 g8h8 e7e8 d8e8 e1e8 a8e8 f7e8 d6f8 e8f8,0.1322948932647705
M1,2,t1dL2,5,failed,False,False,g6e6 c1c7 c8c7 a4a5 b6a5 f2f4 e6e3 g1g2 e3g3 g2h1,0.3578369617462158
M1,2,LkIYK,5,failed,False,False,h6h4 f2c5 d6c5 b2b4 g4g3 d5d6 e7c6 d6c7 b8c7 b7b8q,0.35804176330566406
M1,2,Y4Y6t,5,failed,False,False,f8e7 h4f4 d8h8 f4f7 e7e8 f7f8 h8f8 f1f8 e8f8 g2g3,0.3623981475830078
M1,2,91KQs,5,failed,False,False,b5c6 b7g7 h6g7 h4f5 g7f8 f5d6 f1g2,0.19373703002929688
M1,2,0CYaa,5,failed,False,True,a5c7 h1h7 h8h7 e6h3 h7g6 h3h5 g6h5 g5g6 c7c2 c1g5,0.2979240417480469
M1,2,wZWPs,5,failed,False,False,b5d3 g4g7 e5g7 f5e7 g8h8 e7g6 h7g6 f1f3 d3e4 f3f4,0.35143113136291504
M1,2,uSzIy,5,failed,False,False,d7f6 e6f6 f8f6 h5e8 c8h3 e8g6 f6g6 g2g4 c7f7 a1a2,0.3295559883117676
M1,2,mLGJu,5,failed,False,True,h7g6 f5e7 g6h6 g5f7 h6g7 f1f6 g7f6 f7d6 c2d1,0.2194821834564209
M1,2,Z4xKn,5,failed,False,False,c8b7 f8d6 g3g1 c3c1 g1c1 a1a2 d7d6 a3a4 d6b4 b2b3,0.3290228843688965
M1,2,M8AGJ,5,failed,False,True,c6d4 h6g7 g8g7 h4h7 g7h7 g5f7 h7f7 h3h4 d4f5 f1f2,0.3001711368560791
M1,2,H99Xx,5,failed,False,False,c7f4 e2h5 f4c1 e6e1 c1e1,0.08849000930786133
M1,2,tSJ5x,5,solved,True,True,a5a4 e6e8 a8e8 e1e8 g8h7 f3f5 g7g6 f5f7 d4g7 f7g8,0.13145017623901367
M1,2,5QhCb,5,failed,False,False,c6d5 e7e6 f5e6 c1c8 a8c8 e3b6 e6b6 f3f4 e5f4 g3f4,0.35672497749328613
M1,2,BEbnT,5,failed,False,False,g8h8 g5h6 f8g8 h6g7 g8g7 h4h7 g7h7 g2g3 b4c2 f1f4,0.3578522205352783
M1,2,8w26u,5,failed,False,False,g6h5 g2g4 g7g4 g1f1 c4c1 d6d1 c1d1 f1e2 b4e1 e2f3,0.2754361629486084
M1,2,fjcH6,5,failed,False,False,c5d4 f4b8 a3b3 b1c1 e8b8 d1h1 b8c8 c1d2 c8c2 d2d1,0.2784159183502197
M1,2,bN81B,5,solved,True,True,d7d3 h2h8 g7h8 h1h8 g8h8 c3e5 f7f6 e5f6 h8g8 f6g7,0.13205409049987793
M1,2,8eA8t,5,solved,True,True,c6b8 a8b8 c8b8 a1a8 b8a8 f5a5 a8b8 a5a7 b8c8 a7a8,0.13169384002685547
M1,2,Xgfa1,5,failed,False,False,h8e8 e3g5 f6g5 g1g5 d7d5 g5g8 e8g8 c4d5 h2d6 e1f1,0.3563392162322998
M1,2,9jjpc,5,failed,False,False,f5g4 e5f7 g4f3 g2f3 f8f7 f3e4 g5f5 e4e3 f5e5 e3d2,0.35953712463378906
M1,2,PpHU1,5,failed,False,False,a3c1 b3b8 e1h1 h2g3 c1e1 g3f3 e1e3,0.10326886177062988
M1,2,f6JCI,5,failed,False,True,d6d2 e7g7 g8h8 g7g8 h8g8 g5g6 h7g6 g2g3 e2f4 f2f3,0.250521183013916
M1,2,NyVHG,5,solved,True,True,c5c1 f3f7 f8f7 d7d8 f7f8 b7d5 e1e6 d5e6 g8h8 d8f8,0.13184595108032227
M1,2,laSoq,5,failed,False,False,f6f5 f7g7 c8c2 h5f6 d5c4 d3e3 f2f3,0.13505005836486816
M1,2,57meS,5,failed,False,True,h6h5 g4h5 g5g4 h3h4 g4f3 c6d5 f3f2 d5d6 f4f3 d6d7,0.3070671558380127
M1,2,3iqEX,5,solved,True,True,a6c4 e7e8 g8g7 a3f8 g7f6 f8h8 f6f5 h8e5 f5g4 e5g5,0.13042593002319336
M1,2,S2vng,5,solved,True,True,c3a1 g4c8 c6e8 c8e8 f7f8 c2b3 c5c4 b3c4 g8h8 e8f8,0.13311100006103516
M1,2,LIhXS,5,failed,False,False,e4d3 f5e7 d6e7 e2h5 e7g5 h5h7 g8h7 f2f3 b8g3 g1h1,0.3607501983642578
M1,2,LWIrl,5,failed,False,True,d5f4 h7h8 f8e7 h8g7 g4g7 c1c6 g7g2 f1e1 g2g1 e1d2,0.30674028396606445
M1,2,UocrA,5,solved,True,True,e8g8 d5e7 g8h8 h1h7 h8h7 a1h1 f3h4 h1h4 g4h5 h4h5,0.1295170783996582
M1,2,aFgpt,5,failed,False,True,g6d3 c6d5 g8h8 d6f7 f8f7 d5d8 b6d8 f1d1 b2e2 d1d2,0.24730920791625977
M1,2,iiQLi,5,failed,False,False,c7e5 h6h7 c4e2 h7h8 g8h8 g5h7 e2d1 h7f6 e5e1,0.2733650207519531
M1,2,qefz1,5,solved,True,True,f8g7 g1g7 g8f8 g7g8 f8g8 e2g4 g8f8 g4g7 f8e8 g7g8,0.13301610946655273
M1,2,klux9,5,failed,False,True,a1c1 f7g7 g8h8 g7h7 h8h7 g5g6 h7g6 f4g5 c1g1 g5f6,0.193101167678833
M1,2,in0DY,5,failed,False,False,f8f7 d5f7 e7f7 h1h8 g8h8 g5f7 h8h7 f7g5 h7h6 g5f7,0.3589668273925781
M1,2,1dLBs,5,failed,False,False,f5f4 g2g3 f4g4 f2f3 g4h5 e5f5 h5g6 f5d5 d2g5 d5f5,0.359921932220459
M1,2,DEa6t,5,failed,False,True,f8e8 e4f6 g8f8 e1e8 d8e8 c2f5 e8e1,0.1364459991455078
M1,2,XWp70,5,solved,True,True,d8h4 c7f7 f8f7 a6a8 g4c8 a8c8 h4d8 c8d8 f7f8 f1f8,0.13178324699401855
M1,2,Ff9ij,5,failed,False,True,d1h1 e5g7 h8g8 e3e6 h1h2,0.050169944763183594
M1,2,e2I1J,5,solved,True,True,h6f5 d6e6 g8h8 e5f7 f8f7 e6c8 b5e8 c8e8 f7f8 e8f8,0.1304638385772705
M1,2,OxaTE,5,solved,True,True,f6h5 c3c8 b5e8 c8e8 g8h7 f3f5 g7g6 f5f7 h5g7 f7g8,0.13318181037902832
M1,2,61Tza,5,solved,True,True,d7c6 f3f7 f8f7 c7c8 c6e8 c8e8 f7f8 h3e6 g8h8 e8f8,0.12999701499938965
M1,2,7Tvo2,5,solved,True,True,a8f8 d3h7 g8h8 b2g7 h8g7 c2g6 g7h8 f1f8 d7f8 g6g8,0.13234901428222656
M1,2,t0k2I,5,solved,True,True,e7e5 f4f7 g8h8 f7f8 e8f8 f3f8 h8h7 f1f7 h7h6 f8h8,0.13078594207763672
M1,2,33yNm,5,failed,False,False,f7f2 h4h8 b8h8 h3g4 c2f5,0.05332517623901367
M1,2,RmXqC,5,failed,False,False,f7g8 h5f7 g8f7 c1h1 c3d1 b2b1 d4b2,0.18026018142700195
M1,2,1JlV1,5,failed,False,True,h3g5 g6g7 h8g8 b1h7 g5h7 d6e6 b2b1q e6e7 b1g6 e7d8,0.26560211181640625
M1,2,G5CVQ,5,failed,False,True,g8g7 f6g7 h8g8 f4f6 a6b5 f6e7 e8e7 h5f7 e7f7 a1d1,0.30208587646484375
M1,2,gX5lj,5,solved,True,True,a8e8 h2h6 h8g8 h6h8 g8h8 e7h4 g7h6 h4h6 h8g8 h6h7,0.13121914863586426
M1,2,wMLax,5,failed,False,False,g8f8 e4e5 g3f2 g1h2 d4e5 e1e5 f2f4 g2g3 d8d2 h2g1,0.32044100761413574
M1,2,yKDWu,5,failed,False,True,b8d7 g5f6 h5g6 f6g7 c7c6 c4e6 f7e6 g7f6 c5e3 g2d2,0.30492281913757324
M1,2,a04VG,5,failed,False,True,a2a1 f6g6 f7g6 f3f8 g8g7 f2f7 g7h6 f8h8 h6g5 f7f4,0.19611310958862305
M1,2,mN4Bf,5,failed,False,False,g4h2 a2a3 b4b3 a7h7 e5e4 c8a8 e4e3 d2d1 e3e2 d1c1,0.32264018058776855
M1,2,lWqQA,5,failed,False,True,g3g2 f5f6 g7h8 a6a8 g2g8 h5h6 b3g3 a4f4 g3g6 h6h5,0.2468719482421875
M1,2,Mx4wp,5,solved,True,True,h7h6 e7f7 f8f7 e1e8 f7f8 f3d5 h3e6 d5e6 g8h8 e8f8,0.1323528289794922
M1,2,eBBm6,5,failed,False,True,b4c6 e2e6 f7f6 e6f6 g6h5 f6h6 h5h6 a3a4 a8f8 h1h2,0.24446320533752441
M1,2,hPYO8,5,failed,False,False,g8f8 f6h8 c8c1 e4e1 c1e1,0.055773019790649414
M1,2,55XNq,5,solved,True,True,b1h1 c3f6 c2g6 f6f8 h6h5 g2g4 h5h4 f8h6 g6h5 h6h5,0.1302180290222168
M1,2,C6cQC,5,failed,False,False,b7a6 f4c7 e8e1 g1f2 g2g1q,0.05406808853149414
M1,2,TcdQg,5,failed,False,False,f2f3 e6e8 g8g7 e1e7 f3h1,0.10479593276977539
M1,2,Z3UHV,5,failed,False,False,g7g6 d1g1 e5f5 f3f5 e6f5 g1g2 d8h8 g2h2 h8h2 h1g1,0.3544301986694336
M1,2,xw7Dv,5,failed,False,True,g7g6 h1h6 g6h6 g1h1 h6g6 h1h7 d3d1,0.1358041763305664
M1,2,U67bD,5,solved,True,True,g2b7 g1g7 g8h8 g7g8 h8g8 d1g1 b7g2 g1g2 e6g4 g2g4,0.12993478775024414
M1,2,8lKFD,5,solved,True,True,e8f8 c6e7 g8h8 d6f7 f8f7 c7c8 f6e8 c8e8 f7f8 e8f8,0.13052701950073242
M1,2,mVE37,5,failed,False,True,f5g4 f2f3 g4h5 g3g4 h5h4 g4g5 h4h5 g5g6 a8g8 h2h3,0.29896020889282227
M1,2,T8KSQ,5,failed,False,False,f4g5 h3h4 g5h4 f3f4 g6g5 g2g3 h4g3 a2a6 b6a6 f4g5,0.3630030155181885
M1,2,y4QNr,5,failed,False,True,b5a4 f4f7 f8f7 b7b8 a4e8 b8e8 f7f8 e8f8 g8f8 e4h7,0.19114017486572266
M1,2,XPX1f,5,failed,False,True,c6c2 g1g6 f7g6 f4h6 e2d1,0.0475308895111084
M1,2,BvypN,5,failed,False,False,g6f5 h6h7 f5h7 h5f6 h8f6 f3g3 h7g6 g3g5 f6g5 g2g3,0.3590662479400635
M1,2,MtQzL,5,failed,False,True,c4c3 d1d8 b4f8 d8f8 g8f8 e3h6 f8e8 h6h5 g6h5 f1e1,0.24419689178466797
M1,2,DRRge,5,failed,False,True,b3b2 e5g4 h6h5 c7h7 h5g4 h2h3 g4g3 h7h4 b2b1q,0.1678173542022705
M1,2,0TDcA,5,failed,False,False,e4f3 f5e7 e8e7 g1g4 f3f2 e3f3 b7f3 g4g2 f2f1q,0.22695207595825195
M1,2,i9oTw,5,solved,True,True,e8f7 f1f7 f8f7 c7c8 b5e8 c8e8 f7f8 g4e6 g8h8 e8f8,0.1292858123779297
M1,2,NxTqy,5,failed,False,False,d8c8 b7c7 c8c7 b1b7 c7b7 f6e4 a6a2 f2e1 c3c1,0.2748570442199707
M1,2,K7qyp,5,failed,False,True,b5b4 f6f8 b8b7 f8c8 b7c8 e4d6 c7d6 c3b5 b2e2 e3f4,0.2991349697113037
M1,2,H6vzK,5,failed,False,True,g4f6 c5e6 g7h8 d7d8 f6g8 d8c8 a1h1 h3g4 h1h5,0.10729479789733887
M1,2,SZ2q3,5,failed,False,True,h7g6 d8g8 g6h5 h8h7 c2c1q g2f1 c6b5 h7h6 h5h6 g8d8,0.258929967880249
M1,2,0CbHm,5,failed,False,False,d4e3 e5g6 f7g6 f4g6 h8h7 g6f8 h7g8 b1h7 g8f8 h7h8,0.36287426948547363
M1,2,MrbfS,5,failed,False,True,b3b2 e2e7 f7g8 e7e8 g8g7 e1e7 g7h6 e8f8 h8f8 e7h7,0.18745088577270508
M1,2,2qNag,5,solved,True,True,d3f4 f5e7 g8h8 d6f7 f8f7 b7b8 c2c8 b8c8 f7f8 c8f8,0.13088297843933105
M1,2,Yxy1D,5,failed,False,True,d4c4 f7h6 g8g7 f5f6 f8f6 e1e7 d5e7 h6f7 c4f1,0.2223038673400879
M1,2,9NxUO,5,solved,True,True,b2e5 d6f7 f8f7 d5d8 c6d8 d1d8 e5e8 d8e8 f7f8 e8f8,0.1326138973236084
M1,2,YcqHj,5,failed,False,True,c5d4 b1d1 d4e3 d1d3 e3d3 c7c2 a4a1 c2c1 a1c1 f1f2,0.3068559169769287
M1,2,fI74U,5,solved,True,True,b7e4 f7f6 e4g6 f6f8 h6h5 g2g4 h5h4 f8h6 g6h5 h6h5,0.13100123405456543
M1,2,5XaER,5,failed,False,False,d4b6 c1c6 b7c6 a5a6 h6d2 a6a7 b6a7 e2d3 d2f2 g1h2,0.30460691452026367
M1,2,euP7A,5,solved,True,True,g6f4 d3h7 g8h8 g5f7 f8f7 e3e8 f7f8 e8f8 f6g8 f8g8,0.13076114654541016
M1,2,tMD2S,5,failed,False,True,h8g8 h6g6 g8h8 g6h5 h8g7 a1g1 g7f6 h5g5 f6e6 g5e5,0.18944311141967773
M1,2,X9AlZ,5,failed,False,True,b6c6 h4h6 g7h6 h1h6 h8g7 h6h7 g7f6 h7f7 f6g5 f7f6,0.1877748966217041
M1,2,njaH6,5,failed,False,True,g4f3 c7h7 h8h7 c4f7 h7h8 f7g7 h8g7 g3e5 h3g2,0.10555076599121094
M1,2,SgS1S,5,failed,False,False,c3d3 e7e6 d7e6 h1h8 g7h8 f3g5 b2d2 g2f1 b7c8 g5e6,0.3314650058746338
M1,2,WEFzE,5,failed,False,False,f6d4 f1f2 d8e7 g5f7 f8f7 h6f8 f7f8 c1h6 f8f2 h6f8,0.3652489185333252
M1,2,3hWrt,5,failed,False,True,c2c1q e1e7 f7f6 g4g5 f6f5 e7e5 f5f4 e5f5 g6f5 e8e4,0.2012007236480713
M1,2,mJzIB,5,solved,True,True,g8h8 e1h1 h8g8 h1h8 g8h8 b1h1 h8g8 h1h7 g8f8 h7h8,0.13030195236206055
M1,2,lW83D,5,failed,False,False,e4e3 g3g6 f7g6 h5g6 b2g2,0.10382509231567383
M1,2,RZrBB,5,failed,False,False,g5g3 d5e7 g8f8 d1h5 f2d3 e1f1 g3f2,0.19037294387817383
M1,2,WnrOE,5,failed,False,False,g8h7 f1f7 h7g8 f7f8 g8f8 h4g6 f8g7 c8e8 g3e1,0.24616503715515137
M1,2,Af0Kt,5,solved,True,True,b3d3 h4h5 g6h7 d5f6 h7h8 a7a8 d6c8 a8c8 d3d8 c8d8,0.13192200660705566
M1,2,IFnYq,5,solved,True,True,c5d4 d3g6 h7g6 e6g6 e8f8 f3g5 d8e8 g5e6 f8g8 g6g7,0.13164019584655762
M1,2,xGFTN,5,failed,False,False,a8g8 f7g7 g8g7 e6f7 g7f7 d6f7 b6e6 f7d6 e6e5 g2g3,0.3625209331512451
M1,2,7VFVW,5,failed,False,False,f3e2 b5a5 d7c6 a5a8 b8a8 b1a1 d8d3 a1a2 c6c1 g1h2,0.3589820861816406
M1,2,QaHho,5,failed,False,False,h2f4 h6g7 g8g7 e4c5 b8e5 c5d7 e5f5 d7b6 a7b6 f1a1,0.3631618022918701
M1,2,HDBSs,5,solved,True,True,b2a3 c6e7 g8h8 e5f7 f8f7 c5c8 f6e8 c8e8 f7f8 e8f8,0.13215112686157227
M1,2,BVO6o,5,failed,False,False,e7e8 c3h8 f4e3,0.01997995376586914
M1,2,3Ekrz,5,solved,True,True,e4f4 h2h8 g8h8 d2h2 g4h5 h2h5 h8g8 h5h7 g8f8 h7h8,0.13312268257141113
M1,2,5uHu6,5,solved,True,True,e6b3 d3b5 a5c6 b5c6 b7c6 d2d7 e8f8 d7d8 a8d8 d1d8,0.13142609596252441
M1,2,SsOsw,5,solved,True,True,f6h4 b7f7 f8f7 a7a8 h4d8 a8d8 f7f8 f5e6 g8h8 d8f8,0.13211989402770996
M1,2,7calb,5,failed,False,False,b6b8 a8b8 c7b8 g4h4 g7g6 h4h5 g6h5 f5f6 b8f4 f2g2,0.3611257076263428
M1,2,hzz2R,5,failed,False,True,c7c6 h3h8 g7h8 d5f7 f8f7 g6g7 f6f1 g1f1 f7f1 c3d1,0.2547159194946289
M1,2,LuAg6,5,failed,False,False,a5a4 f8f6 f5f6 f2f4 f6f4 g3g2 a4a3 h3h4 a3a2 h4h5,0.36700892448425293
M1,2,GZ2A0,5,solved,True,True,a8f8 e7e6 g8h8 e5f7 f8f7 e6c8 e3e8 c8e8 f7f8 e8f8,0.12942194938659668
M1,2,ApRxi,5,failed,False,False,e6c5 b3e6 c5e6 h8f8 e6f8 e1h4 g6g5 h4g5 f6g5 c3c4,0.36474609375
M1,2,kfA5W,5,failed,False,False,d3c2 f4f7 d6f7 g6f7 f8f7 b1b8 c2c1q f2f1 c1f1 g1f1,0.35559606552124023
M1,2,veA7y,5,failed,False,False,a8b8 b7f7 e6f7 d1d5 d6a3 d5d7 f7g8 d7d8 c8d8 h1g1,0.3020808696746826
M1,2,wFsKv,5,failed,False,True,d7c6 c2h7 g8f8 h7h8 f8e7 h8g7 c6f3 g7f7 e7f7 b1g6,0.3108642101287842
M1,2,6ZJx1,5,failed,False,True,a8g8 h6g7 g8g7 f7f8 g7g8 f1f7 h4g5 f7g8 g5g8 f8g8,0.24907898902893066
M1,2,IP2aZ,5,failed,False,False,c8c1 h5g6 h7g6 h6h7 a2e2 g2g3 c1c3,0.15071892738342285
M1,2,CitXu,5,solved,True,True,g7f6 h3h8 g8g7 e3h6 g7h8 h6g7 h8g8 h1h8 g8g7 d2h6,0.13632488250732422
M1,2,cSzwm,5,failed,False,False,a6a3 d8f8 g8f8 c7e7 b2c3 f3f2 c3b2 f2f1 a3a1,0.22327899932861328
M1,2,rFVHs,5,solved,True,True,f4h4 g3g6 f7g6 g1g6 g8f7 b2g7 f7e8 g6e6 h4e7 g7e7,0.1307659149169922
M1,2,OQZ84,5,failed,False,False,c7b8 f7g7 h4d4 e1e3 d4g7 e6d6 b8b7 e3e8 c8e8 d6c7,0.372758150100708
M1,2,97S6K,5,failed,False,False,e3c1 g6g7 g8g7 e2c4 f2b6 c4f7 b6e3 c3b4 a7a5 b4a4,0.36987900733947754
M1,2,FojuG,5,solved,True,True,d7b5 f4f7 f8f7 c5c8 d3d8 c8d8 b5e8 d8e8 f7f8 f1f8,0.12939906120300293
M1,2,YGsIr,5,failed,False,True,g3b3 g1g7 g8g7 h5g5 g7h8 g5h4 b3d5 h1g1 f8g8 h4g4,0.31057262420654297
M1,2,PsUTK,5,failed,False,False,e8e2 d6f7 e2e1 g1f2 a6e2,0.05133795738220215
M1,2,gnJ8m,5,failed,False,False,f8g8 g3g7 g8g7 h6g7 h8g8 d1c1 e4e3 c1f1 e3e2 f1f8,0.36794328689575195
M1,2,kLCcO,5,solved,True,True,h6h1 e3e7 f7g6 e8g8 g6h6 g4g5 h6h5 e7h7 f6h6 h7h6,0.13753008842468262
M1,2,obzzO,5,solved,True,True,f8g8 g3g8 b8g8 g1g8 h8g8 a7a8 f6d8 a8d8 e6e8 d8e8,0.13114714622497559
M1,2,yBlVm,5,solved,True,True,e8g7 g1g7 g8f8 g7g8 f8g8 d3g3 g8f8 g3g7 f8e8 g7h8,0.12860393524169922
M1,2,KkOil,5,failed,False,True,d8d7 h3h8 g8h8 e6h6 g7h6 e2h5 d6f5 g5g6 d7g7 h5h6,0.3054940700531006
M1,2,pRMlF,5,failed,False,False,e5f5 h5h8 g6h8 h3h8 g8h8 g5g6 f5f4 a4b6 d8g5 b5e8,0.362382173538208
M1,2,nmrxb,5,failed,False,False,f4d2 g2g7 f5h3,0.019719839096069336
M1,2,LYDzo,5,failed,False,False,f8e7 h8g7 c3g7 f1f7 e7f7 b1g6 f7e7 g6f7 d2d1 g1h2,0.36557888984680176
M1,2,xl4O5,5,failed,False,False,h8h7 g5h5 h7g6 g2e4 g6h5 g3g4 h5g5 h3h4 g5g4 e4f5,0.369077205657959
M1,2,aNzCr,5,solved,True,True,f1e1 e4g6 h7h8 g6h6 f7h7 c6c8 e1e8 c8e8 f2f8 e8f8,0.12904024124145508
M1,2,PwUXS,5,failed,False,False,f8f7 f5e7 f7e7 f3f7 e7f7 c2c4 g1c1,0.13656187057495117
M1,2,cvzLh,5,failed,False,False,a3a2 g7g8 a2b3 e4c3 b3c3 g3g4 a6e2,0.1328420639038086
M1,2,cKI0l,5,failed,False,True,a8a2 e7g7 g6h5 g7h7 d5g2,0.049848079681396484
M1,2,LhQlK,5,failed,False,True,c5c3 h5h7 g8f8 h7h8 g6h8 h2h8 f8e7 f1f6 c3e1 c2d1,0.30679988861083984
M1,2,xIH8c,5,failed,False,False,g6f7 f5d7 f7f8 d7e7 f8e7 g2g4 c4d3 g4g5 a8g8 g5g6,0.36505913734436035
M1,2,9IWo3,5,failed,False,False,c7c2 d3d5 c2c1 d1c1 f2b2,0.053999900817871094
M1,2,wxhog,5,failed,False,False,f8c8 h4h5 c8c1 g3e1 a2c4 f1g1 c1e1 g1f2 c4f1 f2g3,0.3681960105895996
M1,2,I2Z1W,5,failed,False,False,a6b6 c5c7 h7c7 e8a8 a7a8 c1a1 c7a7 a1a7 a8a7 h1h2,0.35929179191589355
M1,2,omdGx,5,failed,False,False,c6c4 h2h6 c7b7 b1a1 c4a4,0.05015993118286133
M1,2,X5eEt,5,failed,False,True,e8d8 f2f8 d8f8 f1f8 g8f8 h2d6 g5h5 d6b8 e7e8 b8e8,0.24949312210083008
M1,2,3B2ft,5,solved,True,True,c6f3 e1e8 g8h7 f1d3 f3e4 d3e4 f7f5 e4f5 g7g6 e8h8,0.1265552043914795
M1,2,PYP9f,5,failed,False,False,e8d8 f7f8 h8f8 g7g8 h2f2 e1d1 f2f1,0.135725736618042
M1,2,TyGDz,5,failed,False,True,h6h5 f7h7 g6h6 e3f3 h5g6 h4h5 g6h7 f3d5 d8d5 f2f3,0.30416297912597656
M1,2,8I95K,5,solved,True,True,h6g5 f5g5 g8f8 g5g7 f8e8 g7g8 e8d7 g8f7 d7d6 f7e7,0.13047504425048828
M1,2,4sMLN,5,failed,False,False,b4c3 h6h7 g8h7 g3h5 e5d3 c2d3 c3b2 c1b1 c7c2,0.2760148048400879
M1,2,SViB2,5,failed,False,True,h5f4 c1c8 g8g7 c8f8 a2g2,0.04802823066711426
M1,2,u6Nm7,5,failed,False,False,g5h5 e5g6 f8e8 h8h7 h5h7 g6e5 e7c5 e5f7 c7g3 f7d6,2.6878998279571533
M1,2,rx3CA,5,solved,True,True,a4a2 f3f7 f8f7 d7d8 f7f8 f1c4 h6e6 c4e6 g8h8 d8f8,0.15668487548828125
M1,2,9XPZz,5,failed,False,False,g2f2 d1g1 f2g2 g1g2 f3g2 h1g1 f8d8 d4g4 g8f8 g4g8,0.4220097064971924
M1,2,AEMJD,5,failed,False,True,d3f4 c3c7 c8c7 b1b7 c7c8 b7c7 c8c7 a3a4 g6g2,0.1812911033630371
M1,2,XA2eK,5,failed,False,False,h7h6 g5h5 h6g7 h5h6 g7f6 h6h7 f6e7 e2e5 d6e5 h7g7,0.3661057949066162
M1,2,N5Gcd,5,failed,False,True,d6e5 f4f7 e7e8 g4e5 d7d5 f7d7 g5g3 g1f1 d5e5 d7f7,0.2728569507598877
M1,2,oUdNx,5,failed,False,True,e8e5 d6f7 f8f7 d5d8 b6d8 d1c1 f7f3 d3d4 h2f4,0.17531704902648926
M1,2,JUk12,5,failed,False,True,f6f2 d3d6 c7c8 d6b8 c8b8 d1d6 g2h2,0.08437514305114746
M1,2,N4hGv,5,failed,False,True,g6h6 c3f6 h6h7 f3g5 h7g8 f6f7 f8f7 g5e6 b6e6 g2g3,0.259230375289917
M1,2,o8GJt,5,failed,False,True,e5c7 d8h8 h6g5 f2f4 e4f3 h3h4 g5g4 h8d4 f5f4 d4f4,0.13921880722045898
M1,2,e0Ims,5,solved,True,True,c3e1 b7f7 f8f7 a7a8 f7f8 e4d5 e2e6 d5e6 g8h8 a8f8,0.13167476654052734
M1,2,6IHi0,5,failed,False,False,d4c6 a4a7 a8a7 e3d5 b6c5 d5b6 a7a1 e1f2 h6f4 f2e2,0.28426313400268555
M1,2,d3Nub,5,failed,False,True,g6g5 f4f6 c2g6 f6f8 g6g7 f8f4 g5f4 h4h5 c3c2 f2f3,0.3032979965209961
M1,2,bGWnQ,5,failed,False,False,b8a8 f2f7 b5c6 d4c4 a2a1 c1b2 a8a2,0.16180729866027832
M1,2,XXnHB,5,solved,True,True,a3e7 h1h8 g8h8 f1h1 h8g8 h1h8 g8h8 d1h1 h8g8 h1h7,0.13356971740722656
M1,2,ysMWx,5,failed,False,False,h7h8 c1c8 h8h7 c8h8 h7h8 h5e8 e5e8 h2g3 b1e4 g3h2,0.3590571880340576
M1,2,BdBWT,5,failed,False,True,d7f6 d3d8 e6c8 d8c8 b8c8 d1d8 c8d8 e4d6 b6b1,0.2191150188446045
M1,2,KID1i,5,failed,False,True,f1d3 d6f5 e7d7 b4e7 d7c8 f5d6 d8d6 e7c7 c8c7 c4c5,0.2506277561187744
M1,2,5hFUV,5,solved,True,True,g8g7 h7h8q g7h8 b1h1 e2h2 h1h2 h8g7 h2h7 g7f6 h7f7,0.13162708282470703
M1,2,WgCFR,5,failed,False,False,e6f5 g2g4 f5g4 h2h3 g4g3 d6d3 h8d8 a3b4 d8d3 e3e2,0.3593730926513672
M1,2,gEbkY,5,failed,False,True,f8e8 f5g7 e8f8 g7e6 f8e8 h6g7 e2f1q g1f1 d7e6 g7f8,0.25063395500183105
M1,2,jSwtC,5,failed,False,False,b7g2 a4a8 g2g1 f5f1 g1f1 d1d2 f1g2 d2c1 g2c2,0.2767298221588135
M1,2,ZbdA5,5,failed,False,False,d7c8 b6a7 c8c7 a7a8 d5d4 a8a7 d4e3 a7a6 e3e2 a6a7,0.3656809329986572
M1,2,UM60x,5,solved,True,True,b3c1 h6g7 h8g7 h5h6 g7h6 g1h1 e7h4 h1h4 h6g7 h4h7,0.13031411170959473
M1,2,VHLmb,5,solved,True,True,b8b2 h5f7 f8f7 a7a8 b2b8 a8b8 g5d8 b8d8 f7f8 f1f8,0.13030409812927246
M1,2,JOEK6,5,solved,True,True,a8f8 g4h6 g8h8 h6f7 f8f7 g3b8 b7c8 b8c8 f7f8 c8f8,0.12952208518981934
M1,2,5TqPW,5,failed,False,False,f6c3 e3c5 f8g8 e6e8 d7f8 e1e7 c7c5 e8f8 a8f8 e7f7,0.3619968891143799
M1,2,LWoJx,5,solved,True,True,g8h8 d1h5 h8g8 h5h7 g8f8 h7h8 f8e7 h8g7 f6f7 g7f7,0.13034987449645996
M1,2,7FvPL,5,failed,False,False,b7c6 c1c6 d8d1 g1f2 c7f4 f2e2 f4d2,0.09666895866394043
M1,2,G7QVH,5,failed,False,True,d4c4 g1g7 g8h8 g7g8 h8g8 d1g1 b7g2 g1g2 c4g4 c3g7,0.1317460536956787
M1,2,sJe6o,5,failed,False,True,b6d4 h7h8 f8e7 e2h5 g6h5 h8e8 e7f7 e4d6 f5d6 e8f8,0.30658888816833496
M1,2,Ee48r,5,failed,False,False,h5h2 e7g7 g8g7 d4g4 e6g4 g1g4 g7h8 g4g5 a2a1,0.22519707679748535
M1,2,Y8WK9,5,failed,False,True,e6f6 h2h6 g3g6 h6g6 f6g6 c7g7 g6g7 e1e7 e8e7 h1h2,0.19073987007141113
M1,2,B2ZCj,5,failed,False,False,h6h2 g4c8 c2c8 f4f6 g5f6 g1g8 f8g8 a4e8 h2b2 a2a1,0.2780187129974365
M1,2,sm1C1,5,failed,False,False,f5e7 d8f8 b7h1,0.01996016502380371
M1,2,Yg3ZH,5,solved,True,True,h5e2 g3g7 g8h8 g7g8 h8g8 a1g1 d6g3 g1g3 e2g4 g3g4,0.13436603546142578
M1,2,g98bi,5,failed,False,False,d3d2 a8c8 e2e1q g1e1 d2e1q,0.05178499221801758
M1,2,lPSHz,5,failed,False,False,a7a6 f7c7 e5b5 c7c8 d8c8 a4b5 d3b5 f1c1 c8c1,0.2709770202636719
M1,2,UDHjt,5,solved,True,True,h4g2 d5e7 g8h8 h2h7 h8h7 a1h1 g2h4 h1h4 f4h5 h4h5,0.13138318061828613
M1,2,dZrPH,5,failed,False,False,f7e8 a3f8 a1a2 f2f1 b7b1,0.053685903549194336
M1,2,eHHNc,5,failed,False,False,h8e8 a5c6 b8b7 e1e8 h2f2,0.05471920967102051
M1,2,7NV69,5,failed,False,False,g8g3 c3e5 d6e5 c1g5 e7e6 g5e7 e2g2,0.13939619064331055
M1,2,9En7w,5,solved,True,True,a4b2 h1h8 g8h8 d1h1 h8g8 h1h8 g8h8 c1h1 h8g8 h1h7,0.1299121379852295
M1,2,KiNcJ,5,failed,False,False,g8h8 d6f7 f8f7 d5d8 g5d8 d1d8 a8d8 f1f7 b2c2 f7f8,0.29285407066345215
M1,2,cHUb8,5,solved,True,True,d8f8 f4f7 f8f7 c7c8 f7f8 g2d5 e2e6 d5e6 g8h8 c8f8,0.13302183151245117
M1,2,gD4i0,5,failed,False,False,c6d4 h5f7 g8f7 g5g7 f7f6 g7g5 b1c2,0.19019508361816406
M1,2,64uIK,5,failed,False,False,f8e8 h3h8 g8h8 d1h1 h8g8 h1h8 g8h8 c2b3 f6g4 b3d1,0.3574209213256836
M1,2,4mne6,5,failed,False,True,h8g8 f7g7 g8h8 g7g5 e6e5 c3d4 e5d4 g5e5 h2e5 e3d4,0.3048977851867676
M1,2,7eMrg,5,failed,False,False,e8g8 g5g7 g8g7 h6g7 e5g7 h1h7 h8h7 g1h1 d5h1 b1c2,0.35823726654052734
M1,2,tfUlD,5,failed,False,True,c7d8 f5g5 e5g6 f6g6 h7g6 g5g6 g8h8 g6h6 h8g7 h6h7,0.3017270565032959
M1,2,lz2lh,5,solved,True,True,g4e2 c4f7 f8f7 c1c8 d2d8 c8d8 e3e8 d8e8 f7f8 f1f8,0.1309807300567627
M1,2,66iky,5,failed,False,False,e4e2 f1f6 g6h5 f6h6 h5h6 c3f6 h6h5 f6f3 d5f3 a2a4,0.3056471347808838
M1,2,6ibzT,5,solved,True,True,c8c2 b7f7 f8f7 b5b8 c2c8 b8c8 h4d8 c8d8 f7f8 f1f8,0.13169312477111816
M1,2,LI2iZ,5,solved,True,True,g6g5 f4f6 f7g6 f6f8 h6h5 g2g4 h5h4 f8h6 g6h5 h6h5,0.13013911247253418
M1,2,nsUOv,5,failed,False,True,e7e3 f3f7 g8h8 f7g8 h8g8 g5g6 e3f3 g2g3 d3f1 g1h2,0.24710488319396973
M1,2,YSVNq,5,failed,False,True,f7g6 d7e8 g6f5 e8h5 g7g5 h5g5 f6g5 g3g4 f5g6 e3f2,0.15271210670471191
M1,2,XBii0,5,failed,False,True,h6g7 e3g5 h8g6 g5f6 g7f6 h5g6 d1e2 h2g1 d8d1,0.16700410842895508
M1,2,J92G1,5,failed,False,True,g8h8 f1h1 d6h2 h1h2 h8g8 h2h7 f6g6 h7h8 g8h8 d1h1,0.24683380126953125
M1,2,tBJwL,5,failed,False,False,a8d8 f1f7 e7f7 b6d8 h4e1 g1g2 h5f4,0.13541603088378906
M1,2,lceeZ,5,failed,False,True,a8e8 b7g7 g8g7 f1g1 e8e5 f5f6 f8f6 g2g3 c4d5 g1g2,0.2529869079589844
M1,2,pwU1U,5,failed,False,True,c7b7 h5h7 g8h7 g6h4 h7g8 h4g6 c6e4 g6e7 f7e7 d2h6,0.30493712425231934
M1,2,pgzZe,5,failed,False,False,f8e8 g3g4 d6c5 d2e3 e8e3 f5h6 g8f8 f1f6 c6f6 h6f5,0.3635530471801758
M1,2,5txLd,5,failed,False,True,f8e7 d4f5 e7e6 h8h6 d2h6 f5e7 c5c3 c2f5 e6e7 a4a5,0.2851698398590088
M1,2,fF00p,5,failed,False,True,h7g6 h5g6 g7f8 g6g7 d4g7 f2g2 g7a1 g1h2 f8f7 g2g8,0.3037869930267334
M1,2,bg5vX,5,failed,False,False,c3d4 c1c6 f8d7 c6c8 e8g8 b7c6 d4b2,0.19466900825500488
M1,2,6tcFH,5,failed,False,False,d8a5 h7h8 a5a1 b1c2 c6d4 c2c3 b2b1r c3d2 a1b2,0.22706890106201172
M1,2,lIjJV,5,solved,True,True,e6d5 h3h7 h8h7 f4h4 g5h5 h4h5 h7g6 h5h6 g6g5 f2f4,0.13088083267211914
M1,2,hfqzY,5,solved,True,True,e8e2 c1c8 f6e8 c8e8 e2e8 e1e8 f7f8 e8f8 g8h7 f8h8,0.1293790340423584
M1,2,cl4DD,5,failed,False,False,c3d2 e5f7 f8f7 c2g6 d2d1q g1d1 f7g7 d1h1 b7h1 h7g8,0.36229801177978516
M1,2,jK0K6,5,failed,False,True,f6e4 b3f7 f8f7 c7c8 f7f8 d1b3 a6c4 c8f8 g8f8 g2g3,0.19252705574035645
M1,2,1GsHc,5,failed,False,True,e1e4 d8g8 h8h7 h5f7 f6f7 g8e8 f7f2 e8g8 e4g2,0.2223491668701172
M1,2,68kEb,5,failed,False,False,d3d4 g5e7 f8e7 c1c7 d5c7 f5f6 h6f6 e5f6 g7f6 g4g5,0.30786800384521484
M1,2,a2TxH,5,failed,False,False,c8h3 d4c5 f8g7 e1e7 h3g2,0.09138178825378418
M1,2,oGteV,5,failed,False,False,e3e5 f5f7 e7f7 b3f7 g8h8 d3h3 f8f7 h3h7 h8h7 f1f7,0.36628198623657227
M1,2,fgmvL,5,solved,True,True,b4b2 d5e7 g8h8 e5f7 f8f7 a1a8 b2b8 a8b8 f7f8 b8f8,0.14072227478027344
M1,2,CJfNH,5,solved,True,True,c2b2 f5f7 f8f7 a7a8 d2d8 a8d8 f7f8 g4e6 g8h8 d8f8,0.14289498329162598
M1,2,udngN,5,failed,False,True,g7g6 c7h7 h6g5 f3f4 g5f5 h7h6 b2g2 g3f3 g2a2 a7a5,0.3167128562927246
M1,2,9OsFv,5,failed,False,False,d7g4 f6h8 h7h8 b4f8 c1e3 g1h1 g4e4,0.09129905700683594
M1,2,ZWh6M,5,failed,False,False,d8e7 d2d7 c8d7 f4f5 b6b4 e1f1 b4d2 f7g6 d2f2,0.285017728805542
M1,2,S5t5i,5,failed,False,False,g7h8 f6h6 f7f6 h6h7 c7h7 h5h7 h8h7 h4h5 f6e5 f4h4,0.3694131374359131
M1,2,9sdNR,5,failed,False,True,g7h6 d4g7 h6h5 g7h7 h5g4 h7h3 g4f4 h3h4 f4e5 h4f4,0.19686388969421387
M1,2,gd7im,5,failed,False,True,d7d2 f8h8 h7g6 f4f5 g6h5 g2g4 h5h4 h8h6 h4g3 a1f6,0.14213299751281738
M1,2,J9RCx,5,failed,False,True,d7a4 e1e6 f6g5 f2f4 g5f4 g2g3 f4g3 e6e5 c8c4 e5e3,0.30890774726867676
M1,2,lNIgU,5,failed,False,True,g8g3 h3h6 h8g7 h6h7 g7f8 h7h8 g3g8 h8g8 f8e7 g8f8,0.13317394256591797
M1,2,q6Dtk,5,failed,False,False,h4g4 f6g6 d5e5 g6g5 e5g5 g2g3 c5c2 h2h1 g4g3 h1g1,0.2316138744354248
M1,2,rH6fk,5,failed,False,True,b8b1 g2g4 h5g6 f3g5 c3c6 e4e7 h7h6 e7f7 h6g5 f7g7,0.30396008491516113
M1,2,FAK7x,5,failed,False,False,h3g2 c2a2 e6a2 a8a6 e7c5 f2e2 c5e3 e2d1 a2b3 e1c2,0.3044118881225586
M1,2,VvuYG,5,solved,True,True,a8c8 h6g7 h8g7 h3h7 g7h7 d5f7 h7h8 g1h1 e7h4 h1h4,0.1311941146850586
M1,2,fXuxP,5,failed,False,False,c8d7 g7f6 f1f6 e7f6 h8g8 c3c4 a2g2,0.15282392501831055
M1,2,6jXzx,5,failed,False,True,d7b7 e2e6 g8f8 d2h6 e7g8 h1f1 e8e6 g2e4 g8h6 f1h1,0.30845022201538086
M1,2,VMYh0,5,solved,True,True,e3f1 e2h5 h8g8 h5h7 g8f8 h7h8 f8e7 h8g7 e7d6 g7e5,0.12976884841918945
M1,2,sEI2f,5,failed,False,False,a6b5 e3e7 b7d5 e7e4 d5e4 e8e4 g6e4,0.11657094955444336
M1,2,Lf1ix,5,failed,False,True,e5e1 g2g7 g8h8 g7h7 h8h7 g1h1 e1h1 a2a3 b4b3 b1a1,0.25745296478271484
